[2026-05-26 04:43:40] local.ERROR: SQLSTATE[23000]: Integrity constraint violation: 1062 Duplicate entry 'estomihifpsimatupang@gmail.com' for key 'users_email_unique' (SQL: insert into `users` (`name`, `email`, `password`, `status`, `toko_id`, `user_menu`, `updated_at`, `created_at`) values (estomihi, estomihifpsimatupang@gmail.com, $2y$10$MtwNQSa0nrmEkLlTte5ft.KQjDWDSs6704aIJ75YoyE8NXXG4Pifi, 1, ?, , 2026-05-26 04:43:40, 2026-05-26 04:43:40)) {"userId":2,"exception":"[object] (Illuminate\\Database\\QueryException(code: 23000): SQLSTATE[23000]: Integrity constraint violation: 1062 Duplicate entry 'estomihifpsimatupang@gmail.com' for key 'users_email_unique' (SQL: insert into `users` (`name`, `email`, `password`, `status`, `toko_id`, `user_menu`, `updated_at`, `created_at`) values (estomihi, estomihifpsimatupang@gmail.com, $2y$10$MtwNQSa0nrmEkLlTte5ft.KQjDWDSs6704aIJ75YoyE8NXXG4Pifi, 1, ?, , 2026-05-26 04:43:40, 2026-05-26 04:43:40)) at /home/berandah/subdomains/panel.berandahukum.com/vendor/laravel/framework/src/Illuminate/Database/Connection.php:678)
[stacktrace]
#0 /home/berandah/subdomains/panel.berandahukum.com/vendor/laravel/framework/src/Illuminate/Database/Connection.php(638): Illuminate\\Database\\Connection->runQueryCallback('insert into `us...', Array, Object(Closure))
#1 /home/berandah/subdomains/panel.berandahukum.com/vendor/laravel/framework/src/Illuminate/Database/Connection.php(472): Illuminate\\Database\\Connection->run('insert into `us...', Array, Object(Closure))
#2 /home/berandah/subdomains/panel.berandahukum.com/vendor/laravel/framework/src/Illuminate/Database/Connection.php(424): Illuminate\\Database\\Connection->statement('insert into `us...', Array)
#3 /home/berandah/subdomains/panel.berandahukum.com/vendor/laravel/framework/src/Illuminate/Database/Query/Processors/Processor.php(32): Illuminate\\Database\\Connection->insert('insert into `us...', Array)
#4 /home/berandah/subdomains/panel.berandahukum.com/vendor/laravel/framework/src/Illuminate/Database/Query/Builder.php(2882): Illuminate\\Database\\Query\\Processors\\Processor->processInsertGetId(Object(Illuminate\\Database\\Query\\Builder), 'insert into `us...', Array, 'id')
#5 /home/berandah/subdomains/panel.berandahukum.com/vendor/laravel/framework/src/Illuminate/Database/Eloquent/Builder.php(1547): Illuminate\\Database\\Query\\Builder->insertGetId(Array, 'id')
#6 /home/berandah/subdomains/panel.berandahukum.com/vendor/laravel/framework/src/Illuminate/Database/Eloquent/Model.php(1051): Illuminate\\Database\\Eloquent\\Builder->__call('insertGetId', Array)
#7 /home/berandah/subdomains/panel.berandahukum.com/vendor/laravel/framework/src/Illuminate/Database/Eloquent/Model.php(1016): Illuminate\\Database\\Eloquent\\Model->insertAndSetId(Object(Illuminate\\Database\\Eloquent\\Builder), Array)
#8 /home/berandah/subdomains/panel.berandahukum.com/vendor/laravel/framework/src/Illuminate/Database/Eloquent/Model.php(857): Illuminate\\Database\\Eloquent\\Model->performInsert(Object(Illuminate\\Database\\Eloquent\\Builder))
#9 /home/berandah/subdomains/panel.berandahukum.com/vendor/laravel/framework/src/Illuminate/Database/Eloquent/Builder.php(816): Illuminate\\Database\\Eloquent\\Model->save()
#10 /home/berandah/subdomains/panel.berandahukum.com/vendor/laravel/framework/src/Illuminate/Support/helpers.php(263): Illuminate\\Database\\Eloquent\\Builder->Illuminate\\Database\\Eloquent\\{closure}(Object(App\\Models\\User))
#11 /home/berandah/subdomains/panel.berandahukum.com/vendor/laravel/framework/src/Illuminate/Database/Eloquent/Builder.php(817): tap(Object(App\\Models\\User), Object(Closure))
#12 /home/berandah/subdomains/panel.berandahukum.com/vendor/laravel/framework/src/Illuminate/Support/Traits/ForwardsCalls.php(23): Illuminate\\Database\\Eloquent\\Builder->create(Array)
#13 /home/berandah/subdomains/panel.berandahukum.com/vendor/laravel/framework/src/Illuminate/Database/Eloquent/Model.php(1885): Illuminate\\Database\\Eloquent\\Model->forwardCallTo(Object(Illuminate\\Database\\Eloquent\\Builder), 'create', Array)
#14 /home/berandah/subdomains/panel.berandahukum.com/vendor/laravel/framework/src/Illuminate/Database/Eloquent/Model.php(1897): Illuminate\\Database\\Eloquent\\Model->__call('create', Array)
#15 /home/berandah/subdomains/panel.berandahukum.com/app/Http/Controllers/UserController.php(65): Illuminate\\Database\\Eloquent\\Model::__callStatic('create', Array)
#16 /home/berandah/subdomains/panel.berandahukum.com/vendor/laravel/framework/src/Illuminate/Routing/Controller.php(54): App\\Http\\Controllers\\UserController->store(Object(Illuminate\\Http\\Request))
#17 /home/berandah/subdomains/panel.berandahukum.com/vendor/laravel/framework/src/Illuminate/Routing/ControllerDispatcher.php(45): Illuminate\\Routing\\Controller->callAction('store', Array)
#18 /home/berandah/subdomains/panel.berandahukum.com/vendor/laravel/framework/src/Illuminate/Routing/Route.php(254): Illuminate\\Routing\\ControllerDispatcher->dispatch(Object(Illuminate\\Routing\\Route), Object(App\\Http\\Controllers\\UserController), 'store')
#19 /home/berandah/subdomains/panel.berandahukum.com/vendor/laravel/framework/src/Illuminate/Routing/Route.php(197): Illuminate\\Routing\\Route->runController()
#20 /home/berandah/subdomains/panel.berandahukum.com/vendor/laravel/framework/src/Illuminate/Routing/Router.php(693): Illuminate\\Routing\\Route->run()
#21 /home/berandah/subdomains/panel.berandahukum.com/vendor/laravel/framework/src/Illuminate/Pipeline/Pipeline.php(128): Illuminate\\Routing\\Router->Illuminate\\Routing\\{closure}(Object(Illuminate\\Http\\Request))
#22 /home/berandah/subdomains/panel.berandahukum.com/app/Http/Middleware/CheckBlockedIp.php(22): Illuminate\\Pipeline\\Pipeline->Illuminate\\Pipeline\\{closure}(Object(Illuminate\\Http\\Request))
#23 /home/berandah/subdomains/panel.berandahukum.com/vendor/laravel/framework/src/Illuminate/Pipeline/Pipeline.php(167): App\\Http\\Middleware\\CheckBlockedIp->handle(Object(Illuminate\\Http\\Request), Object(Closure))
#24 /home/berandah/subdomains/panel.berandahukum.com/vendor/laravel/framework/src/Illuminate/Routing/Middleware/SubstituteBindings.php(50): Illuminate\\Pipeline\\Pipeline->Illuminate\\Pipeline\\{closure}(Object(Illuminate\\Http\\Request))
#25 /home/berandah/subdomains/panel.berandahukum.com/vendor/laravel/framework/src/Illuminate/Pipeline/Pipeline.php(167): Illuminate\\Routing\\Middleware\\SubstituteBindings->handle(Object(Illuminate\\Http\\Request), Object(Closure))
#26 /home/berandah/subdomains/panel.berandahukum.com/vendor/laravel/framework/src/Illuminate/Auth/Middleware/Authenticate.php(44): Illuminate\\Pipeline\\Pipeline->Illuminate\\Pipeline\\{closure}(Object(Illuminate\\Http\\Request))
#27 /home/berandah/subdomains/panel.berandahukum.com/vendor/laravel/framework/src/Illuminate/Pipeline/Pipeline.php(167): Illuminate\\Auth\\Middleware\\Authenticate->handle(Object(Illuminate\\Http\\Request), Object(Closure))
#28 /home/berandah/subdomains/panel.berandahukum.com/vendor/laravel/framework/src/Illuminate/Foundation/Http/Middleware/VerifyCsrfToken.php(78): Illuminate\\Pipeline\\Pipeline->Illuminate\\Pipeline\\{closure}(Object(Illuminate\\Http\\Request))
#29 /home/berandah/subdomains/panel.berandahukum.com/vendor/laravel/framework/src/Illuminate/Pipeline/Pipeline.php(167): Illuminate\\Foundation\\Http\\Middleware\\VerifyCsrfToken->handle(Object(Illuminate\\Http\\Request), Object(Closure))
#30 /home/berandah/subdomains/panel.berandahukum.com/vendor/laravel/framework/src/Illuminate/View/Middleware/ShareErrorsFromSession.php(49): Illuminate\\Pipeline\\Pipeline->Illuminate\\Pipeline\\{closure}(Object(Illuminate\\Http\\Request))
#31 /home/berandah/subdomains/panel.berandahukum.com/vendor/laravel/framework/src/Illuminate/Pipeline/Pipeline.php(167): Illuminate\\View\\Middleware\\ShareErrorsFromSession->handle(Object(Illuminate\\Http\\Request), Object(Closure))
#32 /home/berandah/subdomains/panel.berandahukum.com/vendor/laravel/framework/src/Illuminate/Session/Middleware/StartSession.php(121): Illuminate\\Pipeline\\Pipeline->Illuminate\\Pipeline\\{closure}(Object(Illuminate\\Http\\Request))
#33 /home/berandah/subdomains/panel.berandahukum.com/vendor/laravel/framework/src/Illuminate/Session/Middleware/StartSession.php(63): Illuminate\\Session\\Middleware\\StartSession->handleStatefulRequest(Object(Illuminate\\Http\\Request), Object(Illuminate\\Session\\Store), Object(Closure))
#34 /home/berandah/subdomains/panel.berandahukum.com/vendor/laravel/framework/src/Illuminate/Pipeline/Pipeline.php(167): Illuminate\\Session\\Middleware\\StartSession->handle(Object(Illuminate\\Http\\Request), Object(Closure))
#35 /home/berandah/subdomains/panel.berandahukum.com/vendor/laravel/framework/src/Illuminate/Cookie/Middleware/AddQueuedCookiesToResponse.php(37): Illuminate\\Pipeline\\Pipeline->Illuminate\\Pipeline\\{closure}(Object(Illuminate\\Http\\Request))
#36 /home/berandah/subdomains/panel.berandahukum.com/vendor/laravel/framework/src/Illuminate/Pipeline/Pipeline.php(167): Illuminate\\Cookie\\Middleware\\AddQueuedCookiesToResponse->handle(Object(Illuminate\\Http\\Request), Object(Closure))
#37 /home/berandah/subdomains/panel.berandahukum.com/vendor/laravel/framework/src/Illuminate/Cookie/Middleware/EncryptCookies.php(67): Illuminate\\Pipeline\\Pipeline->Illuminate\\Pipeline\\{closure}(Object(Illuminate\\Http\\Request))
#38 /home/berandah/subdomains/panel.berandahukum.com/vendor/laravel/framework/src/Illuminate/Pipeline/Pipeline.php(167): Illuminate\\Cookie\\Middleware\\EncryptCookies->handle(Object(Illuminate\\Http\\Request), Object(Closure))
#39 /home/berandah/subdomains/panel.berandahukum.com/vendor/laravel/framework/src/Illuminate/Pipeline/Pipeline.php(103): Illuminate\\Pipeline\\Pipeline->Illuminate\\Pipeline\\{closure}(Object(Illuminate\\Http\\Request))
#40 /home/berandah/subdomains/panel.berandahukum.com/vendor/laravel/framework/src/Illuminate/Routing/Router.php(695): Illuminate\\Pipeline\\Pipeline->then(Object(Closure))
#41 /home/berandah/subdomains/panel.berandahukum.com/vendor/laravel/framework/src/Illuminate/Routing/Router.php(670): Illuminate\\Routing\\Router->runRouteWithinStack(Object(Illuminate\\Routing\\Route), Object(Illuminate\\Http\\Request))
#42 /home/berandah/subdomains/panel.berandahukum.com/vendor/laravel/framework/src/Illuminate/Routing/Router.php(636): Illuminate\\Routing\\Router->runRoute(Object(Illuminate\\Http\\Request), Object(Illuminate\\Routing\\Route))
#43 /home/berandah/subdomains/panel.berandahukum.com/vendor/laravel/framework/src/Illuminate/Routing/Router.php(625): Illuminate\\Routing\\Router->dispatchToRoute(Object(Illuminate\\Http\\Request))
#44 /home/berandah/subdomains/panel.berandahukum.com/vendor/laravel/framework/src/Illuminate/Foundation/Http/Kernel.php(166): Illuminate\\Routing\\Router->dispatch(Object(Illuminate\\Http\\Request))
#45 /home/berandah/subdomains/panel.berandahukum.com/vendor/laravel/framework/src/Illuminate/Pipeline/Pipeline.php(128): Illuminate\\Foundation\\Http\\Kernel->Illuminate\\Foundation\\Http\\{closure}(Object(Illuminate\\Http\\Request))
#46 /home/berandah/subdomains/panel.berandahukum.com/vendor/laravel/framework/src/Illuminate/Foundation/Http/Middleware/TransformsRequest.php(21): Illuminate\\Pipeline\\Pipeline->Illuminate\\Pipeline\\{closure}(Object(Illuminate\\Http\\Request))
#47 /home/berandah/subdomains/panel.berandahukum.com/vendor/laravel/framework/src/Illuminate/Pipeline/Pipeline.php(167): Illuminate\\Foundation\\Http\\Middleware\\TransformsRequest->handle(Object(Illuminate\\Http\\Request), Object(Closure))
#48 /home/berandah/subdomains/panel.berandahukum.com/vendor/laravel/framework/src/Illuminate/Foundation/Http/Middleware/TransformsRequest.php(21): Illuminate\\Pipeline\\Pipeline->Illuminate\\Pipeline\\{closure}(Object(Illuminate\\Http\\Request))
#49 /home/berandah/subdomains/panel.berandahukum.com/vendor/laravel/framework/src/Illuminate/Pipeline/Pipeline.php(167): Illuminate\\Foundation\\Http\\Middleware\\TransformsRequest->handle(Object(Illuminate\\Http\\Request), Object(Closure))
#50 /home/berandah/subdomains/panel.berandahukum.com/vendor/laravel/framework/src/Illuminate/Foundation/Http/Middleware/ValidatePostSize.php(27): Illuminate\\Pipeline\\Pipeline->Illuminate\\Pipeline\\{closure}(Object(Illuminate\\Http\\Request))
#51 /home/berandah/subdomains/panel.berandahukum.com/vendor/laravel/framework/src/Illuminate/Pipeline/Pipeline.php(167): Illuminate\\Foundation\\Http\\Middleware\\ValidatePostSize->handle(Object(Illuminate\\Http\\Request), Object(Closure))
#52 /home/berandah/subdomains/panel.berandahukum.com/vendor/laravel/framework/src/Illuminate/Foundation/Http/Middleware/PreventRequestsDuringMaintenance.php(86): Illuminate\\Pipeline\\Pipeline->Illuminate\\Pipeline\\{closure}(Object(Illuminate\\Http\\Request))
#53 /home/berandah/subdomains/panel.berandahukum.com/vendor/laravel/framework/src/Illuminate/Pipeline/Pipeline.php(167): Illuminate\\Foundation\\Http\\Middleware\\PreventRequestsDuringMaintenance->handle(Object(Illuminate\\Http\\Request), Object(Closure))
#54 /home/berandah/subdomains/panel.berandahukum.com/vendor/fruitcake/laravel-cors/src/HandleCors.php(37): Illuminate\\Pipeline\\Pipeline->Illuminate\\Pipeline\\{closure}(Object(Illuminate\\Http\\Request))
#55 /home/berandah/subdomains/panel.berandahukum.com/vendor/laravel/framework/src/Illuminate/Pipeline/Pipeline.php(167): Fruitcake\\Cors\\HandleCors->handle(Object(Illuminate\\Http\\Request), Object(Closure))
#56 /home/berandah/subdomains/panel.berandahukum.com/vendor/fideloper/proxy/src/TrustProxies.php(57): Illuminate\\Pipeline\\Pipeline->Illuminate\\Pipeline\\{closure}(Object(Illuminate\\Http\\Request))
#57 /home/berandah/subdomains/panel.berandahukum.com/vendor/laravel/framework/src/Illuminate/Pipeline/Pipeline.php(167): Fideloper\\Proxy\\TrustProxies->handle(Object(Illuminate\\Http\\Request), Object(Closure))
#58 /home/berandah/subdomains/panel.berandahukum.com/vendor/laravel/framework/src/Illuminate/Pipeline/Pipeline.php(103): Illuminate\\Pipeline\\Pipeline->Illuminate\\Pipeline\\{closure}(Object(Illuminate\\Http\\Request))
#59 /home/berandah/subdomains/panel.berandahukum.com/vendor/laravel/framework/src/Illuminate/Foundation/Http/Kernel.php(141): Illuminate\\Pipeline\\Pipeline->then(Object(Closure))
#60 /home/berandah/subdomains/panel.berandahukum.com/vendor/laravel/framework/src/Illuminate/Foundation/Http/Kernel.php(110): Illuminate\\Foundation\\Http\\Kernel->sendRequestThroughRouter(Object(Illuminate\\Http\\Request))
#61 /home/berandah/subdomains/panel.berandahukum.com/public/index.php(52): Illuminate\\Foundation\\Http\\Kernel->handle(Object(Illuminate\\Http\\Request))
#62 {main}

[previous exception] [object] (PDOException(code: 23000): SQLSTATE[23000]: Integrity constraint violation: 1062 Duplicate entry 'estomihifpsimatupang@gmail.com' for key 'users_email_unique' at /home/berandah/subdomains/panel.berandahukum.com/vendor/laravel/framework/src/Illuminate/Database/Connection.php:471)
[stacktrace]
#0 /home/berandah/subdomains/panel.berandahukum.com/vendor/laravel/framework/src/Illuminate/Database/Connection.php(471): PDOStatement->execute()
#1 /home/berandah/subdomains/panel.berandahukum.com/vendor/laravel/framework/src/Illuminate/Database/Connection.php(671): Illuminate\\Database\\Connection->Illuminate\\Database\\{closure}('insert into `us...', Array)
#2 /home/berandah/subdomains/panel.berandahukum.com/vendor/laravel/framework/src/Illuminate/Database/Connection.php(638): Illuminate\\Database\\Connection->runQueryCallback('insert into `us...', Array, Object(Closure))
#3 /home/berandah/subdomains/panel.berandahukum.com/vendor/laravel/framework/src/Illuminate/Database/Connection.php(472): Illuminate\\Database\\Connection->run('insert into `us...', Array, Object(Closure))
#4 /home/berandah/subdomains/panel.berandahukum.com/vendor/laravel/framework/src/Illuminate/Database/Connection.php(424): Illuminate\\Database\\Connection->statement('insert into `us...', Array)
#5 /home/berandah/subdomains/panel.berandahukum.com/vendor/laravel/framework/src/Illuminate/Database/Query/Processors/Processor.php(32): Illuminate\\Database\\Connection->insert('insert into `us...', Array)
#6 /home/berandah/subdomains/panel.berandahukum.com/vendor/laravel/framework/src/Illuminate/Database/Query/Builder.php(2882): Illuminate\\Database\\Query\\Processors\\Processor->processInsertGetId(Object(Illuminate\\Database\\Query\\Builder), 'insert into `us...', Array, 'id')
#7 /home/berandah/subdomains/panel.berandahukum.com/vendor/laravel/framework/src/Illuminate/Database/Eloquent/Builder.php(1547): Illuminate\\Database\\Query\\Builder->insertGetId(Array, 'id')
#8 /home/berandah/subdomains/panel.berandahukum.com/vendor/laravel/framework/src/Illuminate/Database/Eloquent/Model.php(1051): Illuminate\\Database\\Eloquent\\Builder->__call('insertGetId', Array)
#9 /home/berandah/subdomains/panel.berandahukum.com/vendor/laravel/framework/src/Illuminate/Database/Eloquent/Model.php(1016): Illuminate\\Database\\Eloquent\\Model->insertAndSetId(Object(Illuminate\\Database\\Eloquent\\Builder), Array)
#10 /home/berandah/subdomains/panel.berandahukum.com/vendor/laravel/framework/src/Illuminate/Database/Eloquent/Model.php(857): Illuminate\\Database\\Eloquent\\Model->performInsert(Object(Illuminate\\Database\\Eloquent\\Builder))
#11 /home/berandah/subdomains/panel.berandahukum.com/vendor/laravel/framework/src/Illuminate/Database/Eloquent/Builder.php(816): Illuminate\\Database\\Eloquent\\Model->save()
#12 /home/berandah/subdomains/panel.berandahukum.com/vendor/laravel/framework/src/Illuminate/Support/helpers.php(263): Illuminate\\Database\\Eloquent\\Builder->Illuminate\\Database\\Eloquent\\{closure}(Object(App\\Models\\User))
#13 /home/berandah/subdomains/panel.berandahukum.com/vendor/laravel/framework/src/Illuminate/Database/Eloquent/Builder.php(817): tap(Object(App\\Models\\User), Object(Closure))
#14 /home/berandah/subdomains/panel.berandahukum.com/vendor/laravel/framework/src/Illuminate/Support/Traits/ForwardsCalls.php(23): Illuminate\\Database\\Eloquent\\Builder->create(Array)
#15 /home/berandah/subdomains/panel.berandahukum.com/vendor/laravel/framework/src/Illuminate/Database/Eloquent/Model.php(1885): Illuminate\\Database\\Eloquent\\Model->forwardCallTo(Object(Illuminate\\Database\\Eloquent\\Builder), 'create', Array)
#16 /home/berandah/subdomains/panel.berandahukum.com/vendor/laravel/framework/src/Illuminate/Database/Eloquent/Model.php(1897): Illuminate\\Database\\Eloquent\\Model->__call('create', Array)
#17 /home/berandah/subdomains/panel.berandahukum.com/app/Http/Controllers/UserController.php(65): Illuminate\\Database\\Eloquent\\Model::__callStatic('create', Array)
#18 /home/berandah/subdomains/panel.berandahukum.com/vendor/laravel/framework/src/Illuminate/Routing/Controller.php(54): App\\Http\\Controllers\\UserController->store(Object(Illuminate\\Http\\Request))
#19 /home/berandah/subdomains/panel.berandahukum.com/vendor/laravel/framework/src/Illuminate/Routing/ControllerDispatcher.php(45): Illuminate\\Routing\\Controller->callAction('store', Array)
#20 /home/berandah/subdomains/panel.berandahukum.com/vendor/laravel/framework/src/Illuminate/Routing/Route.php(254): Illuminate\\Routing\\ControllerDispatcher->dispatch(Object(Illuminate\\Routing\\Route), Object(App\\Http\\Controllers\\UserController), 'store')
#21 /home/berandah/subdomains/panel.berandahukum.com/vendor/laravel/framework/src/Illuminate/Routing/Route.php(197): Illuminate\\Routing\\Route->runController()
#22 /home/berandah/subdomains/panel.berandahukum.com/vendor/laravel/framework/src/Illuminate/Routing/Router.php(693): Illuminate\\Routing\\Route->run()
#23 /home/berandah/subdomains/panel.berandahukum.com/vendor/laravel/framework/src/Illuminate/Pipeline/Pipeline.php(128): Illuminate\\Routing\\Router->Illuminate\\Routing\\{closure}(Object(Illuminate\\Http\\Request))
#24 /home/berandah/subdomains/panel.berandahukum.com/app/Http/Middleware/CheckBlockedIp.php(22): Illuminate\\Pipeline\\Pipeline->Illuminate\\Pipeline\\{closure}(Object(Illuminate\\Http\\Request))
#25 /home/berandah/subdomains/panel.berandahukum.com/vendor/laravel/framework/src/Illuminate/Pipeline/Pipeline.php(167): App\\Http\\Middleware\\CheckBlockedIp->handle(Object(Illuminate\\Http\\Request), Object(Closure))
#26 /home/berandah/subdomains/panel.berandahukum.com/vendor/laravel/framework/src/Illuminate/Routing/Middleware/SubstituteBindings.php(50): Illuminate\\Pipeline\\Pipeline->Illuminate\\Pipeline\\{closure}(Object(Illuminate\\Http\\Request))
#27 /home/berandah/subdomains/panel.berandahukum.com/vendor/laravel/framework/src/Illuminate/Pipeline/Pipeline.php(167): Illuminate\\Routing\\Middleware\\SubstituteBindings->handle(Object(Illuminate\\Http\\Request), Object(Closure))
#28 /home/berandah/subdomains/panel.berandahukum.com/vendor/laravel/framework/src/Illuminate/Auth/Middleware/Authenticate.php(44): Illuminate\\Pipeline\\Pipeline->Illuminate\\Pipeline\\{closure}(Object(Illuminate\\Http\\Request))
#29 /home/berandah/subdomains/panel.berandahukum.com/vendor/laravel/framework/src/Illuminate/Pipeline/Pipeline.php(167): Illuminate\\Auth\\Middleware\\Authenticate->handle(Object(Illuminate\\Http\\Request), Object(Closure))
#30 /home/berandah/subdomains/panel.berandahukum.com/vendor/laravel/framework/src/Illuminate/Foundation/Http/Middleware/VerifyCsrfToken.php(78): Illuminate\\Pipeline\\Pipeline->Illuminate\\Pipeline\\{closure}(Object(Illuminate\\Http\\Request))
#31 /home/berandah/subdomains/panel.berandahukum.com/vendor/laravel/framework/src/Illuminate/Pipeline/Pipeline.php(167): Illuminate\\Foundation\\Http\\Middleware\\VerifyCsrfToken->handle(Object(Illuminate\\Http\\Request), Object(Closure))
#32 /home/berandah/subdomains/panel.berandahukum.com/vendor/laravel/framework/src/Illuminate/View/Middleware/ShareErrorsFromSession.php(49): Illuminate\\Pipeline\\Pipeline->Illuminate\\Pipeline\\{closure}(Object(Illuminate\\Http\\Request))
#33 /home/berandah/subdomains/panel.berandahukum.com/vendor/laravel/framework/src/Illuminate/Pipeline/Pipeline.php(167): Illuminate\\View\\Middleware\\ShareErrorsFromSession->handle(Object(Illuminate\\Http\\Request), Object(Closure))
#34 /home/berandah/subdomains/panel.berandahukum.com/vendor/laravel/framework/src/Illuminate/Session/Middleware/StartSession.php(121): Illuminate\\Pipeline\\Pipeline->Illuminate\\Pipeline\\{closure}(Object(Illuminate\\Http\\Request))
#35 /home/berandah/subdomains/panel.berandahukum.com/vendor/laravel/framework/src/Illuminate/Session/Middleware/StartSession.php(63): Illuminate\\Session\\Middleware\\StartSession->handleStatefulRequest(Object(Illuminate\\Http\\Request), Object(Illuminate\\Session\\Store), Object(Closure))
#36 /home/berandah/subdomains/panel.berandahukum.com/vendor/laravel/framework/src/Illuminate/Pipeline/Pipeline.php(167): Illuminate\\Session\\Middleware\\StartSession->handle(Object(Illuminate\\Http\\Request), Object(Closure))
#37 /home/berandah/subdomains/panel.berandahukum.com/vendor/laravel/framework/src/Illuminate/Cookie/Middleware/AddQueuedCookiesToResponse.php(37): Illuminate\\Pipeline\\Pipeline->Illuminate\\Pipeline\\{closure}(Object(Illuminate\\Http\\Request))
#38 /home/berandah/subdomains/panel.berandahukum.com/vendor/laravel/framework/src/Illuminate/Pipeline/Pipeline.php(167): Illuminate\\Cookie\\Middleware\\AddQueuedCookiesToResponse->handle(Object(Illuminate\\Http\\Request), Object(Closure))
#39 /home/berandah/subdomains/panel.berandahukum.com/vendor/laravel/framework/src/Illuminate/Cookie/Middleware/EncryptCookies.php(67): Illuminate\\Pipeline\\Pipeline->Illuminate\\Pipeline\\{closure}(Object(Illuminate\\Http\\Request))
#40 /home/berandah/subdomains/panel.berandahukum.com/vendor/laravel/framework/src/Illuminate/Pipeline/Pipeline.php(167): Illuminate\\Cookie\\Middleware\\EncryptCookies->handle(Object(Illuminate\\Http\\Request), Object(Closure))
#41 /home/berandah/subdomains/panel.berandahukum.com/vendor/laravel/framework/src/Illuminate/Pipeline/Pipeline.php(103): Illuminate\\Pipeline\\Pipeline->Illuminate\\Pipeline\\{closure}(Object(Illuminate\\Http\\Request))
#42 /home/berandah/subdomains/panel.berandahukum.com/vendor/laravel/framework/src/Illuminate/Routing/Router.php(695): Illuminate\\Pipeline\\Pipeline->then(Object(Closure))
#43 /home/berandah/subdomains/panel.berandahukum.com/vendor/laravel/framework/src/Illuminate/Routing/Router.php(670): Illuminate\\Routing\\Router->runRouteWithinStack(Object(Illuminate\\Routing\\Route), Object(Illuminate\\Http\\Request))
#44 /home/berandah/subdomains/panel.berandahukum.com/vendor/laravel/framework/src/Illuminate/Routing/Router.php(636): Illuminate\\Routing\\Router->runRoute(Object(Illuminate\\Http\\Request), Object(Illuminate\\Routing\\Route))
#45 /home/berandah/subdomains/panel.berandahukum.com/vendor/laravel/framework/src/Illuminate/Routing/Router.php(625): Illuminate\\Routing\\Router->dispatchToRoute(Object(Illuminate\\Http\\Request))
#46 /home/berandah/subdomains/panel.berandahukum.com/vendor/laravel/framework/src/Illuminate/Foundation/Http/Kernel.php(166): Illuminate\\Routing\\Router->dispatch(Object(Illuminate\\Http\\Request))
#47 /home/berandah/subdomains/panel.berandahukum.com/vendor/laravel/framework/src/Illuminate/Pipeline/Pipeline.php(128): Illuminate\\Foundation\\Http\\Kernel->Illuminate\\Foundation\\Http\\{closure}(Object(Illuminate\\Http\\Request))
#48 /home/berandah/subdomains/panel.berandahukum.com/vendor/laravel/framework/src/Illuminate/Foundation/Http/Middleware/TransformsRequest.php(21): Illuminate\\Pipeline\\Pipeline->Illuminate\\Pipeline\\{closure}(Object(Illuminate\\Http\\Request))
#49 /home/berandah/subdomains/panel.berandahukum.com/vendor/laravel/framework/src/Illuminate/Pipeline/Pipeline.php(167): Illuminate\\Foundation\\Http\\Middleware\\TransformsRequest->handle(Object(Illuminate\\Http\\Request), Object(Closure))
#50 /home/berandah/subdomains/panel.berandahukum.com/vendor/laravel/framework/src/Illuminate/Foundation/Http/Middleware/TransformsRequest.php(21): Illuminate\\Pipeline\\Pipeline->Illuminate\\Pipeline\\{closure}(Object(Illuminate\\Http\\Request))
#51 /home/berandah/subdomains/panel.berandahukum.com/vendor/laravel/framework/src/Illuminate/Pipeline/Pipeline.php(167): Illuminate\\Foundation\\Http\\Middleware\\TransformsRequest->handle(Object(Illuminate\\Http\\Request), Object(Closure))
#52 /home/berandah/subdomains/panel.berandahukum.com/vendor/laravel/framework/src/Illuminate/Foundation/Http/Middleware/ValidatePostSize.php(27): Illuminate\\Pipeline\\Pipeline->Illuminate\\Pipeline\\{closure}(Object(Illuminate\\Http\\Request))
#53 /home/berandah/subdomains/panel.berandahukum.com/vendor/laravel/framework/src/Illuminate/Pipeline/Pipeline.php(167): Illuminate\\Foundation\\Http\\Middleware\\ValidatePostSize->handle(Object(Illuminate\\Http\\Request), Object(Closure))
#54 /home/berandah/subdomains/panel.berandahukum.com/vendor/laravel/framework/src/Illuminate/Foundation/Http/Middleware/PreventRequestsDuringMaintenance.php(86): Illuminate\\Pipeline\\Pipeline->Illuminate\\Pipeline\\{closure}(Object(Illuminate\\Http\\Request))
#55 /home/berandah/subdomains/panel.berandahukum.com/vendor/laravel/framework/src/Illuminate/Pipeline/Pipeline.php(167): Illuminate\\Foundation\\Http\\Middleware\\PreventRequestsDuringMaintenance->handle(Object(Illuminate\\Http\\Request), Object(Closure))
#56 /home/berandah/subdomains/panel.berandahukum.com/vendor/fruitcake/laravel-cors/src/HandleCors.php(37): Illuminate\\Pipeline\\Pipeline->Illuminate\\Pipeline\\{closure}(Object(Illuminate\\Http\\Request))
#57 /home/berandah/subdomains/panel.berandahukum.com/vendor/laravel/framework/src/Illuminate/Pipeline/Pipeline.php(167): Fruitcake\\Cors\\HandleCors->handle(Object(Illuminate\\Http\\Request), Object(Closure))
#58 /home/berandah/subdomains/panel.berandahukum.com/vendor/fideloper/proxy/src/TrustProxies.php(57): Illuminate\\Pipeline\\Pipeline->Illuminate\\Pipeline\\{closure}(Object(Illuminate\\Http\\Request))
#59 /home/berandah/subdomains/panel.berandahukum.com/vendor/laravel/framework/src/Illuminate/Pipeline/Pipeline.php(167): Fideloper\\Proxy\\TrustProxies->handle(Object(Illuminate\\Http\\Request), Object(Closure))
#60 /home/berandah/subdomains/panel.berandahukum.com/vendor/laravel/framework/src/Illuminate/Pipeline/Pipeline.php(103): Illuminate\\Pipeline\\Pipeline->Illuminate\\Pipeline\\{closure}(Object(Illuminate\\Http\\Request))
#61 /home/berandah/subdomains/panel.berandahukum.com/vendor/laravel/framework/src/Illuminate/Foundation/Http/Kernel.php(141): Illuminate\\Pipeline\\Pipeline->then(Object(Closure))
#62 /home/berandah/subdomains/panel.berandahukum.com/vendor/laravel/framework/src/Illuminate/Foundation/Http/Kernel.php(110): Illuminate\\Foundation\\Http\\Kernel->sendRequestThroughRouter(Object(Illuminate\\Http\\Request))
#63 /home/berandah/subdomains/panel.berandahukum.com/public/index.php(52): Illuminate\\Foundation\\Http\\Kernel->handle(Object(Illuminate\\Http\\Request))
#64 {main}
"} 
[2026-05-26 04:47:15] local.ERROR: SQLSTATE[23000]: Integrity constraint violation: 1062 Duplicate entry 'tuberebere@gmail.com' for key 'users_email_unique' (SQL: insert into `users` (`name`, `email`, `password`, `status`, `toko_id`, `user_menu`, `updated_at`, `created_at`) values (Rachmat, tuberebere@gmail.com, $2y$10$W1asQtMTM.z8.lrjvbGEPOY9qXoDiI6HjCCLXV/i.Y8p0QF9mMvkG, 1, ?, , 2026-05-26 04:47:15, 2026-05-26 04:47:15)) {"userId":33,"exception":"[object] (Illuminate\\Database\\QueryException(code: 23000): SQLSTATE[23000]: Integrity constraint violation: 1062 Duplicate entry 'tuberebere@gmail.com' for key 'users_email_unique' (SQL: insert into `users` (`name`, `email`, `password`, `status`, `toko_id`, `user_menu`, `updated_at`, `created_at`) values (Rachmat, tuberebere@gmail.com, $2y$10$W1asQtMTM.z8.lrjvbGEPOY9qXoDiI6HjCCLXV/i.Y8p0QF9mMvkG, 1, ?, , 2026-05-26 04:47:15, 2026-05-26 04:47:15)) at /home/berandah/subdomains/panel.berandahukum.com/vendor/laravel/framework/src/Illuminate/Database/Connection.php:678)
[stacktrace]
#0 /home/berandah/subdomains/panel.berandahukum.com/vendor/laravel/framework/src/Illuminate/Database/Connection.php(638): Illuminate\\Database\\Connection->runQueryCallback('insert into `us...', Array, Object(Closure))
#1 /home/berandah/subdomains/panel.berandahukum.com/vendor/laravel/framework/src/Illuminate/Database/Connection.php(472): Illuminate\\Database\\Connection->run('insert into `us...', Array, Object(Closure))
#2 /home/berandah/subdomains/panel.berandahukum.com/vendor/laravel/framework/src/Illuminate/Database/Connection.php(424): Illuminate\\Database\\Connection->statement('insert into `us...', Array)
#3 /home/berandah/subdomains/panel.berandahukum.com/vendor/laravel/framework/src/Illuminate/Database/Query/Processors/Processor.php(32): Illuminate\\Database\\Connection->insert('insert into `us...', Array)
#4 /home/berandah/subdomains/panel.berandahukum.com/vendor/laravel/framework/src/Illuminate/Database/Query/Builder.php(2882): Illuminate\\Database\\Query\\Processors\\Processor->processInsertGetId(Object(Illuminate\\Database\\Query\\Builder), 'insert into `us...', Array, 'id')
#5 /home/berandah/subdomains/panel.berandahukum.com/vendor/laravel/framework/src/Illuminate/Database/Eloquent/Builder.php(1547): Illuminate\\Database\\Query\\Builder->insertGetId(Array, 'id')
#6 /home/berandah/subdomains/panel.berandahukum.com/vendor/laravel/framework/src/Illuminate/Database/Eloquent/Model.php(1051): Illuminate\\Database\\Eloquent\\Builder->__call('insertGetId', Array)
#7 /home/berandah/subdomains/panel.berandahukum.com/vendor/laravel/framework/src/Illuminate/Database/Eloquent/Model.php(1016): Illuminate\\Database\\Eloquent\\Model->insertAndSetId(Object(Illuminate\\Database\\Eloquent\\Builder), Array)
#8 /home/berandah/subdomains/panel.berandahukum.com/vendor/laravel/framework/src/Illuminate/Database/Eloquent/Model.php(857): Illuminate\\Database\\Eloquent\\Model->performInsert(Object(Illuminate\\Database\\Eloquent\\Builder))
#9 /home/berandah/subdomains/panel.berandahukum.com/vendor/laravel/framework/src/Illuminate/Database/Eloquent/Builder.php(816): Illuminate\\Database\\Eloquent\\Model->save()
#10 /home/berandah/subdomains/panel.berandahukum.com/vendor/laravel/framework/src/Illuminate/Support/helpers.php(263): Illuminate\\Database\\Eloquent\\Builder->Illuminate\\Database\\Eloquent\\{closure}(Object(App\\Models\\User))
#11 /home/berandah/subdomains/panel.berandahukum.com/vendor/laravel/framework/src/Illuminate/Database/Eloquent/Builder.php(817): tap(Object(App\\Models\\User), Object(Closure))
#12 /home/berandah/subdomains/panel.berandahukum.com/vendor/laravel/framework/src/Illuminate/Support/Traits/ForwardsCalls.php(23): Illuminate\\Database\\Eloquent\\Builder->create(Array)
#13 /home/berandah/subdomains/panel.berandahukum.com/vendor/laravel/framework/src/Illuminate/Database/Eloquent/Model.php(1885): Illuminate\\Database\\Eloquent\\Model->forwardCallTo(Object(Illuminate\\Database\\Eloquent\\Builder), 'create', Array)
#14 /home/berandah/subdomains/panel.berandahukum.com/vendor/laravel/framework/src/Illuminate/Database/Eloquent/Model.php(1897): Illuminate\\Database\\Eloquent\\Model->__call('create', Array)
#15 /home/berandah/subdomains/panel.berandahukum.com/app/Http/Controllers/UserController.php(65): Illuminate\\Database\\Eloquent\\Model::__callStatic('create', Array)
#16 /home/berandah/subdomains/panel.berandahukum.com/vendor/laravel/framework/src/Illuminate/Routing/Controller.php(54): App\\Http\\Controllers\\UserController->store(Object(Illuminate\\Http\\Request))
#17 /home/berandah/subdomains/panel.berandahukum.com/vendor/laravel/framework/src/Illuminate/Routing/ControllerDispatcher.php(45): Illuminate\\Routing\\Controller->callAction('store', Array)
#18 /home/berandah/subdomains/panel.berandahukum.com/vendor/laravel/framework/src/Illuminate/Routing/Route.php(254): Illuminate\\Routing\\ControllerDispatcher->dispatch(Object(Illuminate\\Routing\\Route), Object(App\\Http\\Controllers\\UserController), 'store')
#19 /home/berandah/subdomains/panel.berandahukum.com/vendor/laravel/framework/src/Illuminate/Routing/Route.php(197): Illuminate\\Routing\\Route->runController()
#20 /home/berandah/subdomains/panel.berandahukum.com/vendor/laravel/framework/src/Illuminate/Routing/Router.php(693): Illuminate\\Routing\\Route->run()
#21 /home/berandah/subdomains/panel.berandahukum.com/vendor/laravel/framework/src/Illuminate/Pipeline/Pipeline.php(128): Illuminate\\Routing\\Router->Illuminate\\Routing\\{closure}(Object(Illuminate\\Http\\Request))
#22 /home/berandah/subdomains/panel.berandahukum.com/app/Http/Middleware/CheckBlockedIp.php(22): Illuminate\\Pipeline\\Pipeline->Illuminate\\Pipeline\\{closure}(Object(Illuminate\\Http\\Request))
#23 /home/berandah/subdomains/panel.berandahukum.com/vendor/laravel/framework/src/Illuminate/Pipeline/Pipeline.php(167): App\\Http\\Middleware\\CheckBlockedIp->handle(Object(Illuminate\\Http\\Request), Object(Closure))
#24 /home/berandah/subdomains/panel.berandahukum.com/vendor/laravel/framework/src/Illuminate/Routing/Middleware/SubstituteBindings.php(50): Illuminate\\Pipeline\\Pipeline->Illuminate\\Pipeline\\{closure}(Object(Illuminate\\Http\\Request))
#25 /home/berandah/subdomains/panel.berandahukum.com/vendor/laravel/framework/src/Illuminate/Pipeline/Pipeline.php(167): Illuminate\\Routing\\Middleware\\SubstituteBindings->handle(Object(Illuminate\\Http\\Request), Object(Closure))
#26 /home/berandah/subdomains/panel.berandahukum.com/vendor/laravel/framework/src/Illuminate/Auth/Middleware/Authenticate.php(44): Illuminate\\Pipeline\\Pipeline->Illuminate\\Pipeline\\{closure}(Object(Illuminate\\Http\\Request))
#27 /home/berandah/subdomains/panel.berandahukum.com/vendor/laravel/framework/src/Illuminate/Pipeline/Pipeline.php(167): Illuminate\\Auth\\Middleware\\Authenticate->handle(Object(Illuminate\\Http\\Request), Object(Closure))
#28 /home/berandah/subdomains/panel.berandahukum.com/vendor/laravel/framework/src/Illuminate/Foundation/Http/Middleware/VerifyCsrfToken.php(78): Illuminate\\Pipeline\\Pipeline->Illuminate\\Pipeline\\{closure}(Object(Illuminate\\Http\\Request))
#29 /home/berandah/subdomains/panel.berandahukum.com/vendor/laravel/framework/src/Illuminate/Pipeline/Pipeline.php(167): Illuminate\\Foundation\\Http\\Middleware\\VerifyCsrfToken->handle(Object(Illuminate\\Http\\Request), Object(Closure))
#30 /home/berandah/subdomains/panel.berandahukum.com/vendor/laravel/framework/src/Illuminate/View/Middleware/ShareErrorsFromSession.php(49): Illuminate\\Pipeline\\Pipeline->Illuminate\\Pipeline\\{closure}(Object(Illuminate\\Http\\Request))
#31 /home/berandah/subdomains/panel.berandahukum.com/vendor/laravel/framework/src/Illuminate/Pipeline/Pipeline.php(167): Illuminate\\View\\Middleware\\ShareErrorsFromSession->handle(Object(Illuminate\\Http\\Request), Object(Closure))
#32 /home/berandah/subdomains/panel.berandahukum.com/vendor/laravel/framework/src/Illuminate/Session/Middleware/StartSession.php(121): Illuminate\\Pipeline\\Pipeline->Illuminate\\Pipeline\\{closure}(Object(Illuminate\\Http\\Request))
#33 /home/berandah/subdomains/panel.berandahukum.com/vendor/laravel/framework/src/Illuminate/Session/Middleware/StartSession.php(63): Illuminate\\Session\\Middleware\\StartSession->handleStatefulRequest(Object(Illuminate\\Http\\Request), Object(Illuminate\\Session\\Store), Object(Closure))
#34 /home/berandah/subdomains/panel.berandahukum.com/vendor/laravel/framework/src/Illuminate/Pipeline/Pipeline.php(167): Illuminate\\Session\\Middleware\\StartSession->handle(Object(Illuminate\\Http\\Request), Object(Closure))
#35 /home/berandah/subdomains/panel.berandahukum.com/vendor/laravel/framework/src/Illuminate/Cookie/Middleware/AddQueuedCookiesToResponse.php(37): Illuminate\\Pipeline\\Pipeline->Illuminate\\Pipeline\\{closure}(Object(Illuminate\\Http\\Request))
#36 /home/berandah/subdomains/panel.berandahukum.com/vendor/laravel/framework/src/Illuminate/Pipeline/Pipeline.php(167): Illuminate\\Cookie\\Middleware\\AddQueuedCookiesToResponse->handle(Object(Illuminate\\Http\\Request), Object(Closure))
#37 /home/berandah/subdomains/panel.berandahukum.com/vendor/laravel/framework/src/Illuminate/Cookie/Middleware/EncryptCookies.php(67): Illuminate\\Pipeline\\Pipeline->Illuminate\\Pipeline\\{closure}(Object(Illuminate\\Http\\Request))
#38 /home/berandah/subdomains/panel.berandahukum.com/vendor/laravel/framework/src/Illuminate/Pipeline/Pipeline.php(167): Illuminate\\Cookie\\Middleware\\EncryptCookies->handle(Object(Illuminate\\Http\\Request), Object(Closure))
#39 /home/berandah/subdomains/panel.berandahukum.com/vendor/laravel/framework/src/Illuminate/Pipeline/Pipeline.php(103): Illuminate\\Pipeline\\Pipeline->Illuminate\\Pipeline\\{closure}(Object(Illuminate\\Http\\Request))
#40 /home/berandah/subdomains/panel.berandahukum.com/vendor/laravel/framework/src/Illuminate/Routing/Router.php(695): Illuminate\\Pipeline\\Pipeline->then(Object(Closure))
#41 /home/berandah/subdomains/panel.berandahukum.com/vendor/laravel/framework/src/Illuminate/Routing/Router.php(670): Illuminate\\Routing\\Router->runRouteWithinStack(Object(Illuminate\\Routing\\Route), Object(Illuminate\\Http\\Request))
#42 /home/berandah/subdomains/panel.berandahukum.com/vendor/laravel/framework/src/Illuminate/Routing/Router.php(636): Illuminate\\Routing\\Router->runRoute(Object(Illuminate\\Http\\Request), Object(Illuminate\\Routing\\Route))
#43 /home/berandah/subdomains/panel.berandahukum.com/vendor/laravel/framework/src/Illuminate/Routing/Router.php(625): Illuminate\\Routing\\Router->dispatchToRoute(Object(Illuminate\\Http\\Request))
#44 /home/berandah/subdomains/panel.berandahukum.com/vendor/laravel/framework/src/Illuminate/Foundation/Http/Kernel.php(166): Illuminate\\Routing\\Router->dispatch(Object(Illuminate\\Http\\Request))
#45 /home/berandah/subdomains/panel.berandahukum.com/vendor/laravel/framework/src/Illuminate/Pipeline/Pipeline.php(128): Illuminate\\Foundation\\Http\\Kernel->Illuminate\\Foundation\\Http\\{closure}(Object(Illuminate\\Http\\Request))
#46 /home/berandah/subdomains/panel.berandahukum.com/vendor/laravel/framework/src/Illuminate/Foundation/Http/Middleware/TransformsRequest.php(21): Illuminate\\Pipeline\\Pipeline->Illuminate\\Pipeline\\{closure}(Object(Illuminate\\Http\\Request))
#47 /home/berandah/subdomains/panel.berandahukum.com/vendor/laravel/framework/src/Illuminate/Pipeline/Pipeline.php(167): Illuminate\\Foundation\\Http\\Middleware\\TransformsRequest->handle(Object(Illuminate\\Http\\Request), Object(Closure))
#48 /home/berandah/subdomains/panel.berandahukum.com/vendor/laravel/framework/src/Illuminate/Foundation/Http/Middleware/TransformsRequest.php(21): Illuminate\\Pipeline\\Pipeline->Illuminate\\Pipeline\\{closure}(Object(Illuminate\\Http\\Request))
#49 /home/berandah/subdomains/panel.berandahukum.com/vendor/laravel/framework/src/Illuminate/Pipeline/Pipeline.php(167): Illuminate\\Foundation\\Http\\Middleware\\TransformsRequest->handle(Object(Illuminate\\Http\\Request), Object(Closure))
#50 /home/berandah/subdomains/panel.berandahukum.com/vendor/laravel/framework/src/Illuminate/Foundation/Http/Middleware/ValidatePostSize.php(27): Illuminate\\Pipeline\\Pipeline->Illuminate\\Pipeline\\{closure}(Object(Illuminate\\Http\\Request))
#51 /home/berandah/subdomains/panel.berandahukum.com/vendor/laravel/framework/src/Illuminate/Pipeline/Pipeline.php(167): Illuminate\\Foundation\\Http\\Middleware\\ValidatePostSize->handle(Object(Illuminate\\Http\\Request), Object(Closure))
#52 /home/berandah/subdomains/panel.berandahukum.com/vendor/laravel/framework/src/Illuminate/Foundation/Http/Middleware/PreventRequestsDuringMaintenance.php(86): Illuminate\\Pipeline\\Pipeline->Illuminate\\Pipeline\\{closure}(Object(Illuminate\\Http\\Request))
#53 /home/berandah/subdomains/panel.berandahukum.com/vendor/laravel/framework/src/Illuminate/Pipeline/Pipeline.php(167): Illuminate\\Foundation\\Http\\Middleware\\PreventRequestsDuringMaintenance->handle(Object(Illuminate\\Http\\Request), Object(Closure))
#54 /home/berandah/subdomains/panel.berandahukum.com/vendor/fruitcake/laravel-cors/src/HandleCors.php(37): Illuminate\\Pipeline\\Pipeline->Illuminate\\Pipeline\\{closure}(Object(Illuminate\\Http\\Request))
#55 /home/berandah/subdomains/panel.berandahukum.com/vendor/laravel/framework/src/Illuminate/Pipeline/Pipeline.php(167): Fruitcake\\Cors\\HandleCors->handle(Object(Illuminate\\Http\\Request), Object(Closure))
#56 /home/berandah/subdomains/panel.berandahukum.com/vendor/fideloper/proxy/src/TrustProxies.php(57): Illuminate\\Pipeline\\Pipeline->Illuminate\\Pipeline\\{closure}(Object(Illuminate\\Http\\Request))
#57 /home/berandah/subdomains/panel.berandahukum.com/vendor/laravel/framework/src/Illuminate/Pipeline/Pipeline.php(167): Fideloper\\Proxy\\TrustProxies->handle(Object(Illuminate\\Http\\Request), Object(Closure))
#58 /home/berandah/subdomains/panel.berandahukum.com/vendor/laravel/framework/src/Illuminate/Pipeline/Pipeline.php(103): Illuminate\\Pipeline\\Pipeline->Illuminate\\Pipeline\\{closure}(Object(Illuminate\\Http\\Request))
#59 /home/berandah/subdomains/panel.berandahukum.com/vendor/laravel/framework/src/Illuminate/Foundation/Http/Kernel.php(141): Illuminate\\Pipeline\\Pipeline->then(Object(Closure))
#60 /home/berandah/subdomains/panel.berandahukum.com/vendor/laravel/framework/src/Illuminate/Foundation/Http/Kernel.php(110): Illuminate\\Foundation\\Http\\Kernel->sendRequestThroughRouter(Object(Illuminate\\Http\\Request))
#61 /home/berandah/subdomains/panel.berandahukum.com/public/index.php(52): Illuminate\\Foundation\\Http\\Kernel->handle(Object(Illuminate\\Http\\Request))
#62 {main}

[previous exception] [object] (PDOException(code: 23000): SQLSTATE[23000]: Integrity constraint violation: 1062 Duplicate entry 'tuberebere@gmail.com' for key 'users_email_unique' at /home/berandah/subdomains/panel.berandahukum.com/vendor/laravel/framework/src/Illuminate/Database/Connection.php:471)
[stacktrace]
#0 /home/berandah/subdomains/panel.berandahukum.com/vendor/laravel/framework/src/Illuminate/Database/Connection.php(471): PDOStatement->execute()
#1 /home/berandah/subdomains/panel.berandahukum.com/vendor/laravel/framework/src/Illuminate/Database/Connection.php(671): Illuminate\\Database\\Connection->Illuminate\\Database\\{closure}('insert into `us...', Array)
#2 /home/berandah/subdomains/panel.berandahukum.com/vendor/laravel/framework/src/Illuminate/Database/Connection.php(638): Illuminate\\Database\\Connection->runQueryCallback('insert into `us...', Array, Object(Closure))
#3 /home/berandah/subdomains/panel.berandahukum.com/vendor/laravel/framework/src/Illuminate/Database/Connection.php(472): Illuminate\\Database\\Connection->run('insert into `us...', Array, Object(Closure))
#4 /home/berandah/subdomains/panel.berandahukum.com/vendor/laravel/framework/src/Illuminate/Database/Connection.php(424): Illuminate\\Database\\Connection->statement('insert into `us...', Array)
#5 /home/berandah/subdomains/panel.berandahukum.com/vendor/laravel/framework/src/Illuminate/Database/Query/Processors/Processor.php(32): Illuminate\\Database\\Connection->insert('insert into `us...', Array)
#6 /home/berandah/subdomains/panel.berandahukum.com/vendor/laravel/framework/src/Illuminate/Database/Query/Builder.php(2882): Illuminate\\Database\\Query\\Processors\\Processor->processInsertGetId(Object(Illuminate\\Database\\Query\\Builder), 'insert into `us...', Array, 'id')
#7 /home/berandah/subdomains/panel.berandahukum.com/vendor/laravel/framework/src/Illuminate/Database/Eloquent/Builder.php(1547): Illuminate\\Database\\Query\\Builder->insertGetId(Array, 'id')
#8 /home/berandah/subdomains/panel.berandahukum.com/vendor/laravel/framework/src/Illuminate/Database/Eloquent/Model.php(1051): Illuminate\\Database\\Eloquent\\Builder->__call('insertGetId', Array)
#9 /home/berandah/subdomains/panel.berandahukum.com/vendor/laravel/framework/src/Illuminate/Database/Eloquent/Model.php(1016): Illuminate\\Database\\Eloquent\\Model->insertAndSetId(Object(Illuminate\\Database\\Eloquent\\Builder), Array)
#10 /home/berandah/subdomains/panel.berandahukum.com/vendor/laravel/framework/src/Illuminate/Database/Eloquent/Model.php(857): Illuminate\\Database\\Eloquent\\Model->performInsert(Object(Illuminate\\Database\\Eloquent\\Builder))
#11 /home/berandah/subdomains/panel.berandahukum.com/vendor/laravel/framework/src/Illuminate/Database/Eloquent/Builder.php(816): Illuminate\\Database\\Eloquent\\Model->save()
#12 /home/berandah/subdomains/panel.berandahukum.com/vendor/laravel/framework/src/Illuminate/Support/helpers.php(263): Illuminate\\Database\\Eloquent\\Builder->Illuminate\\Database\\Eloquent\\{closure}(Object(App\\Models\\User))
#13 /home/berandah/subdomains/panel.berandahukum.com/vendor/laravel/framework/src/Illuminate/Database/Eloquent/Builder.php(817): tap(Object(App\\Models\\User), Object(Closure))
#14 /home/berandah/subdomains/panel.berandahukum.com/vendor/laravel/framework/src/Illuminate/Support/Traits/ForwardsCalls.php(23): Illuminate\\Database\\Eloquent\\Builder->create(Array)
#15 /home/berandah/subdomains/panel.berandahukum.com/vendor/laravel/framework/src/Illuminate/Database/Eloquent/Model.php(1885): Illuminate\\Database\\Eloquent\\Model->forwardCallTo(Object(Illuminate\\Database\\Eloquent\\Builder), 'create', Array)
#16 /home/berandah/subdomains/panel.berandahukum.com/vendor/laravel/framework/src/Illuminate/Database/Eloquent/Model.php(1897): Illuminate\\Database\\Eloquent\\Model->__call('create', Array)
#17 /home/berandah/subdomains/panel.berandahukum.com/app/Http/Controllers/UserController.php(65): Illuminate\\Database\\Eloquent\\Model::__callStatic('create', Array)
#18 /home/berandah/subdomains/panel.berandahukum.com/vendor/laravel/framework/src/Illuminate/Routing/Controller.php(54): App\\Http\\Controllers\\UserController->store(Object(Illuminate\\Http\\Request))
#19 /home/berandah/subdomains/panel.berandahukum.com/vendor/laravel/framework/src/Illuminate/Routing/ControllerDispatcher.php(45): Illuminate\\Routing\\Controller->callAction('store', Array)
#20 /home/berandah/subdomains/panel.berandahukum.com/vendor/laravel/framework/src/Illuminate/Routing/Route.php(254): Illuminate\\Routing\\ControllerDispatcher->dispatch(Object(Illuminate\\Routing\\Route), Object(App\\Http\\Controllers\\UserController), 'store')
#21 /home/berandah/subdomains/panel.berandahukum.com/vendor/laravel/framework/src/Illuminate/Routing/Route.php(197): Illuminate\\Routing\\Route->runController()
#22 /home/berandah/subdomains/panel.berandahukum.com/vendor/laravel/framework/src/Illuminate/Routing/Router.php(693): Illuminate\\Routing\\Route->run()
#23 /home/berandah/subdomains/panel.berandahukum.com/vendor/laravel/framework/src/Illuminate/Pipeline/Pipeline.php(128): Illuminate\\Routing\\Router->Illuminate\\Routing\\{closure}(Object(Illuminate\\Http\\Request))
#24 /home/berandah/subdomains/panel.berandahukum.com/app/Http/Middleware/CheckBlockedIp.php(22): Illuminate\\Pipeline\\Pipeline->Illuminate\\Pipeline\\{closure}(Object(Illuminate\\Http\\Request))
#25 /home/berandah/subdomains/panel.berandahukum.com/vendor/laravel/framework/src/Illuminate/Pipeline/Pipeline.php(167): App\\Http\\Middleware\\CheckBlockedIp->handle(Object(Illuminate\\Http\\Request), Object(Closure))
#26 /home/berandah/subdomains/panel.berandahukum.com/vendor/laravel/framework/src/Illuminate/Routing/Middleware/SubstituteBindings.php(50): Illuminate\\Pipeline\\Pipeline->Illuminate\\Pipeline\\{closure}(Object(Illuminate\\Http\\Request))
#27 /home/berandah/subdomains/panel.berandahukum.com/vendor/laravel/framework/src/Illuminate/Pipeline/Pipeline.php(167): Illuminate\\Routing\\Middleware\\SubstituteBindings->handle(Object(Illuminate\\Http\\Request), Object(Closure))
#28 /home/berandah/subdomains/panel.berandahukum.com/vendor/laravel/framework/src/Illuminate/Auth/Middleware/Authenticate.php(44): Illuminate\\Pipeline\\Pipeline->Illuminate\\Pipeline\\{closure}(Object(Illuminate\\Http\\Request))
#29 /home/berandah/subdomains/panel.berandahukum.com/vendor/laravel/framework/src/Illuminate/Pipeline/Pipeline.php(167): Illuminate\\Auth\\Middleware\\Authenticate->handle(Object(Illuminate\\Http\\Request), Object(Closure))
#30 /home/berandah/subdomains/panel.berandahukum.com/vendor/laravel/framework/src/Illuminate/Foundation/Http/Middleware/VerifyCsrfToken.php(78): Illuminate\\Pipeline\\Pipeline->Illuminate\\Pipeline\\{closure}(Object(Illuminate\\Http\\Request))
#31 /home/berandah/subdomains/panel.berandahukum.com/vendor/laravel/framework/src/Illuminate/Pipeline/Pipeline.php(167): Illuminate\\Foundation\\Http\\Middleware\\VerifyCsrfToken->handle(Object(Illuminate\\Http\\Request), Object(Closure))
#32 /home/berandah/subdomains/panel.berandahukum.com/vendor/laravel/framework/src/Illuminate/View/Middleware/ShareErrorsFromSession.php(49): Illuminate\\Pipeline\\Pipeline->Illuminate\\Pipeline\\{closure}(Object(Illuminate\\Http\\Request))
#33 /home/berandah/subdomains/panel.berandahukum.com/vendor/laravel/framework/src/Illuminate/Pipeline/Pipeline.php(167): Illuminate\\View\\Middleware\\ShareErrorsFromSession->handle(Object(Illuminate\\Http\\Request), Object(Closure))
#34 /home/berandah/subdomains/panel.berandahukum.com/vendor/laravel/framework/src/Illuminate/Session/Middleware/StartSession.php(121): Illuminate\\Pipeline\\Pipeline->Illuminate\\Pipeline\\{closure}(Object(Illuminate\\Http\\Request))
#35 /home/berandah/subdomains/panel.berandahukum.com/vendor/laravel/framework/src/Illuminate/Session/Middleware/StartSession.php(63): Illuminate\\Session\\Middleware\\StartSession->handleStatefulRequest(Object(Illuminate\\Http\\Request), Object(Illuminate\\Session\\Store), Object(Closure))
#36 /home/berandah/subdomains/panel.berandahukum.com/vendor/laravel/framework/src/Illuminate/Pipeline/Pipeline.php(167): Illuminate\\Session\\Middleware\\StartSession->handle(Object(Illuminate\\Http\\Request), Object(Closure))
#37 /home/berandah/subdomains/panel.berandahukum.com/vendor/laravel/framework/src/Illuminate/Cookie/Middleware/AddQueuedCookiesToResponse.php(37): Illuminate\\Pipeline\\Pipeline->Illuminate\\Pipeline\\{closure}(Object(Illuminate\\Http\\Request))
#38 /home/berandah/subdomains/panel.berandahukum.com/vendor/laravel/framework/src/Illuminate/Pipeline/Pipeline.php(167): Illuminate\\Cookie\\Middleware\\AddQueuedCookiesToResponse->handle(Object(Illuminate\\Http\\Request), Object(Closure))
#39 /home/berandah/subdomains/panel.berandahukum.com/vendor/laravel/framework/src/Illuminate/Cookie/Middleware/EncryptCookies.php(67): Illuminate\\Pipeline\\Pipeline->Illuminate\\Pipeline\\{closure}(Object(Illuminate\\Http\\Request))
#40 /home/berandah/subdomains/panel.berandahukum.com/vendor/laravel/framework/src/Illuminate/Pipeline/Pipeline.php(167): Illuminate\\Cookie\\Middleware\\EncryptCookies->handle(Object(Illuminate\\Http\\Request), Object(Closure))
#41 /home/berandah/subdomains/panel.berandahukum.com/vendor/laravel/framework/src/Illuminate/Pipeline/Pipeline.php(103): Illuminate\\Pipeline\\Pipeline->Illuminate\\Pipeline\\{closure}(Object(Illuminate\\Http\\Request))
#42 /home/berandah/subdomains/panel.berandahukum.com/vendor/laravel/framework/src/Illuminate/Routing/Router.php(695): Illuminate\\Pipeline\\Pipeline->then(Object(Closure))
#43 /home/berandah/subdomains/panel.berandahukum.com/vendor/laravel/framework/src/Illuminate/Routing/Router.php(670): Illuminate\\Routing\\Router->runRouteWithinStack(Object(Illuminate\\Routing\\Route), Object(Illuminate\\Http\\Request))
#44 /home/berandah/subdomains/panel.berandahukum.com/vendor/laravel/framework/src/Illuminate/Routing/Router.php(636): Illuminate\\Routing\\Router->runRoute(Object(Illuminate\\Http\\Request), Object(Illuminate\\Routing\\Route))
#45 /home/berandah/subdomains/panel.berandahukum.com/vendor/laravel/framework/src/Illuminate/Routing/Router.php(625): Illuminate\\Routing\\Router->dispatchToRoute(Object(Illuminate\\Http\\Request))
#46 /home/berandah/subdomains/panel.berandahukum.com/vendor/laravel/framework/src/Illuminate/Foundation/Http/Kernel.php(166): Illuminate\\Routing\\Router->dispatch(Object(Illuminate\\Http\\Request))
#47 /home/berandah/subdomains/panel.berandahukum.com/vendor/laravel/framework/src/Illuminate/Pipeline/Pipeline.php(128): Illuminate\\Foundation\\Http\\Kernel->Illuminate\\Foundation\\Http\\{closure}(Object(Illuminate\\Http\\Request))
#48 /home/berandah/subdomains/panel.berandahukum.com/vendor/laravel/framework/src/Illuminate/Foundation/Http/Middleware/TransformsRequest.php(21): Illuminate\\Pipeline\\Pipeline->Illuminate\\Pipeline\\{closure}(Object(Illuminate\\Http\\Request))
#49 /home/berandah/subdomains/panel.berandahukum.com/vendor/laravel/framework/src/Illuminate/Pipeline/Pipeline.php(167): Illuminate\\Foundation\\Http\\Middleware\\TransformsRequest->handle(Object(Illuminate\\Http\\Request), Object(Closure))
#50 /home/berandah/subdomains/panel.berandahukum.com/vendor/laravel/framework/src/Illuminate/Foundation/Http/Middleware/TransformsRequest.php(21): Illuminate\\Pipeline\\Pipeline->Illuminate\\Pipeline\\{closure}(Object(Illuminate\\Http\\Request))
#51 /home/berandah/subdomains/panel.berandahukum.com/vendor/laravel/framework/src/Illuminate/Pipeline/Pipeline.php(167): Illuminate\\Foundation\\Http\\Middleware\\TransformsRequest->handle(Object(Illuminate\\Http\\Request), Object(Closure))
#52 /home/berandah/subdomains/panel.berandahukum.com/vendor/laravel/framework/src/Illuminate/Foundation/Http/Middleware/ValidatePostSize.php(27): Illuminate\\Pipeline\\Pipeline->Illuminate\\Pipeline\\{closure}(Object(Illuminate\\Http\\Request))
#53 /home/berandah/subdomains/panel.berandahukum.com/vendor/laravel/framework/src/Illuminate/Pipeline/Pipeline.php(167): Illuminate\\Foundation\\Http\\Middleware\\ValidatePostSize->handle(Object(Illuminate\\Http\\Request), Object(Closure))
#54 /home/berandah/subdomains/panel.berandahukum.com/vendor/laravel/framework/src/Illuminate/Foundation/Http/Middleware/PreventRequestsDuringMaintenance.php(86): Illuminate\\Pipeline\\Pipeline->Illuminate\\Pipeline\\{closure}(Object(Illuminate\\Http\\Request))
#55 /home/berandah/subdomains/panel.berandahukum.com/vendor/laravel/framework/src/Illuminate/Pipeline/Pipeline.php(167): Illuminate\\Foundation\\Http\\Middleware\\PreventRequestsDuringMaintenance->handle(Object(Illuminate\\Http\\Request), Object(Closure))
#56 /home/berandah/subdomains/panel.berandahukum.com/vendor/fruitcake/laravel-cors/src/HandleCors.php(37): Illuminate\\Pipeline\\Pipeline->Illuminate\\Pipeline\\{closure}(Object(Illuminate\\Http\\Request))
#57 /home/berandah/subdomains/panel.berandahukum.com/vendor/laravel/framework/src/Illuminate/Pipeline/Pipeline.php(167): Fruitcake\\Cors\\HandleCors->handle(Object(Illuminate\\Http\\Request), Object(Closure))
#58 /home/berandah/subdomains/panel.berandahukum.com/vendor/fideloper/proxy/src/TrustProxies.php(57): Illuminate\\Pipeline\\Pipeline->Illuminate\\Pipeline\\{closure}(Object(Illuminate\\Http\\Request))
#59 /home/berandah/subdomains/panel.berandahukum.com/vendor/laravel/framework/src/Illuminate/Pipeline/Pipeline.php(167): Fideloper\\Proxy\\TrustProxies->handle(Object(Illuminate\\Http\\Request), Object(Closure))
#60 /home/berandah/subdomains/panel.berandahukum.com/vendor/laravel/framework/src/Illuminate/Pipeline/Pipeline.php(103): Illuminate\\Pipeline\\Pipeline->Illuminate\\Pipeline\\{closure}(Object(Illuminate\\Http\\Request))
#61 /home/berandah/subdomains/panel.berandahukum.com/vendor/laravel/framework/src/Illuminate/Foundation/Http/Kernel.php(141): Illuminate\\Pipeline\\Pipeline->then(Object(Closure))
#62 /home/berandah/subdomains/panel.berandahukum.com/vendor/laravel/framework/src/Illuminate/Foundation/Http/Kernel.php(110): Illuminate\\Foundation\\Http\\Kernel->sendRequestThroughRouter(Object(Illuminate\\Http\\Request))
#63 /home/berandah/subdomains/panel.berandahukum.com/public/index.php(52): Illuminate\\Foundation\\Http\\Kernel->handle(Object(Illuminate\\Http\\Request))
#64 {main}
"} 
[2026-05-26 08:40:31] local.ERROR: syntax error, unexpected single-quoted string "] = implode(", ", array_filter..." {"exception":"[object] (ParseError(code: 0): syntax error, unexpected single-quoted string \"] = implode(\", \", array_filter...\" at /home/padikering/Documents/kerja/panel berandahukum/panel berandahukum/app/Http/Controllers/InvoiceController.php:474)
[stacktrace]
#0 /home/padikering/Documents/kerja/panel berandahukum/panel berandahukum/vendor/composer/ClassLoader.php(427): Composer\\Autoload\\{closure}()
#1 [internal function]: Composer\\Autoload\\ClassLoader->loadClass()
#2 /home/padikering/Documents/kerja/panel berandahukum/panel berandahukum/vendor/laravel/framework/src/Illuminate/Container/Container.php(877): ReflectionClass->__construct()
#3 /home/padikering/Documents/kerja/panel berandahukum/panel berandahukum/vendor/laravel/framework/src/Illuminate/Container/Container.php(758): Illuminate\\Container\\Container->build()
#4 /home/padikering/Documents/kerja/panel berandahukum/panel berandahukum/vendor/laravel/framework/src/Illuminate/Foundation/Application.php(853): Illuminate\\Container\\Container->resolve()
#5 /home/padikering/Documents/kerja/panel berandahukum/panel berandahukum/vendor/laravel/framework/src/Illuminate/Container/Container.php(694): Illuminate\\Foundation\\Application->resolve()
#6 /home/padikering/Documents/kerja/panel berandahukum/panel berandahukum/vendor/laravel/framework/src/Illuminate/Foundation/Application.php(838): Illuminate\\Container\\Container->make()
#7 /home/padikering/Documents/kerja/panel berandahukum/panel berandahukum/vendor/laravel/framework/src/Illuminate/Routing/Route.php(276): Illuminate\\Foundation\\Application->make()
#8 /home/padikering/Documents/kerja/panel berandahukum/panel berandahukum/vendor/laravel/framework/src/Illuminate/Routing/Route.php(1080): Illuminate\\Routing\\Route->getController()
#9 /home/padikering/Documents/kerja/panel berandahukum/panel berandahukum/vendor/laravel/framework/src/Illuminate/Routing/Route.php(1023): Illuminate\\Routing\\Route->controllerMiddleware()
#10 /home/padikering/Documents/kerja/panel berandahukum/panel berandahukum/vendor/laravel/framework/src/Illuminate/Routing/Router.php(734): Illuminate\\Routing\\Route->gatherMiddleware()
#11 /home/padikering/Documents/kerja/panel berandahukum/panel berandahukum/vendor/laravel/framework/src/Illuminate/Foundation/Console/RouteListCommand.php(175): Illuminate\\Routing\\Router->gatherRouteMiddleware()
#12 /home/padikering/Documents/kerja/panel berandahukum/panel berandahukum/vendor/laravel/framework/src/Illuminate/Foundation/Console/RouteListCommand.php(119): Illuminate\\Foundation\\Console\\RouteListCommand->getMiddleware()
#13 /home/padikering/Documents/kerja/panel berandahukum/panel berandahukum/vendor/laravel/framework/src/Illuminate/Foundation/Console/RouteListCommand.php(91): Illuminate\\Foundation\\Console\\RouteListCommand->getRouteInformation()
#14 [internal function]: Illuminate\\Foundation\\Console\\RouteListCommand->Illuminate\\Foundation\\Console\\{closure}()
#15 /home/padikering/Documents/kerja/panel berandahukum/panel berandahukum/vendor/laravel/framework/src/Illuminate/Collections/Collection.php(695): array_map()
#16 /home/padikering/Documents/kerja/panel berandahukum/panel berandahukum/vendor/laravel/framework/src/Illuminate/Foundation/Console/RouteListCommand.php(92): Illuminate\\Support\\Collection->map()
#17 /home/padikering/Documents/kerja/panel berandahukum/panel berandahukum/vendor/laravel/framework/src/Illuminate/Foundation/Console/RouteListCommand.php(76): Illuminate\\Foundation\\Console\\RouteListCommand->getRoutes()
#18 /home/padikering/Documents/kerja/panel berandahukum/panel berandahukum/vendor/laravel/framework/src/Illuminate/Container/BoundMethod.php(36): Illuminate\\Foundation\\Console\\RouteListCommand->handle()
#19 /home/padikering/Documents/kerja/panel berandahukum/panel berandahukum/vendor/laravel/framework/src/Illuminate/Container/Util.php(40): Illuminate\\Container\\BoundMethod::Illuminate\\Container\\{closure}()
#20 /home/padikering/Documents/kerja/panel berandahukum/panel berandahukum/vendor/laravel/framework/src/Illuminate/Container/BoundMethod.php(93): Illuminate\\Container\\Util::unwrapIfClosure()
#21 /home/padikering/Documents/kerja/panel berandahukum/panel berandahukum/vendor/laravel/framework/src/Illuminate/Container/BoundMethod.php(37): Illuminate\\Container\\BoundMethod::callBoundMethod()
#22 /home/padikering/Documents/kerja/panel berandahukum/panel berandahukum/vendor/laravel/framework/src/Illuminate/Container/Container.php(653): Illuminate\\Container\\BoundMethod::call()
#23 /home/padikering/Documents/kerja/panel berandahukum/panel berandahukum/vendor/laravel/framework/src/Illuminate/Console/Command.php(136): Illuminate\\Container\\Container->call()
#24 /home/padikering/Documents/kerja/panel berandahukum/panel berandahukum/vendor/symfony/console/Command/Command.php(298): Illuminate\\Console\\Command->execute()
#25 /home/padikering/Documents/kerja/panel berandahukum/panel berandahukum/vendor/laravel/framework/src/Illuminate/Console/Command.php(121): Symfony\\Component\\Console\\Command\\Command->run()
#26 /home/padikering/Documents/kerja/panel berandahukum/panel berandahukum/vendor/symfony/console/Application.php(1040): Illuminate\\Console\\Command->run()
#27 /home/padikering/Documents/kerja/panel berandahukum/panel berandahukum/vendor/symfony/console/Application.php(301): Symfony\\Component\\Console\\Application->doRunCommand()
#28 /home/padikering/Documents/kerja/panel berandahukum/panel berandahukum/vendor/symfony/console/Application.php(171): Symfony\\Component\\Console\\Application->doRun()
#29 /home/padikering/Documents/kerja/panel berandahukum/panel berandahukum/vendor/laravel/framework/src/Illuminate/Console/Application.php(94): Symfony\\Component\\Console\\Application->run()
#30 /home/padikering/Documents/kerja/panel berandahukum/panel berandahukum/vendor/laravel/framework/src/Illuminate/Foundation/Console/Kernel.php(129): Illuminate\\Console\\Application->run()
#31 /home/padikering/Documents/kerja/panel berandahukum/panel berandahukum/artisan(37): Illuminate\\Foundation\\Console\\Kernel->handle()
#32 {main}
"} 
[2026-05-28 09:14:11] local.ERROR: Class 'App\Http\Controllers\Auth' not found {"userId":35,"exception":"[object] (Error(code: 0): Class 'App\\Http\\Controllers\\Auth' not found at /home/berandah/subdomains/panel.berandahukum.com/app/Http/Controllers/TokoController.php:113)
[stacktrace]
#0 /home/berandah/subdomains/panel.berandahukum.com/vendor/laravel/framework/src/Illuminate/Routing/Controller.php(54): App\\Http\\Controllers\\TokoController->update(Object(Illuminate\\Http\\Request))
#1 /home/berandah/subdomains/panel.berandahukum.com/vendor/laravel/framework/src/Illuminate/Routing/ControllerDispatcher.php(45): Illuminate\\Routing\\Controller->callAction('update', Array)
#2 /home/berandah/subdomains/panel.berandahukum.com/vendor/laravel/framework/src/Illuminate/Routing/Route.php(254): Illuminate\\Routing\\ControllerDispatcher->dispatch(Object(Illuminate\\Routing\\Route), Object(App\\Http\\Controllers\\TokoController), 'update')
#3 /home/berandah/subdomains/panel.berandahukum.com/vendor/laravel/framework/src/Illuminate/Routing/Route.php(197): Illuminate\\Routing\\Route->runController()
#4 /home/berandah/subdomains/panel.berandahukum.com/vendor/laravel/framework/src/Illuminate/Routing/Router.php(693): Illuminate\\Routing\\Route->run()
#5 /home/berandah/subdomains/panel.berandahukum.com/vendor/laravel/framework/src/Illuminate/Pipeline/Pipeline.php(128): Illuminate\\Routing\\Router->Illuminate\\Routing\\{closure}(Object(Illuminate\\Http\\Request))
#6 /home/berandah/subdomains/panel.berandahukum.com/app/Http/Middleware/CheckBlockedIp.php(22): Illuminate\\Pipeline\\Pipeline->Illuminate\\Pipeline\\{closure}(Object(Illuminate\\Http\\Request))
#7 /home/berandah/subdomains/panel.berandahukum.com/vendor/laravel/framework/src/Illuminate/Pipeline/Pipeline.php(167): App\\Http\\Middleware\\CheckBlockedIp->handle(Object(Illuminate\\Http\\Request), Object(Closure))
#8 /home/berandah/subdomains/panel.berandahukum.com/vendor/laravel/framework/src/Illuminate/Routing/Middleware/SubstituteBindings.php(50): Illuminate\\Pipeline\\Pipeline->Illuminate\\Pipeline\\{closure}(Object(Illuminate\\Http\\Request))
#9 /home/berandah/subdomains/panel.berandahukum.com/vendor/laravel/framework/src/Illuminate/Pipeline/Pipeline.php(167): Illuminate\\Routing\\Middleware\\SubstituteBindings->handle(Object(Illuminate\\Http\\Request), Object(Closure))
#10 /home/berandah/subdomains/panel.berandahukum.com/vendor/laravel/framework/src/Illuminate/Auth/Middleware/Authenticate.php(44): Illuminate\\Pipeline\\Pipeline->Illuminate\\Pipeline\\{closure}(Object(Illuminate\\Http\\Request))
#11 /home/berandah/subdomains/panel.berandahukum.com/vendor/laravel/framework/src/Illuminate/Pipeline/Pipeline.php(167): Illuminate\\Auth\\Middleware\\Authenticate->handle(Object(Illuminate\\Http\\Request), Object(Closure))
#12 /home/berandah/subdomains/panel.berandahukum.com/vendor/laravel/framework/src/Illuminate/Foundation/Http/Middleware/VerifyCsrfToken.php(78): Illuminate\\Pipeline\\Pipeline->Illuminate\\Pipeline\\{closure}(Object(Illuminate\\Http\\Request))
#13 /home/berandah/subdomains/panel.berandahukum.com/vendor/laravel/framework/src/Illuminate/Pipeline/Pipeline.php(167): Illuminate\\Foundation\\Http\\Middleware\\VerifyCsrfToken->handle(Object(Illuminate\\Http\\Request), Object(Closure))
#14 /home/berandah/subdomains/panel.berandahukum.com/vendor/laravel/framework/src/Illuminate/View/Middleware/ShareErrorsFromSession.php(49): Illuminate\\Pipeline\\Pipeline->Illuminate\\Pipeline\\{closure}(Object(Illuminate\\Http\\Request))
#15 /home/berandah/subdomains/panel.berandahukum.com/vendor/laravel/framework/src/Illuminate/Pipeline/Pipeline.php(167): Illuminate\\View\\Middleware\\ShareErrorsFromSession->handle(Object(Illuminate\\Http\\Request), Object(Closure))
#16 /home/berandah/subdomains/panel.berandahukum.com/vendor/laravel/framework/src/Illuminate/Session/Middleware/StartSession.php(121): Illuminate\\Pipeline\\Pipeline->Illuminate\\Pipeline\\{closure}(Object(Illuminate\\Http\\Request))
#17 /home/berandah/subdomains/panel.berandahukum.com/vendor/laravel/framework/src/Illuminate/Session/Middleware/StartSession.php(63): Illuminate\\Session\\Middleware\\StartSession->handleStatefulRequest(Object(Illuminate\\Http\\Request), Object(Illuminate\\Session\\Store), Object(Closure))
#18 /home/berandah/subdomains/panel.berandahukum.com/vendor/laravel/framework/src/Illuminate/Pipeline/Pipeline.php(167): Illuminate\\Session\\Middleware\\StartSession->handle(Object(Illuminate\\Http\\Request), Object(Closure))
#19 /home/berandah/subdomains/panel.berandahukum.com/vendor/laravel/framework/src/Illuminate/Cookie/Middleware/AddQueuedCookiesToResponse.php(37): Illuminate\\Pipeline\\Pipeline->Illuminate\\Pipeline\\{closure}(Object(Illuminate\\Http\\Request))
#20 /home/berandah/subdomains/panel.berandahukum.com/vendor/laravel/framework/src/Illuminate/Pipeline/Pipeline.php(167): Illuminate\\Cookie\\Middleware\\AddQueuedCookiesToResponse->handle(Object(Illuminate\\Http\\Request), Object(Closure))
#21 /home/berandah/subdomains/panel.berandahukum.com/vendor/laravel/framework/src/Illuminate/Cookie/Middleware/EncryptCookies.php(67): Illuminate\\Pipeline\\Pipeline->Illuminate\\Pipeline\\{closure}(Object(Illuminate\\Http\\Request))
#22 /home/berandah/subdomains/panel.berandahukum.com/vendor/laravel/framework/src/Illuminate/Pipeline/Pipeline.php(167): Illuminate\\Cookie\\Middleware\\EncryptCookies->handle(Object(Illuminate\\Http\\Request), Object(Closure))
#23 /home/berandah/subdomains/panel.berandahukum.com/vendor/laravel/framework/src/Illuminate/Pipeline/Pipeline.php(103): Illuminate\\Pipeline\\Pipeline->Illuminate\\Pipeline\\{closure}(Object(Illuminate\\Http\\Request))
#24 /home/berandah/subdomains/panel.berandahukum.com/vendor/laravel/framework/src/Illuminate/Routing/Router.php(695): Illuminate\\Pipeline\\Pipeline->then(Object(Closure))
#25 /home/berandah/subdomains/panel.berandahukum.com/vendor/laravel/framework/src/Illuminate/Routing/Router.php(670): Illuminate\\Routing\\Router->runRouteWithinStack(Object(Illuminate\\Routing\\Route), Object(Illuminate\\Http\\Request))
#26 /home/berandah/subdomains/panel.berandahukum.com/vendor/laravel/framework/src/Illuminate/Routing/Router.php(636): Illuminate\\Routing\\Router->runRoute(Object(Illuminate\\Http\\Request), Object(Illuminate\\Routing\\Route))
#27 /home/berandah/subdomains/panel.berandahukum.com/vendor/laravel/framework/src/Illuminate/Routing/Router.php(625): Illuminate\\Routing\\Router->dispatchToRoute(Object(Illuminate\\Http\\Request))
#28 /home/berandah/subdomains/panel.berandahukum.com/vendor/laravel/framework/src/Illuminate/Foundation/Http/Kernel.php(166): Illuminate\\Routing\\Router->dispatch(Object(Illuminate\\Http\\Request))
#29 /home/berandah/subdomains/panel.berandahukum.com/vendor/laravel/framework/src/Illuminate/Pipeline/Pipeline.php(128): Illuminate\\Foundation\\Http\\Kernel->Illuminate\\Foundation\\Http\\{closure}(Object(Illuminate\\Http\\Request))
#30 /home/berandah/subdomains/panel.berandahukum.com/vendor/laravel/framework/src/Illuminate/Foundation/Http/Middleware/TransformsRequest.php(21): Illuminate\\Pipeline\\Pipeline->Illuminate\\Pipeline\\{closure}(Object(Illuminate\\Http\\Request))
#31 /home/berandah/subdomains/panel.berandahukum.com/vendor/laravel/framework/src/Illuminate/Pipeline/Pipeline.php(167): Illuminate\\Foundation\\Http\\Middleware\\TransformsRequest->handle(Object(Illuminate\\Http\\Request), Object(Closure))
#32 /home/berandah/subdomains/panel.berandahukum.com/vendor/laravel/framework/src/Illuminate/Foundation/Http/Middleware/TransformsRequest.php(21): Illuminate\\Pipeline\\Pipeline->Illuminate\\Pipeline\\{closure}(Object(Illuminate\\Http\\Request))
#33 /home/berandah/subdomains/panel.berandahukum.com/vendor/laravel/framework/src/Illuminate/Pipeline/Pipeline.php(167): Illuminate\\Foundation\\Http\\Middleware\\TransformsRequest->handle(Object(Illuminate\\Http\\Request), Object(Closure))
#34 /home/berandah/subdomains/panel.berandahukum.com/vendor/laravel/framework/src/Illuminate/Foundation/Http/Middleware/ValidatePostSize.php(27): Illuminate\\Pipeline\\Pipeline->Illuminate\\Pipeline\\{closure}(Object(Illuminate\\Http\\Request))
#35 /home/berandah/subdomains/panel.berandahukum.com/vendor/laravel/framework/src/Illuminate/Pipeline/Pipeline.php(167): Illuminate\\Foundation\\Http\\Middleware\\ValidatePostSize->handle(Object(Illuminate\\Http\\Request), Object(Closure))
#36 /home/berandah/subdomains/panel.berandahukum.com/vendor/laravel/framework/src/Illuminate/Foundation/Http/Middleware/PreventRequestsDuringMaintenance.php(86): Illuminate\\Pipeline\\Pipeline->Illuminate\\Pipeline\\{closure}(Object(Illuminate\\Http\\Request))
#37 /home/berandah/subdomains/panel.berandahukum.com/vendor/laravel/framework/src/Illuminate/Pipeline/Pipeline.php(167): Illuminate\\Foundation\\Http\\Middleware\\PreventRequestsDuringMaintenance->handle(Object(Illuminate\\Http\\Request), Object(Closure))
#38 /home/berandah/subdomains/panel.berandahukum.com/vendor/fruitcake/laravel-cors/src/HandleCors.php(37): Illuminate\\Pipeline\\Pipeline->Illuminate\\Pipeline\\{closure}(Object(Illuminate\\Http\\Request))
#39 /home/berandah/subdomains/panel.berandahukum.com/vendor/laravel/framework/src/Illuminate/Pipeline/Pipeline.php(167): Fruitcake\\Cors\\HandleCors->handle(Object(Illuminate\\Http\\Request), Object(Closure))
#40 /home/berandah/subdomains/panel.berandahukum.com/vendor/fideloper/proxy/src/TrustProxies.php(57): Illuminate\\Pipeline\\Pipeline->Illuminate\\Pipeline\\{closure}(Object(Illuminate\\Http\\Request))
#41 /home/berandah/subdomains/panel.berandahukum.com/vendor/laravel/framework/src/Illuminate/Pipeline/Pipeline.php(167): Fideloper\\Proxy\\TrustProxies->handle(Object(Illuminate\\Http\\Request), Object(Closure))
#42 /home/berandah/subdomains/panel.berandahukum.com/vendor/laravel/framework/src/Illuminate/Pipeline/Pipeline.php(103): Illuminate\\Pipeline\\Pipeline->Illuminate\\Pipeline\\{closure}(Object(Illuminate\\Http\\Request))
#43 /home/berandah/subdomains/panel.berandahukum.com/vendor/laravel/framework/src/Illuminate/Foundation/Http/Kernel.php(141): Illuminate\\Pipeline\\Pipeline->then(Object(Closure))
#44 /home/berandah/subdomains/panel.berandahukum.com/vendor/laravel/framework/src/Illuminate/Foundation/Http/Kernel.php(110): Illuminate\\Foundation\\Http\\Kernel->sendRequestThroughRouter(Object(Illuminate\\Http\\Request))
#45 /home/berandah/subdomains/panel.berandahukum.com/public/index.php(52): Illuminate\\Foundation\\Http\\Kernel->handle(Object(Illuminate\\Http\\Request))
#46 {main}
"} 
[2026-05-28 09:19:00] local.ERROR: Class 'App\Http\Controllers\Auth' not found {"userId":35,"exception":"[object] (Error(code: 0): Class 'App\\Http\\Controllers\\Auth' not found at /home/berandah/subdomains/panel.berandahukum.com/app/Http/Controllers/TokoController.php:113)
[stacktrace]
#0 /home/berandah/subdomains/panel.berandahukum.com/vendor/laravel/framework/src/Illuminate/Routing/Controller.php(54): App\\Http\\Controllers\\TokoController->update(Object(Illuminate\\Http\\Request))
#1 /home/berandah/subdomains/panel.berandahukum.com/vendor/laravel/framework/src/Illuminate/Routing/ControllerDispatcher.php(45): Illuminate\\Routing\\Controller->callAction('update', Array)
#2 /home/berandah/subdomains/panel.berandahukum.com/vendor/laravel/framework/src/Illuminate/Routing/Route.php(254): Illuminate\\Routing\\ControllerDispatcher->dispatch(Object(Illuminate\\Routing\\Route), Object(App\\Http\\Controllers\\TokoController), 'update')
#3 /home/berandah/subdomains/panel.berandahukum.com/vendor/laravel/framework/src/Illuminate/Routing/Route.php(197): Illuminate\\Routing\\Route->runController()
#4 /home/berandah/subdomains/panel.berandahukum.com/vendor/laravel/framework/src/Illuminate/Routing/Router.php(693): Illuminate\\Routing\\Route->run()
#5 /home/berandah/subdomains/panel.berandahukum.com/vendor/laravel/framework/src/Illuminate/Pipeline/Pipeline.php(128): Illuminate\\Routing\\Router->Illuminate\\Routing\\{closure}(Object(Illuminate\\Http\\Request))
#6 /home/berandah/subdomains/panel.berandahukum.com/app/Http/Middleware/CheckBlockedIp.php(22): Illuminate\\Pipeline\\Pipeline->Illuminate\\Pipeline\\{closure}(Object(Illuminate\\Http\\Request))
#7 /home/berandah/subdomains/panel.berandahukum.com/vendor/laravel/framework/src/Illuminate/Pipeline/Pipeline.php(167): App\\Http\\Middleware\\CheckBlockedIp->handle(Object(Illuminate\\Http\\Request), Object(Closure))
#8 /home/berandah/subdomains/panel.berandahukum.com/vendor/laravel/framework/src/Illuminate/Routing/Middleware/SubstituteBindings.php(50): Illuminate\\Pipeline\\Pipeline->Illuminate\\Pipeline\\{closure}(Object(Illuminate\\Http\\Request))
#9 /home/berandah/subdomains/panel.berandahukum.com/vendor/laravel/framework/src/Illuminate/Pipeline/Pipeline.php(167): Illuminate\\Routing\\Middleware\\SubstituteBindings->handle(Object(Illuminate\\Http\\Request), Object(Closure))
#10 /home/berandah/subdomains/panel.berandahukum.com/vendor/laravel/framework/src/Illuminate/Auth/Middleware/Authenticate.php(44): Illuminate\\Pipeline\\Pipeline->Illuminate\\Pipeline\\{closure}(Object(Illuminate\\Http\\Request))
#11 /home/berandah/subdomains/panel.berandahukum.com/vendor/laravel/framework/src/Illuminate/Pipeline/Pipeline.php(167): Illuminate\\Auth\\Middleware\\Authenticate->handle(Object(Illuminate\\Http\\Request), Object(Closure))
#12 /home/berandah/subdomains/panel.berandahukum.com/vendor/laravel/framework/src/Illuminate/Foundation/Http/Middleware/VerifyCsrfToken.php(78): Illuminate\\Pipeline\\Pipeline->Illuminate\\Pipeline\\{closure}(Object(Illuminate\\Http\\Request))
#13 /home/berandah/subdomains/panel.berandahukum.com/vendor/laravel/framework/src/Illuminate/Pipeline/Pipeline.php(167): Illuminate\\Foundation\\Http\\Middleware\\VerifyCsrfToken->handle(Object(Illuminate\\Http\\Request), Object(Closure))
#14 /home/berandah/subdomains/panel.berandahukum.com/vendor/laravel/framework/src/Illuminate/View/Middleware/ShareErrorsFromSession.php(49): Illuminate\\Pipeline\\Pipeline->Illuminate\\Pipeline\\{closure}(Object(Illuminate\\Http\\Request))
#15 /home/berandah/subdomains/panel.berandahukum.com/vendor/laravel/framework/src/Illuminate/Pipeline/Pipeline.php(167): Illuminate\\View\\Middleware\\ShareErrorsFromSession->handle(Object(Illuminate\\Http\\Request), Object(Closure))
#16 /home/berandah/subdomains/panel.berandahukum.com/vendor/laravel/framework/src/Illuminate/Session/Middleware/StartSession.php(121): Illuminate\\Pipeline\\Pipeline->Illuminate\\Pipeline\\{closure}(Object(Illuminate\\Http\\Request))
#17 /home/berandah/subdomains/panel.berandahukum.com/vendor/laravel/framework/src/Illuminate/Session/Middleware/StartSession.php(63): Illuminate\\Session\\Middleware\\StartSession->handleStatefulRequest(Object(Illuminate\\Http\\Request), Object(Illuminate\\Session\\Store), Object(Closure))
#18 /home/berandah/subdomains/panel.berandahukum.com/vendor/laravel/framework/src/Illuminate/Pipeline/Pipeline.php(167): Illuminate\\Session\\Middleware\\StartSession->handle(Object(Illuminate\\Http\\Request), Object(Closure))
#19 /home/berandah/subdomains/panel.berandahukum.com/vendor/laravel/framework/src/Illuminate/Cookie/Middleware/AddQueuedCookiesToResponse.php(37): Illuminate\\Pipeline\\Pipeline->Illuminate\\Pipeline\\{closure}(Object(Illuminate\\Http\\Request))
#20 /home/berandah/subdomains/panel.berandahukum.com/vendor/laravel/framework/src/Illuminate/Pipeline/Pipeline.php(167): Illuminate\\Cookie\\Middleware\\AddQueuedCookiesToResponse->handle(Object(Illuminate\\Http\\Request), Object(Closure))
#21 /home/berandah/subdomains/panel.berandahukum.com/vendor/laravel/framework/src/Illuminate/Cookie/Middleware/EncryptCookies.php(67): Illuminate\\Pipeline\\Pipeline->Illuminate\\Pipeline\\{closure}(Object(Illuminate\\Http\\Request))
#22 /home/berandah/subdomains/panel.berandahukum.com/vendor/laravel/framework/src/Illuminate/Pipeline/Pipeline.php(167): Illuminate\\Cookie\\Middleware\\EncryptCookies->handle(Object(Illuminate\\Http\\Request), Object(Closure))
#23 /home/berandah/subdomains/panel.berandahukum.com/vendor/laravel/framework/src/Illuminate/Pipeline/Pipeline.php(103): Illuminate\\Pipeline\\Pipeline->Illuminate\\Pipeline\\{closure}(Object(Illuminate\\Http\\Request))
#24 /home/berandah/subdomains/panel.berandahukum.com/vendor/laravel/framework/src/Illuminate/Routing/Router.php(695): Illuminate\\Pipeline\\Pipeline->then(Object(Closure))
#25 /home/berandah/subdomains/panel.berandahukum.com/vendor/laravel/framework/src/Illuminate/Routing/Router.php(670): Illuminate\\Routing\\Router->runRouteWithinStack(Object(Illuminate\\Routing\\Route), Object(Illuminate\\Http\\Request))
#26 /home/berandah/subdomains/panel.berandahukum.com/vendor/laravel/framework/src/Illuminate/Routing/Router.php(636): Illuminate\\Routing\\Router->runRoute(Object(Illuminate\\Http\\Request), Object(Illuminate\\Routing\\Route))
#27 /home/berandah/subdomains/panel.berandahukum.com/vendor/laravel/framework/src/Illuminate/Routing/Router.php(625): Illuminate\\Routing\\Router->dispatchToRoute(Object(Illuminate\\Http\\Request))
#28 /home/berandah/subdomains/panel.berandahukum.com/vendor/laravel/framework/src/Illuminate/Foundation/Http/Kernel.php(166): Illuminate\\Routing\\Router->dispatch(Object(Illuminate\\Http\\Request))
#29 /home/berandah/subdomains/panel.berandahukum.com/vendor/laravel/framework/src/Illuminate/Pipeline/Pipeline.php(128): Illuminate\\Foundation\\Http\\Kernel->Illuminate\\Foundation\\Http\\{closure}(Object(Illuminate\\Http\\Request))
#30 /home/berandah/subdomains/panel.berandahukum.com/vendor/laravel/framework/src/Illuminate/Foundation/Http/Middleware/TransformsRequest.php(21): Illuminate\\Pipeline\\Pipeline->Illuminate\\Pipeline\\{closure}(Object(Illuminate\\Http\\Request))
#31 /home/berandah/subdomains/panel.berandahukum.com/vendor/laravel/framework/src/Illuminate/Pipeline/Pipeline.php(167): Illuminate\\Foundation\\Http\\Middleware\\TransformsRequest->handle(Object(Illuminate\\Http\\Request), Object(Closure))
#32 /home/berandah/subdomains/panel.berandahukum.com/vendor/laravel/framework/src/Illuminate/Foundation/Http/Middleware/TransformsRequest.php(21): Illuminate\\Pipeline\\Pipeline->Illuminate\\Pipeline\\{closure}(Object(Illuminate\\Http\\Request))
#33 /home/berandah/subdomains/panel.berandahukum.com/vendor/laravel/framework/src/Illuminate/Pipeline/Pipeline.php(167): Illuminate\\Foundation\\Http\\Middleware\\TransformsRequest->handle(Object(Illuminate\\Http\\Request), Object(Closure))
#34 /home/berandah/subdomains/panel.berandahukum.com/vendor/laravel/framework/src/Illuminate/Foundation/Http/Middleware/ValidatePostSize.php(27): Illuminate\\Pipeline\\Pipeline->Illuminate\\Pipeline\\{closure}(Object(Illuminate\\Http\\Request))
#35 /home/berandah/subdomains/panel.berandahukum.com/vendor/laravel/framework/src/Illuminate/Pipeline/Pipeline.php(167): Illuminate\\Foundation\\Http\\Middleware\\ValidatePostSize->handle(Object(Illuminate\\Http\\Request), Object(Closure))
#36 /home/berandah/subdomains/panel.berandahukum.com/vendor/laravel/framework/src/Illuminate/Foundation/Http/Middleware/PreventRequestsDuringMaintenance.php(86): Illuminate\\Pipeline\\Pipeline->Illuminate\\Pipeline\\{closure}(Object(Illuminate\\Http\\Request))
#37 /home/berandah/subdomains/panel.berandahukum.com/vendor/laravel/framework/src/Illuminate/Pipeline/Pipeline.php(167): Illuminate\\Foundation\\Http\\Middleware\\PreventRequestsDuringMaintenance->handle(Object(Illuminate\\Http\\Request), Object(Closure))
#38 /home/berandah/subdomains/panel.berandahukum.com/vendor/fruitcake/laravel-cors/src/HandleCors.php(37): Illuminate\\Pipeline\\Pipeline->Illuminate\\Pipeline\\{closure}(Object(Illuminate\\Http\\Request))
#39 /home/berandah/subdomains/panel.berandahukum.com/vendor/laravel/framework/src/Illuminate/Pipeline/Pipeline.php(167): Fruitcake\\Cors\\HandleCors->handle(Object(Illuminate\\Http\\Request), Object(Closure))
#40 /home/berandah/subdomains/panel.berandahukum.com/vendor/fideloper/proxy/src/TrustProxies.php(57): Illuminate\\Pipeline\\Pipeline->Illuminate\\Pipeline\\{closure}(Object(Illuminate\\Http\\Request))
#41 /home/berandah/subdomains/panel.berandahukum.com/vendor/laravel/framework/src/Illuminate/Pipeline/Pipeline.php(167): Fideloper\\Proxy\\TrustProxies->handle(Object(Illuminate\\Http\\Request), Object(Closure))
#42 /home/berandah/subdomains/panel.berandahukum.com/vendor/laravel/framework/src/Illuminate/Pipeline/Pipeline.php(103): Illuminate\\Pipeline\\Pipeline->Illuminate\\Pipeline\\{closure}(Object(Illuminate\\Http\\Request))
#43 /home/berandah/subdomains/panel.berandahukum.com/vendor/laravel/framework/src/Illuminate/Foundation/Http/Kernel.php(141): Illuminate\\Pipeline\\Pipeline->then(Object(Closure))
#44 /home/berandah/subdomains/panel.berandahukum.com/vendor/laravel/framework/src/Illuminate/Foundation/Http/Kernel.php(110): Illuminate\\Foundation\\Http\\Kernel->sendRequestThroughRouter(Object(Illuminate\\Http\\Request))
#45 /home/berandah/subdomains/panel.berandahukum.com/public/index.php(52): Illuminate\\Foundation\\Http\\Kernel->handle(Object(Illuminate\\Http\\Request))
#46 {main}
"} 
[2026-06-02 10:13:51] local.ERROR: Class 'App\Http\Controllers\Auth' not found {"userId":35,"exception":"[object] (Error(code: 0): Class 'App\\Http\\Controllers\\Auth' not found at /home/berandah/subdomains/panel.berandahukum.com/app/Http/Controllers/TokoController.php:113)
[stacktrace]
#0 /home/berandah/subdomains/panel.berandahukum.com/vendor/laravel/framework/src/Illuminate/Routing/Controller.php(54): App\\Http\\Controllers\\TokoController->update(Object(Illuminate\\Http\\Request))
#1 /home/berandah/subdomains/panel.berandahukum.com/vendor/laravel/framework/src/Illuminate/Routing/ControllerDispatcher.php(45): Illuminate\\Routing\\Controller->callAction('update', Array)
#2 /home/berandah/subdomains/panel.berandahukum.com/vendor/laravel/framework/src/Illuminate/Routing/Route.php(254): Illuminate\\Routing\\ControllerDispatcher->dispatch(Object(Illuminate\\Routing\\Route), Object(App\\Http\\Controllers\\TokoController), 'update')
#3 /home/berandah/subdomains/panel.berandahukum.com/vendor/laravel/framework/src/Illuminate/Routing/Route.php(197): Illuminate\\Routing\\Route->runController()
#4 /home/berandah/subdomains/panel.berandahukum.com/vendor/laravel/framework/src/Illuminate/Routing/Router.php(693): Illuminate\\Routing\\Route->run()
#5 /home/berandah/subdomains/panel.berandahukum.com/vendor/laravel/framework/src/Illuminate/Pipeline/Pipeline.php(128): Illuminate\\Routing\\Router->Illuminate\\Routing\\{closure}(Object(Illuminate\\Http\\Request))
#6 /home/berandah/subdomains/panel.berandahukum.com/app/Http/Middleware/CheckBlockedIp.php(22): Illuminate\\Pipeline\\Pipeline->Illuminate\\Pipeline\\{closure}(Object(Illuminate\\Http\\Request))
#7 /home/berandah/subdomains/panel.berandahukum.com/vendor/laravel/framework/src/Illuminate/Pipeline/Pipeline.php(167): App\\Http\\Middleware\\CheckBlockedIp->handle(Object(Illuminate\\Http\\Request), Object(Closure))
#8 /home/berandah/subdomains/panel.berandahukum.com/vendor/laravel/framework/src/Illuminate/Routing/Middleware/SubstituteBindings.php(50): Illuminate\\Pipeline\\Pipeline->Illuminate\\Pipeline\\{closure}(Object(Illuminate\\Http\\Request))
#9 /home/berandah/subdomains/panel.berandahukum.com/vendor/laravel/framework/src/Illuminate/Pipeline/Pipeline.php(167): Illuminate\\Routing\\Middleware\\SubstituteBindings->handle(Object(Illuminate\\Http\\Request), Object(Closure))
#10 /home/berandah/subdomains/panel.berandahukum.com/vendor/laravel/framework/src/Illuminate/Auth/Middleware/Authenticate.php(44): Illuminate\\Pipeline\\Pipeline->Illuminate\\Pipeline\\{closure}(Object(Illuminate\\Http\\Request))
#11 /home/berandah/subdomains/panel.berandahukum.com/vendor/laravel/framework/src/Illuminate/Pipeline/Pipeline.php(167): Illuminate\\Auth\\Middleware\\Authenticate->handle(Object(Illuminate\\Http\\Request), Object(Closure))
#12 /home/berandah/subdomains/panel.berandahukum.com/vendor/laravel/framework/src/Illuminate/Foundation/Http/Middleware/VerifyCsrfToken.php(78): Illuminate\\Pipeline\\Pipeline->Illuminate\\Pipeline\\{closure}(Object(Illuminate\\Http\\Request))
#13 /home/berandah/subdomains/panel.berandahukum.com/vendor/laravel/framework/src/Illuminate/Pipeline/Pipeline.php(167): Illuminate\\Foundation\\Http\\Middleware\\VerifyCsrfToken->handle(Object(Illuminate\\Http\\Request), Object(Closure))
#14 /home/berandah/subdomains/panel.berandahukum.com/vendor/laravel/framework/src/Illuminate/View/Middleware/ShareErrorsFromSession.php(49): Illuminate\\Pipeline\\Pipeline->Illuminate\\Pipeline\\{closure}(Object(Illuminate\\Http\\Request))
#15 /home/berandah/subdomains/panel.berandahukum.com/vendor/laravel/framework/src/Illuminate/Pipeline/Pipeline.php(167): Illuminate\\View\\Middleware\\ShareErrorsFromSession->handle(Object(Illuminate\\Http\\Request), Object(Closure))
#16 /home/berandah/subdomains/panel.berandahukum.com/vendor/laravel/framework/src/Illuminate/Session/Middleware/StartSession.php(121): Illuminate\\Pipeline\\Pipeline->Illuminate\\Pipeline\\{closure}(Object(Illuminate\\Http\\Request))
#17 /home/berandah/subdomains/panel.berandahukum.com/vendor/laravel/framework/src/Illuminate/Session/Middleware/StartSession.php(63): Illuminate\\Session\\Middleware\\StartSession->handleStatefulRequest(Object(Illuminate\\Http\\Request), Object(Illuminate\\Session\\Store), Object(Closure))
#18 /home/berandah/subdomains/panel.berandahukum.com/vendor/laravel/framework/src/Illuminate/Pipeline/Pipeline.php(167): Illuminate\\Session\\Middleware\\StartSession->handle(Object(Illuminate\\Http\\Request), Object(Closure))
#19 /home/berandah/subdomains/panel.berandahukum.com/vendor/laravel/framework/src/Illuminate/Cookie/Middleware/AddQueuedCookiesToResponse.php(37): Illuminate\\Pipeline\\Pipeline->Illuminate\\Pipeline\\{closure}(Object(Illuminate\\Http\\Request))
#20 /home/berandah/subdomains/panel.berandahukum.com/vendor/laravel/framework/src/Illuminate/Pipeline/Pipeline.php(167): Illuminate\\Cookie\\Middleware\\AddQueuedCookiesToResponse->handle(Object(Illuminate\\Http\\Request), Object(Closure))
#21 /home/berandah/subdomains/panel.berandahukum.com/vendor/laravel/framework/src/Illuminate/Cookie/Middleware/EncryptCookies.php(67): Illuminate\\Pipeline\\Pipeline->Illuminate\\Pipeline\\{closure}(Object(Illuminate\\Http\\Request))
#22 /home/berandah/subdomains/panel.berandahukum.com/vendor/laravel/framework/src/Illuminate/Pipeline/Pipeline.php(167): Illuminate\\Cookie\\Middleware\\EncryptCookies->handle(Object(Illuminate\\Http\\Request), Object(Closure))
#23 /home/berandah/subdomains/panel.berandahukum.com/vendor/laravel/framework/src/Illuminate/Pipeline/Pipeline.php(103): Illuminate\\Pipeline\\Pipeline->Illuminate\\Pipeline\\{closure}(Object(Illuminate\\Http\\Request))
#24 /home/berandah/subdomains/panel.berandahukum.com/vendor/laravel/framework/src/Illuminate/Routing/Router.php(695): Illuminate\\Pipeline\\Pipeline->then(Object(Closure))
#25 /home/berandah/subdomains/panel.berandahukum.com/vendor/laravel/framework/src/Illuminate/Routing/Router.php(670): Illuminate\\Routing\\Router->runRouteWithinStack(Object(Illuminate\\Routing\\Route), Object(Illuminate\\Http\\Request))
#26 /home/berandah/subdomains/panel.berandahukum.com/vendor/laravel/framework/src/Illuminate/Routing/Router.php(636): Illuminate\\Routing\\Router->runRoute(Object(Illuminate\\Http\\Request), Object(Illuminate\\Routing\\Route))
#27 /home/berandah/subdomains/panel.berandahukum.com/vendor/laravel/framework/src/Illuminate/Routing/Router.php(625): Illuminate\\Routing\\Router->dispatchToRoute(Object(Illuminate\\Http\\Request))
#28 /home/berandah/subdomains/panel.berandahukum.com/vendor/laravel/framework/src/Illuminate/Foundation/Http/Kernel.php(166): Illuminate\\Routing\\Router->dispatch(Object(Illuminate\\Http\\Request))
#29 /home/berandah/subdomains/panel.berandahukum.com/vendor/laravel/framework/src/Illuminate/Pipeline/Pipeline.php(128): Illuminate\\Foundation\\Http\\Kernel->Illuminate\\Foundation\\Http\\{closure}(Object(Illuminate\\Http\\Request))
#30 /home/berandah/subdomains/panel.berandahukum.com/vendor/laravel/framework/src/Illuminate/Foundation/Http/Middleware/TransformsRequest.php(21): Illuminate\\Pipeline\\Pipeline->Illuminate\\Pipeline\\{closure}(Object(Illuminate\\Http\\Request))
#31 /home/berandah/subdomains/panel.berandahukum.com/vendor/laravel/framework/src/Illuminate/Pipeline/Pipeline.php(167): Illuminate\\Foundation\\Http\\Middleware\\TransformsRequest->handle(Object(Illuminate\\Http\\Request), Object(Closure))
#32 /home/berandah/subdomains/panel.berandahukum.com/vendor/laravel/framework/src/Illuminate/Foundation/Http/Middleware/TransformsRequest.php(21): Illuminate\\Pipeline\\Pipeline->Illuminate\\Pipeline\\{closure}(Object(Illuminate\\Http\\Request))
#33 /home/berandah/subdomains/panel.berandahukum.com/vendor/laravel/framework/src/Illuminate/Pipeline/Pipeline.php(167): Illuminate\\Foundation\\Http\\Middleware\\TransformsRequest->handle(Object(Illuminate\\Http\\Request), Object(Closure))
#34 /home/berandah/subdomains/panel.berandahukum.com/vendor/laravel/framework/src/Illuminate/Foundation/Http/Middleware/ValidatePostSize.php(27): Illuminate\\Pipeline\\Pipeline->Illuminate\\Pipeline\\{closure}(Object(Illuminate\\Http\\Request))
#35 /home/berandah/subdomains/panel.berandahukum.com/vendor/laravel/framework/src/Illuminate/Pipeline/Pipeline.php(167): Illuminate\\Foundation\\Http\\Middleware\\ValidatePostSize->handle(Object(Illuminate\\Http\\Request), Object(Closure))
#36 /home/berandah/subdomains/panel.berandahukum.com/vendor/laravel/framework/src/Illuminate/Foundation/Http/Middleware/PreventRequestsDuringMaintenance.php(86): Illuminate\\Pipeline\\Pipeline->Illuminate\\Pipeline\\{closure}(Object(Illuminate\\Http\\Request))
#37 /home/berandah/subdomains/panel.berandahukum.com/vendor/laravel/framework/src/Illuminate/Pipeline/Pipeline.php(167): Illuminate\\Foundation\\Http\\Middleware\\PreventRequestsDuringMaintenance->handle(Object(Illuminate\\Http\\Request), Object(Closure))
#38 /home/berandah/subdomains/panel.berandahukum.com/vendor/fruitcake/laravel-cors/src/HandleCors.php(37): Illuminate\\Pipeline\\Pipeline->Illuminate\\Pipeline\\{closure}(Object(Illuminate\\Http\\Request))
#39 /home/berandah/subdomains/panel.berandahukum.com/vendor/laravel/framework/src/Illuminate/Pipeline/Pipeline.php(167): Fruitcake\\Cors\\HandleCors->handle(Object(Illuminate\\Http\\Request), Object(Closure))
#40 /home/berandah/subdomains/panel.berandahukum.com/vendor/fideloper/proxy/src/TrustProxies.php(57): Illuminate\\Pipeline\\Pipeline->Illuminate\\Pipeline\\{closure}(Object(Illuminate\\Http\\Request))
#41 /home/berandah/subdomains/panel.berandahukum.com/vendor/laravel/framework/src/Illuminate/Pipeline/Pipeline.php(167): Fideloper\\Proxy\\TrustProxies->handle(Object(Illuminate\\Http\\Request), Object(Closure))
#42 /home/berandah/subdomains/panel.berandahukum.com/vendor/laravel/framework/src/Illuminate/Pipeline/Pipeline.php(103): Illuminate\\Pipeline\\Pipeline->Illuminate\\Pipeline\\{closure}(Object(Illuminate\\Http\\Request))
#43 /home/berandah/subdomains/panel.berandahukum.com/vendor/laravel/framework/src/Illuminate/Foundation/Http/Kernel.php(141): Illuminate\\Pipeline\\Pipeline->then(Object(Closure))
#44 /home/berandah/subdomains/panel.berandahukum.com/vendor/laravel/framework/src/Illuminate/Foundation/Http/Kernel.php(110): Illuminate\\Foundation\\Http\\Kernel->sendRequestThroughRouter(Object(Illuminate\\Http\\Request))
#45 /home/berandah/subdomains/panel.berandahukum.com/public/index.php(52): Illuminate\\Foundation\\Http\\Kernel->handle(Object(Illuminate\\Http\\Request))
#46 {main}
"} 
[2026-06-02 10:17:52] local.ERROR: Class 'App\Http\Controllers\Auth' not found {"userId":35,"exception":"[object] (Error(code: 0): Class 'App\\Http\\Controllers\\Auth' not found at /home/berandah/subdomains/panel.berandahukum.com/app/Http/Controllers/TokoController.php:113)
[stacktrace]
#0 /home/berandah/subdomains/panel.berandahukum.com/vendor/laravel/framework/src/Illuminate/Routing/Controller.php(54): App\\Http\\Controllers\\TokoController->update(Object(Illuminate\\Http\\Request))
#1 /home/berandah/subdomains/panel.berandahukum.com/vendor/laravel/framework/src/Illuminate/Routing/ControllerDispatcher.php(45): Illuminate\\Routing\\Controller->callAction('update', Array)
#2 /home/berandah/subdomains/panel.berandahukum.com/vendor/laravel/framework/src/Illuminate/Routing/Route.php(254): Illuminate\\Routing\\ControllerDispatcher->dispatch(Object(Illuminate\\Routing\\Route), Object(App\\Http\\Controllers\\TokoController), 'update')
#3 /home/berandah/subdomains/panel.berandahukum.com/vendor/laravel/framework/src/Illuminate/Routing/Route.php(197): Illuminate\\Routing\\Route->runController()
#4 /home/berandah/subdomains/panel.berandahukum.com/vendor/laravel/framework/src/Illuminate/Routing/Router.php(693): Illuminate\\Routing\\Route->run()
#5 /home/berandah/subdomains/panel.berandahukum.com/vendor/laravel/framework/src/Illuminate/Pipeline/Pipeline.php(128): Illuminate\\Routing\\Router->Illuminate\\Routing\\{closure}(Object(Illuminate\\Http\\Request))
#6 /home/berandah/subdomains/panel.berandahukum.com/app/Http/Middleware/CheckBlockedIp.php(22): Illuminate\\Pipeline\\Pipeline->Illuminate\\Pipeline\\{closure}(Object(Illuminate\\Http\\Request))
#7 /home/berandah/subdomains/panel.berandahukum.com/vendor/laravel/framework/src/Illuminate/Pipeline/Pipeline.php(167): App\\Http\\Middleware\\CheckBlockedIp->handle(Object(Illuminate\\Http\\Request), Object(Closure))
#8 /home/berandah/subdomains/panel.berandahukum.com/vendor/laravel/framework/src/Illuminate/Routing/Middleware/SubstituteBindings.php(50): Illuminate\\Pipeline\\Pipeline->Illuminate\\Pipeline\\{closure}(Object(Illuminate\\Http\\Request))
#9 /home/berandah/subdomains/panel.berandahukum.com/vendor/laravel/framework/src/Illuminate/Pipeline/Pipeline.php(167): Illuminate\\Routing\\Middleware\\SubstituteBindings->handle(Object(Illuminate\\Http\\Request), Object(Closure))
#10 /home/berandah/subdomains/panel.berandahukum.com/vendor/laravel/framework/src/Illuminate/Auth/Middleware/Authenticate.php(44): Illuminate\\Pipeline\\Pipeline->Illuminate\\Pipeline\\{closure}(Object(Illuminate\\Http\\Request))
#11 /home/berandah/subdomains/panel.berandahukum.com/vendor/laravel/framework/src/Illuminate/Pipeline/Pipeline.php(167): Illuminate\\Auth\\Middleware\\Authenticate->handle(Object(Illuminate\\Http\\Request), Object(Closure))
#12 /home/berandah/subdomains/panel.berandahukum.com/vendor/laravel/framework/src/Illuminate/Foundation/Http/Middleware/VerifyCsrfToken.php(78): Illuminate\\Pipeline\\Pipeline->Illuminate\\Pipeline\\{closure}(Object(Illuminate\\Http\\Request))
#13 /home/berandah/subdomains/panel.berandahukum.com/vendor/laravel/framework/src/Illuminate/Pipeline/Pipeline.php(167): Illuminate\\Foundation\\Http\\Middleware\\VerifyCsrfToken->handle(Object(Illuminate\\Http\\Request), Object(Closure))
#14 /home/berandah/subdomains/panel.berandahukum.com/vendor/laravel/framework/src/Illuminate/View/Middleware/ShareErrorsFromSession.php(49): Illuminate\\Pipeline\\Pipeline->Illuminate\\Pipeline\\{closure}(Object(Illuminate\\Http\\Request))
#15 /home/berandah/subdomains/panel.berandahukum.com/vendor/laravel/framework/src/Illuminate/Pipeline/Pipeline.php(167): Illuminate\\View\\Middleware\\ShareErrorsFromSession->handle(Object(Illuminate\\Http\\Request), Object(Closure))
#16 /home/berandah/subdomains/panel.berandahukum.com/vendor/laravel/framework/src/Illuminate/Session/Middleware/StartSession.php(121): Illuminate\\Pipeline\\Pipeline->Illuminate\\Pipeline\\{closure}(Object(Illuminate\\Http\\Request))
#17 /home/berandah/subdomains/panel.berandahukum.com/vendor/laravel/framework/src/Illuminate/Session/Middleware/StartSession.php(63): Illuminate\\Session\\Middleware\\StartSession->handleStatefulRequest(Object(Illuminate\\Http\\Request), Object(Illuminate\\Session\\Store), Object(Closure))
#18 /home/berandah/subdomains/panel.berandahukum.com/vendor/laravel/framework/src/Illuminate/Pipeline/Pipeline.php(167): Illuminate\\Session\\Middleware\\StartSession->handle(Object(Illuminate\\Http\\Request), Object(Closure))
#19 /home/berandah/subdomains/panel.berandahukum.com/vendor/laravel/framework/src/Illuminate/Cookie/Middleware/AddQueuedCookiesToResponse.php(37): Illuminate\\Pipeline\\Pipeline->Illuminate\\Pipeline\\{closure}(Object(Illuminate\\Http\\Request))
#20 /home/berandah/subdomains/panel.berandahukum.com/vendor/laravel/framework/src/Illuminate/Pipeline/Pipeline.php(167): Illuminate\\Cookie\\Middleware\\AddQueuedCookiesToResponse->handle(Object(Illuminate\\Http\\Request), Object(Closure))
#21 /home/berandah/subdomains/panel.berandahukum.com/vendor/laravel/framework/src/Illuminate/Cookie/Middleware/EncryptCookies.php(67): Illuminate\\Pipeline\\Pipeline->Illuminate\\Pipeline\\{closure}(Object(Illuminate\\Http\\Request))
#22 /home/berandah/subdomains/panel.berandahukum.com/vendor/laravel/framework/src/Illuminate/Pipeline/Pipeline.php(167): Illuminate\\Cookie\\Middleware\\EncryptCookies->handle(Object(Illuminate\\Http\\Request), Object(Closure))
#23 /home/berandah/subdomains/panel.berandahukum.com/vendor/laravel/framework/src/Illuminate/Pipeline/Pipeline.php(103): Illuminate\\Pipeline\\Pipeline->Illuminate\\Pipeline\\{closure}(Object(Illuminate\\Http\\Request))
#24 /home/berandah/subdomains/panel.berandahukum.com/vendor/laravel/framework/src/Illuminate/Routing/Router.php(695): Illuminate\\Pipeline\\Pipeline->then(Object(Closure))
#25 /home/berandah/subdomains/panel.berandahukum.com/vendor/laravel/framework/src/Illuminate/Routing/Router.php(670): Illuminate\\Routing\\Router->runRouteWithinStack(Object(Illuminate\\Routing\\Route), Object(Illuminate\\Http\\Request))
#26 /home/berandah/subdomains/panel.berandahukum.com/vendor/laravel/framework/src/Illuminate/Routing/Router.php(636): Illuminate\\Routing\\Router->runRoute(Object(Illuminate\\Http\\Request), Object(Illuminate\\Routing\\Route))
#27 /home/berandah/subdomains/panel.berandahukum.com/vendor/laravel/framework/src/Illuminate/Routing/Router.php(625): Illuminate\\Routing\\Router->dispatchToRoute(Object(Illuminate\\Http\\Request))
#28 /home/berandah/subdomains/panel.berandahukum.com/vendor/laravel/framework/src/Illuminate/Foundation/Http/Kernel.php(166): Illuminate\\Routing\\Router->dispatch(Object(Illuminate\\Http\\Request))
#29 /home/berandah/subdomains/panel.berandahukum.com/vendor/laravel/framework/src/Illuminate/Pipeline/Pipeline.php(128): Illuminate\\Foundation\\Http\\Kernel->Illuminate\\Foundation\\Http\\{closure}(Object(Illuminate\\Http\\Request))
#30 /home/berandah/subdomains/panel.berandahukum.com/vendor/laravel/framework/src/Illuminate/Foundation/Http/Middleware/TransformsRequest.php(21): Illuminate\\Pipeline\\Pipeline->Illuminate\\Pipeline\\{closure}(Object(Illuminate\\Http\\Request))
#31 /home/berandah/subdomains/panel.berandahukum.com/vendor/laravel/framework/src/Illuminate/Pipeline/Pipeline.php(167): Illuminate\\Foundation\\Http\\Middleware\\TransformsRequest->handle(Object(Illuminate\\Http\\Request), Object(Closure))
#32 /home/berandah/subdomains/panel.berandahukum.com/vendor/laravel/framework/src/Illuminate/Foundation/Http/Middleware/TransformsRequest.php(21): Illuminate\\Pipeline\\Pipeline->Illuminate\\Pipeline\\{closure}(Object(Illuminate\\Http\\Request))
#33 /home/berandah/subdomains/panel.berandahukum.com/vendor/laravel/framework/src/Illuminate/Pipeline/Pipeline.php(167): Illuminate\\Foundation\\Http\\Middleware\\TransformsRequest->handle(Object(Illuminate\\Http\\Request), Object(Closure))
#34 /home/berandah/subdomains/panel.berandahukum.com/vendor/laravel/framework/src/Illuminate/Foundation/Http/Middleware/ValidatePostSize.php(27): Illuminate\\Pipeline\\Pipeline->Illuminate\\Pipeline\\{closure}(Object(Illuminate\\Http\\Request))
#35 /home/berandah/subdomains/panel.berandahukum.com/vendor/laravel/framework/src/Illuminate/Pipeline/Pipeline.php(167): Illuminate\\Foundation\\Http\\Middleware\\ValidatePostSize->handle(Object(Illuminate\\Http\\Request), Object(Closure))
#36 /home/berandah/subdomains/panel.berandahukum.com/vendor/laravel/framework/src/Illuminate/Foundation/Http/Middleware/PreventRequestsDuringMaintenance.php(86): Illuminate\\Pipeline\\Pipeline->Illuminate\\Pipeline\\{closure}(Object(Illuminate\\Http\\Request))
#37 /home/berandah/subdomains/panel.berandahukum.com/vendor/laravel/framework/src/Illuminate/Pipeline/Pipeline.php(167): Illuminate\\Foundation\\Http\\Middleware\\PreventRequestsDuringMaintenance->handle(Object(Illuminate\\Http\\Request), Object(Closure))
#38 /home/berandah/subdomains/panel.berandahukum.com/vendor/fruitcake/laravel-cors/src/HandleCors.php(37): Illuminate\\Pipeline\\Pipeline->Illuminate\\Pipeline\\{closure}(Object(Illuminate\\Http\\Request))
#39 /home/berandah/subdomains/panel.berandahukum.com/vendor/laravel/framework/src/Illuminate/Pipeline/Pipeline.php(167): Fruitcake\\Cors\\HandleCors->handle(Object(Illuminate\\Http\\Request), Object(Closure))
#40 /home/berandah/subdomains/panel.berandahukum.com/vendor/fideloper/proxy/src/TrustProxies.php(57): Illuminate\\Pipeline\\Pipeline->Illuminate\\Pipeline\\{closure}(Object(Illuminate\\Http\\Request))
#41 /home/berandah/subdomains/panel.berandahukum.com/vendor/laravel/framework/src/Illuminate/Pipeline/Pipeline.php(167): Fideloper\\Proxy\\TrustProxies->handle(Object(Illuminate\\Http\\Request), Object(Closure))
#42 /home/berandah/subdomains/panel.berandahukum.com/vendor/laravel/framework/src/Illuminate/Pipeline/Pipeline.php(103): Illuminate\\Pipeline\\Pipeline->Illuminate\\Pipeline\\{closure}(Object(Illuminate\\Http\\Request))
#43 /home/berandah/subdomains/panel.berandahukum.com/vendor/laravel/framework/src/Illuminate/Foundation/Http/Kernel.php(141): Illuminate\\Pipeline\\Pipeline->then(Object(Closure))
#44 /home/berandah/subdomains/panel.berandahukum.com/vendor/laravel/framework/src/Illuminate/Foundation/Http/Kernel.php(110): Illuminate\\Foundation\\Http\\Kernel->sendRequestThroughRouter(Object(Illuminate\\Http\\Request))
#45 /home/berandah/subdomains/panel.berandahukum.com/public/index.php(52): Illuminate\\Foundation\\Http\\Kernel->handle(Object(Illuminate\\Http\\Request))
#46 {main}
"} 
[2026-06-10 09:46:43] local.ERROR: Class 'App\Http\Controllers\Auth' not found {"userId":35,"exception":"[object] (Error(code: 0): Class 'App\\Http\\Controllers\\Auth' not found at /home/berandah/subdomains/panel.berandahukum.com/app/Http/Controllers/TokoController.php:113)
[stacktrace]
#0 /home/berandah/subdomains/panel.berandahukum.com/vendor/laravel/framework/src/Illuminate/Routing/Controller.php(54): App\\Http\\Controllers\\TokoController->update(Object(Illuminate\\Http\\Request))
#1 /home/berandah/subdomains/panel.berandahukum.com/vendor/laravel/framework/src/Illuminate/Routing/ControllerDispatcher.php(45): Illuminate\\Routing\\Controller->callAction('update', Array)
#2 /home/berandah/subdomains/panel.berandahukum.com/vendor/laravel/framework/src/Illuminate/Routing/Route.php(254): Illuminate\\Routing\\ControllerDispatcher->dispatch(Object(Illuminate\\Routing\\Route), Object(App\\Http\\Controllers\\TokoController), 'update')
#3 /home/berandah/subdomains/panel.berandahukum.com/vendor/laravel/framework/src/Illuminate/Routing/Route.php(197): Illuminate\\Routing\\Route->runController()
#4 /home/berandah/subdomains/panel.berandahukum.com/vendor/laravel/framework/src/Illuminate/Routing/Router.php(693): Illuminate\\Routing\\Route->run()
#5 /home/berandah/subdomains/panel.berandahukum.com/vendor/laravel/framework/src/Illuminate/Pipeline/Pipeline.php(128): Illuminate\\Routing\\Router->Illuminate\\Routing\\{closure}(Object(Illuminate\\Http\\Request))
#6 /home/berandah/subdomains/panel.berandahukum.com/app/Http/Middleware/CheckBlockedIp.php(22): Illuminate\\Pipeline\\Pipeline->Illuminate\\Pipeline\\{closure}(Object(Illuminate\\Http\\Request))
#7 /home/berandah/subdomains/panel.berandahukum.com/vendor/laravel/framework/src/Illuminate/Pipeline/Pipeline.php(167): App\\Http\\Middleware\\CheckBlockedIp->handle(Object(Illuminate\\Http\\Request), Object(Closure))
#8 /home/berandah/subdomains/panel.berandahukum.com/vendor/laravel/framework/src/Illuminate/Routing/Middleware/SubstituteBindings.php(50): Illuminate\\Pipeline\\Pipeline->Illuminate\\Pipeline\\{closure}(Object(Illuminate\\Http\\Request))
#9 /home/berandah/subdomains/panel.berandahukum.com/vendor/laravel/framework/src/Illuminate/Pipeline/Pipeline.php(167): Illuminate\\Routing\\Middleware\\SubstituteBindings->handle(Object(Illuminate\\Http\\Request), Object(Closure))
#10 /home/berandah/subdomains/panel.berandahukum.com/vendor/laravel/framework/src/Illuminate/Auth/Middleware/Authenticate.php(44): Illuminate\\Pipeline\\Pipeline->Illuminate\\Pipeline\\{closure}(Object(Illuminate\\Http\\Request))
#11 /home/berandah/subdomains/panel.berandahukum.com/vendor/laravel/framework/src/Illuminate/Pipeline/Pipeline.php(167): Illuminate\\Auth\\Middleware\\Authenticate->handle(Object(Illuminate\\Http\\Request), Object(Closure))
#12 /home/berandah/subdomains/panel.berandahukum.com/vendor/laravel/framework/src/Illuminate/Foundation/Http/Middleware/VerifyCsrfToken.php(78): Illuminate\\Pipeline\\Pipeline->Illuminate\\Pipeline\\{closure}(Object(Illuminate\\Http\\Request))
#13 /home/berandah/subdomains/panel.berandahukum.com/vendor/laravel/framework/src/Illuminate/Pipeline/Pipeline.php(167): Illuminate\\Foundation\\Http\\Middleware\\VerifyCsrfToken->handle(Object(Illuminate\\Http\\Request), Object(Closure))
#14 /home/berandah/subdomains/panel.berandahukum.com/vendor/laravel/framework/src/Illuminate/View/Middleware/ShareErrorsFromSession.php(49): Illuminate\\Pipeline\\Pipeline->Illuminate\\Pipeline\\{closure}(Object(Illuminate\\Http\\Request))
#15 /home/berandah/subdomains/panel.berandahukum.com/vendor/laravel/framework/src/Illuminate/Pipeline/Pipeline.php(167): Illuminate\\View\\Middleware\\ShareErrorsFromSession->handle(Object(Illuminate\\Http\\Request), Object(Closure))
#16 /home/berandah/subdomains/panel.berandahukum.com/vendor/laravel/framework/src/Illuminate/Session/Middleware/StartSession.php(121): Illuminate\\Pipeline\\Pipeline->Illuminate\\Pipeline\\{closure}(Object(Illuminate\\Http\\Request))
#17 /home/berandah/subdomains/panel.berandahukum.com/vendor/laravel/framework/src/Illuminate/Session/Middleware/StartSession.php(63): Illuminate\\Session\\Middleware\\StartSession->handleStatefulRequest(Object(Illuminate\\Http\\Request), Object(Illuminate\\Session\\Store), Object(Closure))
#18 /home/berandah/subdomains/panel.berandahukum.com/vendor/laravel/framework/src/Illuminate/Pipeline/Pipeline.php(167): Illuminate\\Session\\Middleware\\StartSession->handle(Object(Illuminate\\Http\\Request), Object(Closure))
#19 /home/berandah/subdomains/panel.berandahukum.com/vendor/laravel/framework/src/Illuminate/Cookie/Middleware/AddQueuedCookiesToResponse.php(37): Illuminate\\Pipeline\\Pipeline->Illuminate\\Pipeline\\{closure}(Object(Illuminate\\Http\\Request))
#20 /home/berandah/subdomains/panel.berandahukum.com/vendor/laravel/framework/src/Illuminate/Pipeline/Pipeline.php(167): Illuminate\\Cookie\\Middleware\\AddQueuedCookiesToResponse->handle(Object(Illuminate\\Http\\Request), Object(Closure))
#21 /home/berandah/subdomains/panel.berandahukum.com/vendor/laravel/framework/src/Illuminate/Cookie/Middleware/EncryptCookies.php(67): Illuminate\\Pipeline\\Pipeline->Illuminate\\Pipeline\\{closure}(Object(Illuminate\\Http\\Request))
#22 /home/berandah/subdomains/panel.berandahukum.com/vendor/laravel/framework/src/Illuminate/Pipeline/Pipeline.php(167): Illuminate\\Cookie\\Middleware\\EncryptCookies->handle(Object(Illuminate\\Http\\Request), Object(Closure))
#23 /home/berandah/subdomains/panel.berandahukum.com/vendor/laravel/framework/src/Illuminate/Pipeline/Pipeline.php(103): Illuminate\\Pipeline\\Pipeline->Illuminate\\Pipeline\\{closure}(Object(Illuminate\\Http\\Request))
#24 /home/berandah/subdomains/panel.berandahukum.com/vendor/laravel/framework/src/Illuminate/Routing/Router.php(695): Illuminate\\Pipeline\\Pipeline->then(Object(Closure))
#25 /home/berandah/subdomains/panel.berandahukum.com/vendor/laravel/framework/src/Illuminate/Routing/Router.php(670): Illuminate\\Routing\\Router->runRouteWithinStack(Object(Illuminate\\Routing\\Route), Object(Illuminate\\Http\\Request))
#26 /home/berandah/subdomains/panel.berandahukum.com/vendor/laravel/framework/src/Illuminate/Routing/Router.php(636): Illuminate\\Routing\\Router->runRoute(Object(Illuminate\\Http\\Request), Object(Illuminate\\Routing\\Route))
#27 /home/berandah/subdomains/panel.berandahukum.com/vendor/laravel/framework/src/Illuminate/Routing/Router.php(625): Illuminate\\Routing\\Router->dispatchToRoute(Object(Illuminate\\Http\\Request))
#28 /home/berandah/subdomains/panel.berandahukum.com/vendor/laravel/framework/src/Illuminate/Foundation/Http/Kernel.php(166): Illuminate\\Routing\\Router->dispatch(Object(Illuminate\\Http\\Request))
#29 /home/berandah/subdomains/panel.berandahukum.com/vendor/laravel/framework/src/Illuminate/Pipeline/Pipeline.php(128): Illuminate\\Foundation\\Http\\Kernel->Illuminate\\Foundation\\Http\\{closure}(Object(Illuminate\\Http\\Request))
#30 /home/berandah/subdomains/panel.berandahukum.com/vendor/laravel/framework/src/Illuminate/Foundation/Http/Middleware/TransformsRequest.php(21): Illuminate\\Pipeline\\Pipeline->Illuminate\\Pipeline\\{closure}(Object(Illuminate\\Http\\Request))
#31 /home/berandah/subdomains/panel.berandahukum.com/vendor/laravel/framework/src/Illuminate/Pipeline/Pipeline.php(167): Illuminate\\Foundation\\Http\\Middleware\\TransformsRequest->handle(Object(Illuminate\\Http\\Request), Object(Closure))
#32 /home/berandah/subdomains/panel.berandahukum.com/vendor/laravel/framework/src/Illuminate/Foundation/Http/Middleware/TransformsRequest.php(21): Illuminate\\Pipeline\\Pipeline->Illuminate\\Pipeline\\{closure}(Object(Illuminate\\Http\\Request))
#33 /home/berandah/subdomains/panel.berandahukum.com/vendor/laravel/framework/src/Illuminate/Pipeline/Pipeline.php(167): Illuminate\\Foundation\\Http\\Middleware\\TransformsRequest->handle(Object(Illuminate\\Http\\Request), Object(Closure))
#34 /home/berandah/subdomains/panel.berandahukum.com/vendor/laravel/framework/src/Illuminate/Foundation/Http/Middleware/ValidatePostSize.php(27): Illuminate\\Pipeline\\Pipeline->Illuminate\\Pipeline\\{closure}(Object(Illuminate\\Http\\Request))
#35 /home/berandah/subdomains/panel.berandahukum.com/vendor/laravel/framework/src/Illuminate/Pipeline/Pipeline.php(167): Illuminate\\Foundation\\Http\\Middleware\\ValidatePostSize->handle(Object(Illuminate\\Http\\Request), Object(Closure))
#36 /home/berandah/subdomains/panel.berandahukum.com/vendor/laravel/framework/src/Illuminate/Foundation/Http/Middleware/PreventRequestsDuringMaintenance.php(86): Illuminate\\Pipeline\\Pipeline->Illuminate\\Pipeline\\{closure}(Object(Illuminate\\Http\\Request))
#37 /home/berandah/subdomains/panel.berandahukum.com/vendor/laravel/framework/src/Illuminate/Pipeline/Pipeline.php(167): Illuminate\\Foundation\\Http\\Middleware\\PreventRequestsDuringMaintenance->handle(Object(Illuminate\\Http\\Request), Object(Closure))
#38 /home/berandah/subdomains/panel.berandahukum.com/vendor/fruitcake/laravel-cors/src/HandleCors.php(37): Illuminate\\Pipeline\\Pipeline->Illuminate\\Pipeline\\{closure}(Object(Illuminate\\Http\\Request))
#39 /home/berandah/subdomains/panel.berandahukum.com/vendor/laravel/framework/src/Illuminate/Pipeline/Pipeline.php(167): Fruitcake\\Cors\\HandleCors->handle(Object(Illuminate\\Http\\Request), Object(Closure))
#40 /home/berandah/subdomains/panel.berandahukum.com/vendor/fideloper/proxy/src/TrustProxies.php(57): Illuminate\\Pipeline\\Pipeline->Illuminate\\Pipeline\\{closure}(Object(Illuminate\\Http\\Request))
#41 /home/berandah/subdomains/panel.berandahukum.com/vendor/laravel/framework/src/Illuminate/Pipeline/Pipeline.php(167): Fideloper\\Proxy\\TrustProxies->handle(Object(Illuminate\\Http\\Request), Object(Closure))
#42 /home/berandah/subdomains/panel.berandahukum.com/vendor/laravel/framework/src/Illuminate/Pipeline/Pipeline.php(103): Illuminate\\Pipeline\\Pipeline->Illuminate\\Pipeline\\{closure}(Object(Illuminate\\Http\\Request))
#43 /home/berandah/subdomains/panel.berandahukum.com/vendor/laravel/framework/src/Illuminate/Foundation/Http/Kernel.php(141): Illuminate\\Pipeline\\Pipeline->then(Object(Closure))
#44 /home/berandah/subdomains/panel.berandahukum.com/vendor/laravel/framework/src/Illuminate/Foundation/Http/Kernel.php(110): Illuminate\\Foundation\\Http\\Kernel->sendRequestThroughRouter(Object(Illuminate\\Http\\Request))
#45 /home/berandah/subdomains/panel.berandahukum.com/public/index.php(52): Illuminate\\Foundation\\Http\\Kernel->handle(Object(Illuminate\\Http\\Request))
#46 {main}
"} 
[2026-06-11 12:23:57] local.ERROR: Class 'App\Http\Controllers\Auth' not found {"userId":35,"exception":"[object] (Error(code: 0): Class 'App\\Http\\Controllers\\Auth' not found at /home/berandah/subdomains/panel.berandahukum.com/app/Http/Controllers/TokoController.php:113)
[stacktrace]
#0 /home/berandah/subdomains/panel.berandahukum.com/vendor/laravel/framework/src/Illuminate/Routing/Controller.php(54): App\\Http\\Controllers\\TokoController->update(Object(Illuminate\\Http\\Request))
#1 /home/berandah/subdomains/panel.berandahukum.com/vendor/laravel/framework/src/Illuminate/Routing/ControllerDispatcher.php(45): Illuminate\\Routing\\Controller->callAction('update', Array)
#2 /home/berandah/subdomains/panel.berandahukum.com/vendor/laravel/framework/src/Illuminate/Routing/Route.php(254): Illuminate\\Routing\\ControllerDispatcher->dispatch(Object(Illuminate\\Routing\\Route), Object(App\\Http\\Controllers\\TokoController), 'update')
#3 /home/berandah/subdomains/panel.berandahukum.com/vendor/laravel/framework/src/Illuminate/Routing/Route.php(197): Illuminate\\Routing\\Route->runController()
#4 /home/berandah/subdomains/panel.berandahukum.com/vendor/laravel/framework/src/Illuminate/Routing/Router.php(693): Illuminate\\Routing\\Route->run()
#5 /home/berandah/subdomains/panel.berandahukum.com/vendor/laravel/framework/src/Illuminate/Pipeline/Pipeline.php(128): Illuminate\\Routing\\Router->Illuminate\\Routing\\{closure}(Object(Illuminate\\Http\\Request))
#6 /home/berandah/subdomains/panel.berandahukum.com/app/Http/Middleware/CheckBlockedIp.php(22): Illuminate\\Pipeline\\Pipeline->Illuminate\\Pipeline\\{closure}(Object(Illuminate\\Http\\Request))
#7 /home/berandah/subdomains/panel.berandahukum.com/vendor/laravel/framework/src/Illuminate/Pipeline/Pipeline.php(167): App\\Http\\Middleware\\CheckBlockedIp->handle(Object(Illuminate\\Http\\Request), Object(Closure))
#8 /home/berandah/subdomains/panel.berandahukum.com/vendor/laravel/framework/src/Illuminate/Routing/Middleware/SubstituteBindings.php(50): Illuminate\\Pipeline\\Pipeline->Illuminate\\Pipeline\\{closure}(Object(Illuminate\\Http\\Request))
#9 /home/berandah/subdomains/panel.berandahukum.com/vendor/laravel/framework/src/Illuminate/Pipeline/Pipeline.php(167): Illuminate\\Routing\\Middleware\\SubstituteBindings->handle(Object(Illuminate\\Http\\Request), Object(Closure))
#10 /home/berandah/subdomains/panel.berandahukum.com/vendor/laravel/framework/src/Illuminate/Auth/Middleware/Authenticate.php(44): Illuminate\\Pipeline\\Pipeline->Illuminate\\Pipeline\\{closure}(Object(Illuminate\\Http\\Request))
#11 /home/berandah/subdomains/panel.berandahukum.com/vendor/laravel/framework/src/Illuminate/Pipeline/Pipeline.php(167): Illuminate\\Auth\\Middleware\\Authenticate->handle(Object(Illuminate\\Http\\Request), Object(Closure))
#12 /home/berandah/subdomains/panel.berandahukum.com/vendor/laravel/framework/src/Illuminate/Foundation/Http/Middleware/VerifyCsrfToken.php(78): Illuminate\\Pipeline\\Pipeline->Illuminate\\Pipeline\\{closure}(Object(Illuminate\\Http\\Request))
#13 /home/berandah/subdomains/panel.berandahukum.com/vendor/laravel/framework/src/Illuminate/Pipeline/Pipeline.php(167): Illuminate\\Foundation\\Http\\Middleware\\VerifyCsrfToken->handle(Object(Illuminate\\Http\\Request), Object(Closure))
#14 /home/berandah/subdomains/panel.berandahukum.com/vendor/laravel/framework/src/Illuminate/View/Middleware/ShareErrorsFromSession.php(49): Illuminate\\Pipeline\\Pipeline->Illuminate\\Pipeline\\{closure}(Object(Illuminate\\Http\\Request))
#15 /home/berandah/subdomains/panel.berandahukum.com/vendor/laravel/framework/src/Illuminate/Pipeline/Pipeline.php(167): Illuminate\\View\\Middleware\\ShareErrorsFromSession->handle(Object(Illuminate\\Http\\Request), Object(Closure))
#16 /home/berandah/subdomains/panel.berandahukum.com/vendor/laravel/framework/src/Illuminate/Session/Middleware/StartSession.php(121): Illuminate\\Pipeline\\Pipeline->Illuminate\\Pipeline\\{closure}(Object(Illuminate\\Http\\Request))
#17 /home/berandah/subdomains/panel.berandahukum.com/vendor/laravel/framework/src/Illuminate/Session/Middleware/StartSession.php(63): Illuminate\\Session\\Middleware\\StartSession->handleStatefulRequest(Object(Illuminate\\Http\\Request), Object(Illuminate\\Session\\Store), Object(Closure))
#18 /home/berandah/subdomains/panel.berandahukum.com/vendor/laravel/framework/src/Illuminate/Pipeline/Pipeline.php(167): Illuminate\\Session\\Middleware\\StartSession->handle(Object(Illuminate\\Http\\Request), Object(Closure))
#19 /home/berandah/subdomains/panel.berandahukum.com/vendor/laravel/framework/src/Illuminate/Cookie/Middleware/AddQueuedCookiesToResponse.php(37): Illuminate\\Pipeline\\Pipeline->Illuminate\\Pipeline\\{closure}(Object(Illuminate\\Http\\Request))
#20 /home/berandah/subdomains/panel.berandahukum.com/vendor/laravel/framework/src/Illuminate/Pipeline/Pipeline.php(167): Illuminate\\Cookie\\Middleware\\AddQueuedCookiesToResponse->handle(Object(Illuminate\\Http\\Request), Object(Closure))
#21 /home/berandah/subdomains/panel.berandahukum.com/vendor/laravel/framework/src/Illuminate/Cookie/Middleware/EncryptCookies.php(67): Illuminate\\Pipeline\\Pipeline->Illuminate\\Pipeline\\{closure}(Object(Illuminate\\Http\\Request))
#22 /home/berandah/subdomains/panel.berandahukum.com/vendor/laravel/framework/src/Illuminate/Pipeline/Pipeline.php(167): Illuminate\\Cookie\\Middleware\\EncryptCookies->handle(Object(Illuminate\\Http\\Request), Object(Closure))
#23 /home/berandah/subdomains/panel.berandahukum.com/vendor/laravel/framework/src/Illuminate/Pipeline/Pipeline.php(103): Illuminate\\Pipeline\\Pipeline->Illuminate\\Pipeline\\{closure}(Object(Illuminate\\Http\\Request))
#24 /home/berandah/subdomains/panel.berandahukum.com/vendor/laravel/framework/src/Illuminate/Routing/Router.php(695): Illuminate\\Pipeline\\Pipeline->then(Object(Closure))
#25 /home/berandah/subdomains/panel.berandahukum.com/vendor/laravel/framework/src/Illuminate/Routing/Router.php(670): Illuminate\\Routing\\Router->runRouteWithinStack(Object(Illuminate\\Routing\\Route), Object(Illuminate\\Http\\Request))
#26 /home/berandah/subdomains/panel.berandahukum.com/vendor/laravel/framework/src/Illuminate/Routing/Router.php(636): Illuminate\\Routing\\Router->runRoute(Object(Illuminate\\Http\\Request), Object(Illuminate\\Routing\\Route))
#27 /home/berandah/subdomains/panel.berandahukum.com/vendor/laravel/framework/src/Illuminate/Routing/Router.php(625): Illuminate\\Routing\\Router->dispatchToRoute(Object(Illuminate\\Http\\Request))
#28 /home/berandah/subdomains/panel.berandahukum.com/vendor/laravel/framework/src/Illuminate/Foundation/Http/Kernel.php(166): Illuminate\\Routing\\Router->dispatch(Object(Illuminate\\Http\\Request))
#29 /home/berandah/subdomains/panel.berandahukum.com/vendor/laravel/framework/src/Illuminate/Pipeline/Pipeline.php(128): Illuminate\\Foundation\\Http\\Kernel->Illuminate\\Foundation\\Http\\{closure}(Object(Illuminate\\Http\\Request))
#30 /home/berandah/subdomains/panel.berandahukum.com/vendor/laravel/framework/src/Illuminate/Foundation/Http/Middleware/TransformsRequest.php(21): Illuminate\\Pipeline\\Pipeline->Illuminate\\Pipeline\\{closure}(Object(Illuminate\\Http\\Request))
#31 /home/berandah/subdomains/panel.berandahukum.com/vendor/laravel/framework/src/Illuminate/Pipeline/Pipeline.php(167): Illuminate\\Foundation\\Http\\Middleware\\TransformsRequest->handle(Object(Illuminate\\Http\\Request), Object(Closure))
#32 /home/berandah/subdomains/panel.berandahukum.com/vendor/laravel/framework/src/Illuminate/Foundation/Http/Middleware/TransformsRequest.php(21): Illuminate\\Pipeline\\Pipeline->Illuminate\\Pipeline\\{closure}(Object(Illuminate\\Http\\Request))
#33 /home/berandah/subdomains/panel.berandahukum.com/vendor/laravel/framework/src/Illuminate/Pipeline/Pipeline.php(167): Illuminate\\Foundation\\Http\\Middleware\\TransformsRequest->handle(Object(Illuminate\\Http\\Request), Object(Closure))
#34 /home/berandah/subdomains/panel.berandahukum.com/vendor/laravel/framework/src/Illuminate/Foundation/Http/Middleware/ValidatePostSize.php(27): Illuminate\\Pipeline\\Pipeline->Illuminate\\Pipeline\\{closure}(Object(Illuminate\\Http\\Request))
#35 /home/berandah/subdomains/panel.berandahukum.com/vendor/laravel/framework/src/Illuminate/Pipeline/Pipeline.php(167): Illuminate\\Foundation\\Http\\Middleware\\ValidatePostSize->handle(Object(Illuminate\\Http\\Request), Object(Closure))
#36 /home/berandah/subdomains/panel.berandahukum.com/vendor/laravel/framework/src/Illuminate/Foundation/Http/Middleware/PreventRequestsDuringMaintenance.php(86): Illuminate\\Pipeline\\Pipeline->Illuminate\\Pipeline\\{closure}(Object(Illuminate\\Http\\Request))
#37 /home/berandah/subdomains/panel.berandahukum.com/vendor/laravel/framework/src/Illuminate/Pipeline/Pipeline.php(167): Illuminate\\Foundation\\Http\\Middleware\\PreventRequestsDuringMaintenance->handle(Object(Illuminate\\Http\\Request), Object(Closure))
#38 /home/berandah/subdomains/panel.berandahukum.com/vendor/fruitcake/laravel-cors/src/HandleCors.php(37): Illuminate\\Pipeline\\Pipeline->Illuminate\\Pipeline\\{closure}(Object(Illuminate\\Http\\Request))
#39 /home/berandah/subdomains/panel.berandahukum.com/vendor/laravel/framework/src/Illuminate/Pipeline/Pipeline.php(167): Fruitcake\\Cors\\HandleCors->handle(Object(Illuminate\\Http\\Request), Object(Closure))
#40 /home/berandah/subdomains/panel.berandahukum.com/vendor/fideloper/proxy/src/TrustProxies.php(57): Illuminate\\Pipeline\\Pipeline->Illuminate\\Pipeline\\{closure}(Object(Illuminate\\Http\\Request))
#41 /home/berandah/subdomains/panel.berandahukum.com/vendor/laravel/framework/src/Illuminate/Pipeline/Pipeline.php(167): Fideloper\\Proxy\\TrustProxies->handle(Object(Illuminate\\Http\\Request), Object(Closure))
#42 /home/berandah/subdomains/panel.berandahukum.com/vendor/laravel/framework/src/Illuminate/Pipeline/Pipeline.php(103): Illuminate\\Pipeline\\Pipeline->Illuminate\\Pipeline\\{closure}(Object(Illuminate\\Http\\Request))
#43 /home/berandah/subdomains/panel.berandahukum.com/vendor/laravel/framework/src/Illuminate/Foundation/Http/Kernel.php(141): Illuminate\\Pipeline\\Pipeline->then(Object(Closure))
#44 /home/berandah/subdomains/panel.berandahukum.com/vendor/laravel/framework/src/Illuminate/Foundation/Http/Kernel.php(110): Illuminate\\Foundation\\Http\\Kernel->sendRequestThroughRouter(Object(Illuminate\\Http\\Request))
#45 /home/berandah/subdomains/panel.berandahukum.com/public/index.php(52): Illuminate\\Foundation\\Http\\Kernel->handle(Object(Illuminate\\Http\\Request))
#46 {main}
"} 
[2026-06-19 14:20:43] local.ERROR: syntax error, unexpected '<' (View: /home/berandah/subdomains/panel.berandahukum.com/resources/views/pindah-toko/barang-keluar/print.blade.php) {"userId":35,"exception":"[object] (Facade\\Ignition\\Exceptions\\ViewException(code: 0): syntax error, unexpected '<' (View: /home/berandah/subdomains/panel.berandahukum.com/resources/views/pindah-toko/barang-keluar/print.blade.php) at /home/berandah/subdomains/panel.berandahukum.com/resources/views/pindah-toko/barang-keluar/print.blade.php:1188)
[stacktrace]
#0 /home/berandah/subdomains/panel.berandahukum.com/vendor/laravel/framework/src/Illuminate/Filesystem/Filesystem.php(108): Illuminate\\Filesystem\\Filesystem::Illuminate\\Filesystem\\{closure}()
#1 /home/berandah/subdomains/panel.berandahukum.com/vendor/laravel/framework/src/Illuminate/View/Engines/PhpEngine.php(58): Illuminate\\Filesystem\\Filesystem->getRequire('/home/berandah/...', Array)
#2 /home/berandah/subdomains/panel.berandahukum.com/vendor/laravel/framework/src/Illuminate/View/Engines/CompilerEngine.php(61): Illuminate\\View\\Engines\\PhpEngine->evaluatePath('/home/berandah/...', Array)
#3 /home/berandah/subdomains/panel.berandahukum.com/vendor/facade/ignition/src/Views/Engines/CompilerEngine.php(37): Illuminate\\View\\Engines\\CompilerEngine->get('/home/berandah/...', Array)
#4 /home/berandah/subdomains/panel.berandahukum.com/vendor/laravel/framework/src/Illuminate/View/View.php(139): Facade\\Ignition\\Views\\Engines\\CompilerEngine->get('/home/berandah/...', Array)
#5 /home/berandah/subdomains/panel.berandahukum.com/vendor/laravel/framework/src/Illuminate/View/View.php(122): Illuminate\\View\\View->getContents()
#6 /home/berandah/subdomains/panel.berandahukum.com/vendor/laravel/framework/src/Illuminate/View/View.php(91): Illuminate\\View\\View->renderContents()
#7 /home/berandah/subdomains/panel.berandahukum.com/vendor/barryvdh/laravel-dompdf/src/PDF.php(132): Illuminate\\View\\View->render()
#8 /home/berandah/subdomains/panel.berandahukum.com/vendor/barryvdh/laravel-dompdf/src/Facade.php(31): Barryvdh\\DomPDF\\PDF->loadView('pindah-toko.bar...', Object(App\\Models\\PindahGudang))
#9 /home/berandah/subdomains/panel.berandahukum.com/app/Http/Controllers/PindahTokoController.php(274): Barryvdh\\DomPDF\\Facade::__callStatic('loadView', Array)
#10 /home/berandah/subdomains/panel.berandahukum.com/vendor/laravel/framework/src/Illuminate/Routing/Controller.php(54): App\\Http\\Controllers\\PindahTokoController->outDownload('1066')
#11 /home/berandah/subdomains/panel.berandahukum.com/vendor/laravel/framework/src/Illuminate/Routing/ControllerDispatcher.php(45): Illuminate\\Routing\\Controller->callAction('outDownload', Array)
#12 /home/berandah/subdomains/panel.berandahukum.com/vendor/laravel/framework/src/Illuminate/Routing/Route.php(254): Illuminate\\Routing\\ControllerDispatcher->dispatch(Object(Illuminate\\Routing\\Route), Object(App\\Http\\Controllers\\PindahTokoController), 'outDownload')
#13 /home/berandah/subdomains/panel.berandahukum.com/vendor/laravel/framework/src/Illuminate/Routing/Route.php(197): Illuminate\\Routing\\Route->runController()
#14 /home/berandah/subdomains/panel.berandahukum.com/vendor/laravel/framework/src/Illuminate/Routing/Router.php(693): Illuminate\\Routing\\Route->run()
#15 /home/berandah/subdomains/panel.berandahukum.com/vendor/laravel/framework/src/Illuminate/Pipeline/Pipeline.php(128): Illuminate\\Routing\\Router->Illuminate\\Routing\\{closure}(Object(Illuminate\\Http\\Request))
#16 /home/berandah/subdomains/panel.berandahukum.com/app/Http/Middleware/CheckBlockedIp.php(22): Illuminate\\Pipeline\\Pipeline->Illuminate\\Pipeline\\{closure}(Object(Illuminate\\Http\\Request))
#17 /home/berandah/subdomains/panel.berandahukum.com/vendor/laravel/framework/src/Illuminate/Pipeline/Pipeline.php(167): App\\Http\\Middleware\\CheckBlockedIp->handle(Object(Illuminate\\Http\\Request), Object(Closure))
#18 /home/berandah/subdomains/panel.berandahukum.com/vendor/laravel/framework/src/Illuminate/Routing/Middleware/SubstituteBindings.php(50): Illuminate\\Pipeline\\Pipeline->Illuminate\\Pipeline\\{closure}(Object(Illuminate\\Http\\Request))
#19 /home/berandah/subdomains/panel.berandahukum.com/vendor/laravel/framework/src/Illuminate/Pipeline/Pipeline.php(167): Illuminate\\Routing\\Middleware\\SubstituteBindings->handle(Object(Illuminate\\Http\\Request), Object(Closure))
#20 /home/berandah/subdomains/panel.berandahukum.com/vendor/laravel/framework/src/Illuminate/Auth/Middleware/Authenticate.php(44): Illuminate\\Pipeline\\Pipeline->Illuminate\\Pipeline\\{closure}(Object(Illuminate\\Http\\Request))
#21 /home/berandah/subdomains/panel.berandahukum.com/vendor/laravel/framework/src/Illuminate/Pipeline/Pipeline.php(167): Illuminate\\Auth\\Middleware\\Authenticate->handle(Object(Illuminate\\Http\\Request), Object(Closure))
#22 /home/berandah/subdomains/panel.berandahukum.com/vendor/laravel/framework/src/Illuminate/Foundation/Http/Middleware/VerifyCsrfToken.php(78): Illuminate\\Pipeline\\Pipeline->Illuminate\\Pipeline\\{closure}(Object(Illuminate\\Http\\Request))
#23 /home/berandah/subdomains/panel.berandahukum.com/vendor/laravel/framework/src/Illuminate/Pipeline/Pipeline.php(167): Illuminate\\Foundation\\Http\\Middleware\\VerifyCsrfToken->handle(Object(Illuminate\\Http\\Request), Object(Closure))
#24 /home/berandah/subdomains/panel.berandahukum.com/vendor/laravel/framework/src/Illuminate/View/Middleware/ShareErrorsFromSession.php(49): Illuminate\\Pipeline\\Pipeline->Illuminate\\Pipeline\\{closure}(Object(Illuminate\\Http\\Request))
#25 /home/berandah/subdomains/panel.berandahukum.com/vendor/laravel/framework/src/Illuminate/Pipeline/Pipeline.php(167): Illuminate\\View\\Middleware\\ShareErrorsFromSession->handle(Object(Illuminate\\Http\\Request), Object(Closure))
#26 /home/berandah/subdomains/panel.berandahukum.com/vendor/laravel/framework/src/Illuminate/Session/Middleware/StartSession.php(121): Illuminate\\Pipeline\\Pipeline->Illuminate\\Pipeline\\{closure}(Object(Illuminate\\Http\\Request))
#27 /home/berandah/subdomains/panel.berandahukum.com/vendor/laravel/framework/src/Illuminate/Session/Middleware/StartSession.php(63): Illuminate\\Session\\Middleware\\StartSession->handleStatefulRequest(Object(Illuminate\\Http\\Request), Object(Illuminate\\Session\\Store), Object(Closure))
#28 /home/berandah/subdomains/panel.berandahukum.com/vendor/laravel/framework/src/Illuminate/Pipeline/Pipeline.php(167): Illuminate\\Session\\Middleware\\StartSession->handle(Object(Illuminate\\Http\\Request), Object(Closure))
#29 /home/berandah/subdomains/panel.berandahukum.com/vendor/laravel/framework/src/Illuminate/Cookie/Middleware/AddQueuedCookiesToResponse.php(37): Illuminate\\Pipeline\\Pipeline->Illuminate\\Pipeline\\{closure}(Object(Illuminate\\Http\\Request))
#30 /home/berandah/subdomains/panel.berandahukum.com/vendor/laravel/framework/src/Illuminate/Pipeline/Pipeline.php(167): Illuminate\\Cookie\\Middleware\\AddQueuedCookiesToResponse->handle(Object(Illuminate\\Http\\Request), Object(Closure))
#31 /home/berandah/subdomains/panel.berandahukum.com/vendor/laravel/framework/src/Illuminate/Cookie/Middleware/EncryptCookies.php(67): Illuminate\\Pipeline\\Pipeline->Illuminate\\Pipeline\\{closure}(Object(Illuminate\\Http\\Request))
#32 /home/berandah/subdomains/panel.berandahukum.com/vendor/laravel/framework/src/Illuminate/Pipeline/Pipeline.php(167): Illuminate\\Cookie\\Middleware\\EncryptCookies->handle(Object(Illuminate\\Http\\Request), Object(Closure))
#33 /home/berandah/subdomains/panel.berandahukum.com/vendor/laravel/framework/src/Illuminate/Pipeline/Pipeline.php(103): Illuminate\\Pipeline\\Pipeline->Illuminate\\Pipeline\\{closure}(Object(Illuminate\\Http\\Request))
#34 /home/berandah/subdomains/panel.berandahukum.com/vendor/laravel/framework/src/Illuminate/Routing/Router.php(695): Illuminate\\Pipeline\\Pipeline->then(Object(Closure))
#35 /home/berandah/subdomains/panel.berandahukum.com/vendor/laravel/framework/src/Illuminate/Routing/Router.php(670): Illuminate\\Routing\\Router->runRouteWithinStack(Object(Illuminate\\Routing\\Route), Object(Illuminate\\Http\\Request))
#36 /home/berandah/subdomains/panel.berandahukum.com/vendor/laravel/framework/src/Illuminate/Routing/Router.php(636): Illuminate\\Routing\\Router->runRoute(Object(Illuminate\\Http\\Request), Object(Illuminate\\Routing\\Route))
#37 /home/berandah/subdomains/panel.berandahukum.com/vendor/laravel/framework/src/Illuminate/Routing/Router.php(625): Illuminate\\Routing\\Router->dispatchToRoute(Object(Illuminate\\Http\\Request))
#38 /home/berandah/subdomains/panel.berandahukum.com/vendor/laravel/framework/src/Illuminate/Foundation/Http/Kernel.php(166): Illuminate\\Routing\\Router->dispatch(Object(Illuminate\\Http\\Request))
#39 /home/berandah/subdomains/panel.berandahukum.com/vendor/laravel/framework/src/Illuminate/Pipeline/Pipeline.php(128): Illuminate\\Foundation\\Http\\Kernel->Illuminate\\Foundation\\Http\\{closure}(Object(Illuminate\\Http\\Request))
#40 /home/berandah/subdomains/panel.berandahukum.com/vendor/laravel/framework/src/Illuminate/Foundation/Http/Middleware/TransformsRequest.php(21): Illuminate\\Pipeline\\Pipeline->Illuminate\\Pipeline\\{closure}(Object(Illuminate\\Http\\Request))
#41 /home/berandah/subdomains/panel.berandahukum.com/vendor/laravel/framework/src/Illuminate/Pipeline/Pipeline.php(167): Illuminate\\Foundation\\Http\\Middleware\\TransformsRequest->handle(Object(Illuminate\\Http\\Request), Object(Closure))
#42 /home/berandah/subdomains/panel.berandahukum.com/vendor/laravel/framework/src/Illuminate/Foundation/Http/Middleware/TransformsRequest.php(21): Illuminate\\Pipeline\\Pipeline->Illuminate\\Pipeline\\{closure}(Object(Illuminate\\Http\\Request))
#43 /home/berandah/subdomains/panel.berandahukum.com/vendor/laravel/framework/src/Illuminate/Pipeline/Pipeline.php(167): Illuminate\\Foundation\\Http\\Middleware\\TransformsRequest->handle(Object(Illuminate\\Http\\Request), Object(Closure))
#44 /home/berandah/subdomains/panel.berandahukum.com/vendor/laravel/framework/src/Illuminate/Foundation/Http/Middleware/ValidatePostSize.php(27): Illuminate\\Pipeline\\Pipeline->Illuminate\\Pipeline\\{closure}(Object(Illuminate\\Http\\Request))
#45 /home/berandah/subdomains/panel.berandahukum.com/vendor/laravel/framework/src/Illuminate/Pipeline/Pipeline.php(167): Illuminate\\Foundation\\Http\\Middleware\\ValidatePostSize->handle(Object(Illuminate\\Http\\Request), Object(Closure))
#46 /home/berandah/subdomains/panel.berandahukum.com/vendor/laravel/framework/src/Illuminate/Foundation/Http/Middleware/PreventRequestsDuringMaintenance.php(86): Illuminate\\Pipeline\\Pipeline->Illuminate\\Pipeline\\{closure}(Object(Illuminate\\Http\\Request))
#47 /home/berandah/subdomains/panel.berandahukum.com/vendor/laravel/framework/src/Illuminate/Pipeline/Pipeline.php(167): Illuminate\\Foundation\\Http\\Middleware\\PreventRequestsDuringMaintenance->handle(Object(Illuminate\\Http\\Request), Object(Closure))
#48 /home/berandah/subdomains/panel.berandahukum.com/vendor/fruitcake/laravel-cors/src/HandleCors.php(37): Illuminate\\Pipeline\\Pipeline->Illuminate\\Pipeline\\{closure}(Object(Illuminate\\Http\\Request))
#49 /home/berandah/subdomains/panel.berandahukum.com/vendor/laravel/framework/src/Illuminate/Pipeline/Pipeline.php(167): Fruitcake\\Cors\\HandleCors->handle(Object(Illuminate\\Http\\Request), Object(Closure))
#50 /home/berandah/subdomains/panel.berandahukum.com/vendor/fideloper/proxy/src/TrustProxies.php(57): Illuminate\\Pipeline\\Pipeline->Illuminate\\Pipeline\\{closure}(Object(Illuminate\\Http\\Request))
#51 /home/berandah/subdomains/panel.berandahukum.com/vendor/laravel/framework/src/Illuminate/Pipeline/Pipeline.php(167): Fideloper\\Proxy\\TrustProxies->handle(Object(Illuminate\\Http\\Request), Object(Closure))
#52 /home/berandah/subdomains/panel.berandahukum.com/vendor/laravel/framework/src/Illuminate/Pipeline/Pipeline.php(103): Illuminate\\Pipeline\\Pipeline->Illuminate\\Pipeline\\{closure}(Object(Illuminate\\Http\\Request))
#53 /home/berandah/subdomains/panel.berandahukum.com/vendor/laravel/framework/src/Illuminate/Foundation/Http/Kernel.php(141): Illuminate\\Pipeline\\Pipeline->then(Object(Closure))
#54 /home/berandah/subdomains/panel.berandahukum.com/vendor/laravel/framework/src/Illuminate/Foundation/Http/Kernel.php(110): Illuminate\\Foundation\\Http\\Kernel->sendRequestThroughRouter(Object(Illuminate\\Http\\Request))
#55 /home/berandah/subdomains/panel.berandahukum.com/public/index.php(52): Illuminate\\Foundation\\Http\\Kernel->handle(Object(Illuminate\\Http\\Request))
#56 {main}

[previous exception] [object] (ParseError(code: 0): syntax error, unexpected '<' at /home/berandah/subdomains/panel.berandahukum.com/storage/framework/views/69beca937f0aa8d382b0f42dac5ffc1a360012a6.php:1188)
[stacktrace]
#0 /home/berandah/subdomains/panel.berandahukum.com/vendor/laravel/framework/src/Illuminate/Filesystem/Filesystem.php(108): Illuminate\\Filesystem\\Filesystem::Illuminate\\Filesystem\\{closure}()
#1 /home/berandah/subdomains/panel.berandahukum.com/vendor/laravel/framework/src/Illuminate/View/Engines/PhpEngine.php(58): Illuminate\\Filesystem\\Filesystem->getRequire('/home/berandah/...', Array)
#2 /home/berandah/subdomains/panel.berandahukum.com/vendor/laravel/framework/src/Illuminate/View/Engines/CompilerEngine.php(61): Illuminate\\View\\Engines\\PhpEngine->evaluatePath('/home/berandah/...', Array)
#3 /home/berandah/subdomains/panel.berandahukum.com/vendor/facade/ignition/src/Views/Engines/CompilerEngine.php(37): Illuminate\\View\\Engines\\CompilerEngine->get('/home/berandah/...', Array)
#4 /home/berandah/subdomains/panel.berandahukum.com/vendor/laravel/framework/src/Illuminate/View/View.php(139): Facade\\Ignition\\Views\\Engines\\CompilerEngine->get('/home/berandah/...', Array)
#5 /home/berandah/subdomains/panel.berandahukum.com/vendor/laravel/framework/src/Illuminate/View/View.php(122): Illuminate\\View\\View->getContents()
#6 /home/berandah/subdomains/panel.berandahukum.com/vendor/laravel/framework/src/Illuminate/View/View.php(91): Illuminate\\View\\View->renderContents()
#7 /home/berandah/subdomains/panel.berandahukum.com/vendor/barryvdh/laravel-dompdf/src/PDF.php(132): Illuminate\\View\\View->render()
#8 /home/berandah/subdomains/panel.berandahukum.com/vendor/barryvdh/laravel-dompdf/src/Facade.php(31): Barryvdh\\DomPDF\\PDF->loadView('pindah-toko.bar...', Object(App\\Models\\PindahGudang))
#9 /home/berandah/subdomains/panel.berandahukum.com/app/Http/Controllers/PindahTokoController.php(274): Barryvdh\\DomPDF\\Facade::__callStatic('loadView', Array)
#10 /home/berandah/subdomains/panel.berandahukum.com/vendor/laravel/framework/src/Illuminate/Routing/Controller.php(54): App\\Http\\Controllers\\PindahTokoController->outDownload('1066')
#11 /home/berandah/subdomains/panel.berandahukum.com/vendor/laravel/framework/src/Illuminate/Routing/ControllerDispatcher.php(45): Illuminate\\Routing\\Controller->callAction('outDownload', Array)
#12 /home/berandah/subdomains/panel.berandahukum.com/vendor/laravel/framework/src/Illuminate/Routing/Route.php(254): Illuminate\\Routing\\ControllerDispatcher->dispatch(Object(Illuminate\\Routing\\Route), Object(App\\Http\\Controllers\\PindahTokoController), 'outDownload')
#13 /home/berandah/subdomains/panel.berandahukum.com/vendor/laravel/framework/src/Illuminate/Routing/Route.php(197): Illuminate\\Routing\\Route->runController()
#14 /home/berandah/subdomains/panel.berandahukum.com/vendor/laravel/framework/src/Illuminate/Routing/Router.php(693): Illuminate\\Routing\\Route->run()
#15 /home/berandah/subdomains/panel.berandahukum.com/vendor/laravel/framework/src/Illuminate/Pipeline/Pipeline.php(128): Illuminate\\Routing\\Router->Illuminate\\Routing\\{closure}(Object(Illuminate\\Http\\Request))
#16 /home/berandah/subdomains/panel.berandahukum.com/app/Http/Middleware/CheckBlockedIp.php(22): Illuminate\\Pipeline\\Pipeline->Illuminate\\Pipeline\\{closure}(Object(Illuminate\\Http\\Request))
#17 /home/berandah/subdomains/panel.berandahukum.com/vendor/laravel/framework/src/Illuminate/Pipeline/Pipeline.php(167): App\\Http\\Middleware\\CheckBlockedIp->handle(Object(Illuminate\\Http\\Request), Object(Closure))
#18 /home/berandah/subdomains/panel.berandahukum.com/vendor/laravel/framework/src/Illuminate/Routing/Middleware/SubstituteBindings.php(50): Illuminate\\Pipeline\\Pipeline->Illuminate\\Pipeline\\{closure}(Object(Illuminate\\Http\\Request))
#19 /home/berandah/subdomains/panel.berandahukum.com/vendor/laravel/framework/src/Illuminate/Pipeline/Pipeline.php(167): Illuminate\\Routing\\Middleware\\SubstituteBindings->handle(Object(Illuminate\\Http\\Request), Object(Closure))
#20 /home/berandah/subdomains/panel.berandahukum.com/vendor/laravel/framework/src/Illuminate/Auth/Middleware/Authenticate.php(44): Illuminate\\Pipeline\\Pipeline->Illuminate\\Pipeline\\{closure}(Object(Illuminate\\Http\\Request))
#21 /home/berandah/subdomains/panel.berandahukum.com/vendor/laravel/framework/src/Illuminate/Pipeline/Pipeline.php(167): Illuminate\\Auth\\Middleware\\Authenticate->handle(Object(Illuminate\\Http\\Request), Object(Closure))
#22 /home/berandah/subdomains/panel.berandahukum.com/vendor/laravel/framework/src/Illuminate/Foundation/Http/Middleware/VerifyCsrfToken.php(78): Illuminate\\Pipeline\\Pipeline->Illuminate\\Pipeline\\{closure}(Object(Illuminate\\Http\\Request))
#23 /home/berandah/subdomains/panel.berandahukum.com/vendor/laravel/framework/src/Illuminate/Pipeline/Pipeline.php(167): Illuminate\\Foundation\\Http\\Middleware\\VerifyCsrfToken->handle(Object(Illuminate\\Http\\Request), Object(Closure))
#24 /home/berandah/subdomains/panel.berandahukum.com/vendor/laravel/framework/src/Illuminate/View/Middleware/ShareErrorsFromSession.php(49): Illuminate\\Pipeline\\Pipeline->Illuminate\\Pipeline\\{closure}(Object(Illuminate\\Http\\Request))
#25 /home/berandah/subdomains/panel.berandahukum.com/vendor/laravel/framework/src/Illuminate/Pipeline/Pipeline.php(167): Illuminate\\View\\Middleware\\ShareErrorsFromSession->handle(Object(Illuminate\\Http\\Request), Object(Closure))
#26 /home/berandah/subdomains/panel.berandahukum.com/vendor/laravel/framework/src/Illuminate/Session/Middleware/StartSession.php(121): Illuminate\\Pipeline\\Pipeline->Illuminate\\Pipeline\\{closure}(Object(Illuminate\\Http\\Request))
#27 /home/berandah/subdomains/panel.berandahukum.com/vendor/laravel/framework/src/Illuminate/Session/Middleware/StartSession.php(63): Illuminate\\Session\\Middleware\\StartSession->handleStatefulRequest(Object(Illuminate\\Http\\Request), Object(Illuminate\\Session\\Store), Object(Closure))
#28 /home/berandah/subdomains/panel.berandahukum.com/vendor/laravel/framework/src/Illuminate/Pipeline/Pipeline.php(167): Illuminate\\Session\\Middleware\\StartSession->handle(Object(Illuminate\\Http\\Request), Object(Closure))
#29 /home/berandah/subdomains/panel.berandahukum.com/vendor/laravel/framework/src/Illuminate/Cookie/Middleware/AddQueuedCookiesToResponse.php(37): Illuminate\\Pipeline\\Pipeline->Illuminate\\Pipeline\\{closure}(Object(Illuminate\\Http\\Request))
#30 /home/berandah/subdomains/panel.berandahukum.com/vendor/laravel/framework/src/Illuminate/Pipeline/Pipeline.php(167): Illuminate\\Cookie\\Middleware\\AddQueuedCookiesToResponse->handle(Object(Illuminate\\Http\\Request), Object(Closure))
#31 /home/berandah/subdomains/panel.berandahukum.com/vendor/laravel/framework/src/Illuminate/Cookie/Middleware/EncryptCookies.php(67): Illuminate\\Pipeline\\Pipeline->Illuminate\\Pipeline\\{closure}(Object(Illuminate\\Http\\Request))
#32 /home/berandah/subdomains/panel.berandahukum.com/vendor/laravel/framework/src/Illuminate/Pipeline/Pipeline.php(167): Illuminate\\Cookie\\Middleware\\EncryptCookies->handle(Object(Illuminate\\Http\\Request), Object(Closure))
#33 /home/berandah/subdomains/panel.berandahukum.com/vendor/laravel/framework/src/Illuminate/Pipeline/Pipeline.php(103): Illuminate\\Pipeline\\Pipeline->Illuminate\\Pipeline\\{closure}(Object(Illuminate\\Http\\Request))
#34 /home/berandah/subdomains/panel.berandahukum.com/vendor/laravel/framework/src/Illuminate/Routing/Router.php(695): Illuminate\\Pipeline\\Pipeline->then(Object(Closure))
#35 /home/berandah/subdomains/panel.berandahukum.com/vendor/laravel/framework/src/Illuminate/Routing/Router.php(670): Illuminate\\Routing\\Router->runRouteWithinStack(Object(Illuminate\\Routing\\Route), Object(Illuminate\\Http\\Request))
#36 /home/berandah/subdomains/panel.berandahukum.com/vendor/laravel/framework/src/Illuminate/Routing/Router.php(636): Illuminate\\Routing\\Router->runRoute(Object(Illuminate\\Http\\Request), Object(Illuminate\\Routing\\Route))
#37 /home/berandah/subdomains/panel.berandahukum.com/vendor/laravel/framework/src/Illuminate/Routing/Router.php(625): Illuminate\\Routing\\Router->dispatchToRoute(Object(Illuminate\\Http\\Request))
#38 /home/berandah/subdomains/panel.berandahukum.com/vendor/laravel/framework/src/Illuminate/Foundation/Http/Kernel.php(166): Illuminate\\Routing\\Router->dispatch(Object(Illuminate\\Http\\Request))
#39 /home/berandah/subdomains/panel.berandahukum.com/vendor/laravel/framework/src/Illuminate/Pipeline/Pipeline.php(128): Illuminate\\Foundation\\Http\\Kernel->Illuminate\\Foundation\\Http\\{closure}(Object(Illuminate\\Http\\Request))
#40 /home/berandah/subdomains/panel.berandahukum.com/vendor/laravel/framework/src/Illuminate/Foundation/Http/Middleware/TransformsRequest.php(21): Illuminate\\Pipeline\\Pipeline->Illuminate\\Pipeline\\{closure}(Object(Illuminate\\Http\\Request))
#41 /home/berandah/subdomains/panel.berandahukum.com/vendor/laravel/framework/src/Illuminate/Pipeline/Pipeline.php(167): Illuminate\\Foundation\\Http\\Middleware\\TransformsRequest->handle(Object(Illuminate\\Http\\Request), Object(Closure))
#42 /home/berandah/subdomains/panel.berandahukum.com/vendor/laravel/framework/src/Illuminate/Foundation/Http/Middleware/TransformsRequest.php(21): Illuminate\\Pipeline\\Pipeline->Illuminate\\Pipeline\\{closure}(Object(Illuminate\\Http\\Request))
#43 /home/berandah/subdomains/panel.berandahukum.com/vendor/laravel/framework/src/Illuminate/Pipeline/Pipeline.php(167): Illuminate\\Foundation\\Http\\Middleware\\TransformsRequest->handle(Object(Illuminate\\Http\\Request), Object(Closure))
#44 /home/berandah/subdomains/panel.berandahukum.com/vendor/laravel/framework/src/Illuminate/Foundation/Http/Middleware/ValidatePostSize.php(27): Illuminate\\Pipeline\\Pipeline->Illuminate\\Pipeline\\{closure}(Object(Illuminate\\Http\\Request))
#45 /home/berandah/subdomains/panel.berandahukum.com/vendor/laravel/framework/src/Illuminate/Pipeline/Pipeline.php(167): Illuminate\\Foundation\\Http\\Middleware\\ValidatePostSize->handle(Object(Illuminate\\Http\\Request), Object(Closure))
#46 /home/berandah/subdomains/panel.berandahukum.com/vendor/laravel/framework/src/Illuminate/Foundation/Http/Middleware/PreventRequestsDuringMaintenance.php(86): Illuminate\\Pipeline\\Pipeline->Illuminate\\Pipeline\\{closure}(Object(Illuminate\\Http\\Request))
#47 /home/berandah/subdomains/panel.berandahukum.com/vendor/laravel/framework/src/Illuminate/Pipeline/Pipeline.php(167): Illuminate\\Foundation\\Http\\Middleware\\PreventRequestsDuringMaintenance->handle(Object(Illuminate\\Http\\Request), Object(Closure))
#48 /home/berandah/subdomains/panel.berandahukum.com/vendor/fruitcake/laravel-cors/src/HandleCors.php(37): Illuminate\\Pipeline\\Pipeline->Illuminate\\Pipeline\\{closure}(Object(Illuminate\\Http\\Request))
#49 /home/berandah/subdomains/panel.berandahukum.com/vendor/laravel/framework/src/Illuminate/Pipeline/Pipeline.php(167): Fruitcake\\Cors\\HandleCors->handle(Object(Illuminate\\Http\\Request), Object(Closure))
#50 /home/berandah/subdomains/panel.berandahukum.com/vendor/fideloper/proxy/src/TrustProxies.php(57): Illuminate\\Pipeline\\Pipeline->Illuminate\\Pipeline\\{closure}(Object(Illuminate\\Http\\Request))
#51 /home/berandah/subdomains/panel.berandahukum.com/vendor/laravel/framework/src/Illuminate/Pipeline/Pipeline.php(167): Fideloper\\Proxy\\TrustProxies->handle(Object(Illuminate\\Http\\Request), Object(Closure))
#52 /home/berandah/subdomains/panel.berandahukum.com/vendor/laravel/framework/src/Illuminate/Pipeline/Pipeline.php(103): Illuminate\\Pipeline\\Pipeline->Illuminate\\Pipeline\\{closure}(Object(Illuminate\\Http\\Request))
#53 /home/berandah/subdomains/panel.berandahukum.com/vendor/laravel/framework/src/Illuminate/Foundation/Http/Kernel.php(141): Illuminate\\Pipeline\\Pipeline->then(Object(Closure))
#54 /home/berandah/subdomains/panel.berandahukum.com/vendor/laravel/framework/src/Illuminate/Foundation/Http/Kernel.php(110): Illuminate\\Foundation\\Http\\Kernel->sendRequestThroughRouter(Object(Illuminate\\Http\\Request))
#55 /home/berandah/subdomains/panel.berandahukum.com/public/index.php(52): Illuminate\\Foundation\\Http\\Kernel->handle(Object(Illuminate\\Http\\Request))
#56 {main}
"} 
[2026-06-19 14:20:49] local.ERROR: syntax error, unexpected '<' (View: /home/berandah/subdomains/panel.berandahukum.com/resources/views/pindah-toko/barang-keluar/print.blade.php) {"userId":35,"exception":"[object] (Facade\\Ignition\\Exceptions\\ViewException(code: 0): syntax error, unexpected '<' (View: /home/berandah/subdomains/panel.berandahukum.com/resources/views/pindah-toko/barang-keluar/print.blade.php) at /home/berandah/subdomains/panel.berandahukum.com/resources/views/pindah-toko/barang-keluar/print.blade.php:1188)
[stacktrace]
#0 /home/berandah/subdomains/panel.berandahukum.com/vendor/laravel/framework/src/Illuminate/Filesystem/Filesystem.php(108): Illuminate\\Filesystem\\Filesystem::Illuminate\\Filesystem\\{closure}()
#1 /home/berandah/subdomains/panel.berandahukum.com/vendor/laravel/framework/src/Illuminate/View/Engines/PhpEngine.php(58): Illuminate\\Filesystem\\Filesystem->getRequire('/home/berandah/...', Array)
#2 /home/berandah/subdomains/panel.berandahukum.com/vendor/laravel/framework/src/Illuminate/View/Engines/CompilerEngine.php(61): Illuminate\\View\\Engines\\PhpEngine->evaluatePath('/home/berandah/...', Array)
#3 /home/berandah/subdomains/panel.berandahukum.com/vendor/facade/ignition/src/Views/Engines/CompilerEngine.php(37): Illuminate\\View\\Engines\\CompilerEngine->get('/home/berandah/...', Array)
#4 /home/berandah/subdomains/panel.berandahukum.com/vendor/laravel/framework/src/Illuminate/View/View.php(139): Facade\\Ignition\\Views\\Engines\\CompilerEngine->get('/home/berandah/...', Array)
#5 /home/berandah/subdomains/panel.berandahukum.com/vendor/laravel/framework/src/Illuminate/View/View.php(122): Illuminate\\View\\View->getContents()
#6 /home/berandah/subdomains/panel.berandahukum.com/vendor/laravel/framework/src/Illuminate/View/View.php(91): Illuminate\\View\\View->renderContents()
#7 /home/berandah/subdomains/panel.berandahukum.com/vendor/barryvdh/laravel-dompdf/src/PDF.php(132): Illuminate\\View\\View->render()
#8 /home/berandah/subdomains/panel.berandahukum.com/vendor/barryvdh/laravel-dompdf/src/Facade.php(31): Barryvdh\\DomPDF\\PDF->loadView('pindah-toko.bar...', Object(App\\Models\\PindahGudang))
#9 /home/berandah/subdomains/panel.berandahukum.com/app/Http/Controllers/PindahTokoController.php(274): Barryvdh\\DomPDF\\Facade::__callStatic('loadView', Array)
#10 /home/berandah/subdomains/panel.berandahukum.com/vendor/laravel/framework/src/Illuminate/Routing/Controller.php(54): App\\Http\\Controllers\\PindahTokoController->outDownload('1067')
#11 /home/berandah/subdomains/panel.berandahukum.com/vendor/laravel/framework/src/Illuminate/Routing/ControllerDispatcher.php(45): Illuminate\\Routing\\Controller->callAction('outDownload', Array)
#12 /home/berandah/subdomains/panel.berandahukum.com/vendor/laravel/framework/src/Illuminate/Routing/Route.php(254): Illuminate\\Routing\\ControllerDispatcher->dispatch(Object(Illuminate\\Routing\\Route), Object(App\\Http\\Controllers\\PindahTokoController), 'outDownload')
#13 /home/berandah/subdomains/panel.berandahukum.com/vendor/laravel/framework/src/Illuminate/Routing/Route.php(197): Illuminate\\Routing\\Route->runController()
#14 /home/berandah/subdomains/panel.berandahukum.com/vendor/laravel/framework/src/Illuminate/Routing/Router.php(693): Illuminate\\Routing\\Route->run()
#15 /home/berandah/subdomains/panel.berandahukum.com/vendor/laravel/framework/src/Illuminate/Pipeline/Pipeline.php(128): Illuminate\\Routing\\Router->Illuminate\\Routing\\{closure}(Object(Illuminate\\Http\\Request))
#16 /home/berandah/subdomains/panel.berandahukum.com/app/Http/Middleware/CheckBlockedIp.php(22): Illuminate\\Pipeline\\Pipeline->Illuminate\\Pipeline\\{closure}(Object(Illuminate\\Http\\Request))
#17 /home/berandah/subdomains/panel.berandahukum.com/vendor/laravel/framework/src/Illuminate/Pipeline/Pipeline.php(167): App\\Http\\Middleware\\CheckBlockedIp->handle(Object(Illuminate\\Http\\Request), Object(Closure))
#18 /home/berandah/subdomains/panel.berandahukum.com/vendor/laravel/framework/src/Illuminate/Routing/Middleware/SubstituteBindings.php(50): Illuminate\\Pipeline\\Pipeline->Illuminate\\Pipeline\\{closure}(Object(Illuminate\\Http\\Request))
#19 /home/berandah/subdomains/panel.berandahukum.com/vendor/laravel/framework/src/Illuminate/Pipeline/Pipeline.php(167): Illuminate\\Routing\\Middleware\\SubstituteBindings->handle(Object(Illuminate\\Http\\Request), Object(Closure))
#20 /home/berandah/subdomains/panel.berandahukum.com/vendor/laravel/framework/src/Illuminate/Auth/Middleware/Authenticate.php(44): Illuminate\\Pipeline\\Pipeline->Illuminate\\Pipeline\\{closure}(Object(Illuminate\\Http\\Request))
#21 /home/berandah/subdomains/panel.berandahukum.com/vendor/laravel/framework/src/Illuminate/Pipeline/Pipeline.php(167): Illuminate\\Auth\\Middleware\\Authenticate->handle(Object(Illuminate\\Http\\Request), Object(Closure))
#22 /home/berandah/subdomains/panel.berandahukum.com/vendor/laravel/framework/src/Illuminate/Foundation/Http/Middleware/VerifyCsrfToken.php(78): Illuminate\\Pipeline\\Pipeline->Illuminate\\Pipeline\\{closure}(Object(Illuminate\\Http\\Request))
#23 /home/berandah/subdomains/panel.berandahukum.com/vendor/laravel/framework/src/Illuminate/Pipeline/Pipeline.php(167): Illuminate\\Foundation\\Http\\Middleware\\VerifyCsrfToken->handle(Object(Illuminate\\Http\\Request), Object(Closure))
#24 /home/berandah/subdomains/panel.berandahukum.com/vendor/laravel/framework/src/Illuminate/View/Middleware/ShareErrorsFromSession.php(49): Illuminate\\Pipeline\\Pipeline->Illuminate\\Pipeline\\{closure}(Object(Illuminate\\Http\\Request))
#25 /home/berandah/subdomains/panel.berandahukum.com/vendor/laravel/framework/src/Illuminate/Pipeline/Pipeline.php(167): Illuminate\\View\\Middleware\\ShareErrorsFromSession->handle(Object(Illuminate\\Http\\Request), Object(Closure))
#26 /home/berandah/subdomains/panel.berandahukum.com/vendor/laravel/framework/src/Illuminate/Session/Middleware/StartSession.php(121): Illuminate\\Pipeline\\Pipeline->Illuminate\\Pipeline\\{closure}(Object(Illuminate\\Http\\Request))
#27 /home/berandah/subdomains/panel.berandahukum.com/vendor/laravel/framework/src/Illuminate/Session/Middleware/StartSession.php(63): Illuminate\\Session\\Middleware\\StartSession->handleStatefulRequest(Object(Illuminate\\Http\\Request), Object(Illuminate\\Session\\Store), Object(Closure))
#28 /home/berandah/subdomains/panel.berandahukum.com/vendor/laravel/framework/src/Illuminate/Pipeline/Pipeline.php(167): Illuminate\\Session\\Middleware\\StartSession->handle(Object(Illuminate\\Http\\Request), Object(Closure))
#29 /home/berandah/subdomains/panel.berandahukum.com/vendor/laravel/framework/src/Illuminate/Cookie/Middleware/AddQueuedCookiesToResponse.php(37): Illuminate\\Pipeline\\Pipeline->Illuminate\\Pipeline\\{closure}(Object(Illuminate\\Http\\Request))
#30 /home/berandah/subdomains/panel.berandahukum.com/vendor/laravel/framework/src/Illuminate/Pipeline/Pipeline.php(167): Illuminate\\Cookie\\Middleware\\AddQueuedCookiesToResponse->handle(Object(Illuminate\\Http\\Request), Object(Closure))
#31 /home/berandah/subdomains/panel.berandahukum.com/vendor/laravel/framework/src/Illuminate/Cookie/Middleware/EncryptCookies.php(67): Illuminate\\Pipeline\\Pipeline->Illuminate\\Pipeline\\{closure}(Object(Illuminate\\Http\\Request))
#32 /home/berandah/subdomains/panel.berandahukum.com/vendor/laravel/framework/src/Illuminate/Pipeline/Pipeline.php(167): Illuminate\\Cookie\\Middleware\\EncryptCookies->handle(Object(Illuminate\\Http\\Request), Object(Closure))
#33 /home/berandah/subdomains/panel.berandahukum.com/vendor/laravel/framework/src/Illuminate/Pipeline/Pipeline.php(103): Illuminate\\Pipeline\\Pipeline->Illuminate\\Pipeline\\{closure}(Object(Illuminate\\Http\\Request))
#34 /home/berandah/subdomains/panel.berandahukum.com/vendor/laravel/framework/src/Illuminate/Routing/Router.php(695): Illuminate\\Pipeline\\Pipeline->then(Object(Closure))
#35 /home/berandah/subdomains/panel.berandahukum.com/vendor/laravel/framework/src/Illuminate/Routing/Router.php(670): Illuminate\\Routing\\Router->runRouteWithinStack(Object(Illuminate\\Routing\\Route), Object(Illuminate\\Http\\Request))
#36 /home/berandah/subdomains/panel.berandahukum.com/vendor/laravel/framework/src/Illuminate/Routing/Router.php(636): Illuminate\\Routing\\Router->runRoute(Object(Illuminate\\Http\\Request), Object(Illuminate\\Routing\\Route))
#37 /home/berandah/subdomains/panel.berandahukum.com/vendor/laravel/framework/src/Illuminate/Routing/Router.php(625): Illuminate\\Routing\\Router->dispatchToRoute(Object(Illuminate\\Http\\Request))
#38 /home/berandah/subdomains/panel.berandahukum.com/vendor/laravel/framework/src/Illuminate/Foundation/Http/Kernel.php(166): Illuminate\\Routing\\Router->dispatch(Object(Illuminate\\Http\\Request))
#39 /home/berandah/subdomains/panel.berandahukum.com/vendor/laravel/framework/src/Illuminate/Pipeline/Pipeline.php(128): Illuminate\\Foundation\\Http\\Kernel->Illuminate\\Foundation\\Http\\{closure}(Object(Illuminate\\Http\\Request))
#40 /home/berandah/subdomains/panel.berandahukum.com/vendor/laravel/framework/src/Illuminate/Foundation/Http/Middleware/TransformsRequest.php(21): Illuminate\\Pipeline\\Pipeline->Illuminate\\Pipeline\\{closure}(Object(Illuminate\\Http\\Request))
#41 /home/berandah/subdomains/panel.berandahukum.com/vendor/laravel/framework/src/Illuminate/Pipeline/Pipeline.php(167): Illuminate\\Foundation\\Http\\Middleware\\TransformsRequest->handle(Object(Illuminate\\Http\\Request), Object(Closure))
#42 /home/berandah/subdomains/panel.berandahukum.com/vendor/laravel/framework/src/Illuminate/Foundation/Http/Middleware/TransformsRequest.php(21): Illuminate\\Pipeline\\Pipeline->Illuminate\\Pipeline\\{closure}(Object(Illuminate\\Http\\Request))
#43 /home/berandah/subdomains/panel.berandahukum.com/vendor/laravel/framework/src/Illuminate/Pipeline/Pipeline.php(167): Illuminate\\Foundation\\Http\\Middleware\\TransformsRequest->handle(Object(Illuminate\\Http\\Request), Object(Closure))
#44 /home/berandah/subdomains/panel.berandahukum.com/vendor/laravel/framework/src/Illuminate/Foundation/Http/Middleware/ValidatePostSize.php(27): Illuminate\\Pipeline\\Pipeline->Illuminate\\Pipeline\\{closure}(Object(Illuminate\\Http\\Request))
#45 /home/berandah/subdomains/panel.berandahukum.com/vendor/laravel/framework/src/Illuminate/Pipeline/Pipeline.php(167): Illuminate\\Foundation\\Http\\Middleware\\ValidatePostSize->handle(Object(Illuminate\\Http\\Request), Object(Closure))
#46 /home/berandah/subdomains/panel.berandahukum.com/vendor/laravel/framework/src/Illuminate/Foundation/Http/Middleware/PreventRequestsDuringMaintenance.php(86): Illuminate\\Pipeline\\Pipeline->Illuminate\\Pipeline\\{closure}(Object(Illuminate\\Http\\Request))
#47 /home/berandah/subdomains/panel.berandahukum.com/vendor/laravel/framework/src/Illuminate/Pipeline/Pipeline.php(167): Illuminate\\Foundation\\Http\\Middleware\\PreventRequestsDuringMaintenance->handle(Object(Illuminate\\Http\\Request), Object(Closure))
#48 /home/berandah/subdomains/panel.berandahukum.com/vendor/fruitcake/laravel-cors/src/HandleCors.php(37): Illuminate\\Pipeline\\Pipeline->Illuminate\\Pipeline\\{closure}(Object(Illuminate\\Http\\Request))
#49 /home/berandah/subdomains/panel.berandahukum.com/vendor/laravel/framework/src/Illuminate/Pipeline/Pipeline.php(167): Fruitcake\\Cors\\HandleCors->handle(Object(Illuminate\\Http\\Request), Object(Closure))
#50 /home/berandah/subdomains/panel.berandahukum.com/vendor/fideloper/proxy/src/TrustProxies.php(57): Illuminate\\Pipeline\\Pipeline->Illuminate\\Pipeline\\{closure}(Object(Illuminate\\Http\\Request))
#51 /home/berandah/subdomains/panel.berandahukum.com/vendor/laravel/framework/src/Illuminate/Pipeline/Pipeline.php(167): Fideloper\\Proxy\\TrustProxies->handle(Object(Illuminate\\Http\\Request), Object(Closure))
#52 /home/berandah/subdomains/panel.berandahukum.com/vendor/laravel/framework/src/Illuminate/Pipeline/Pipeline.php(103): Illuminate\\Pipeline\\Pipeline->Illuminate\\Pipeline\\{closure}(Object(Illuminate\\Http\\Request))
#53 /home/berandah/subdomains/panel.berandahukum.com/vendor/laravel/framework/src/Illuminate/Foundation/Http/Kernel.php(141): Illuminate\\Pipeline\\Pipeline->then(Object(Closure))
#54 /home/berandah/subdomains/panel.berandahukum.com/vendor/laravel/framework/src/Illuminate/Foundation/Http/Kernel.php(110): Illuminate\\Foundation\\Http\\Kernel->sendRequestThroughRouter(Object(Illuminate\\Http\\Request))
#55 /home/berandah/subdomains/panel.berandahukum.com/public/index.php(52): Illuminate\\Foundation\\Http\\Kernel->handle(Object(Illuminate\\Http\\Request))
#56 {main}

[previous exception] [object] (ParseError(code: 0): syntax error, unexpected '<' at /home/berandah/subdomains/panel.berandahukum.com/storage/framework/views/69beca937f0aa8d382b0f42dac5ffc1a360012a6.php:1188)
[stacktrace]
#0 /home/berandah/subdomains/panel.berandahukum.com/vendor/laravel/framework/src/Illuminate/Filesystem/Filesystem.php(108): Illuminate\\Filesystem\\Filesystem::Illuminate\\Filesystem\\{closure}()
#1 /home/berandah/subdomains/panel.berandahukum.com/vendor/laravel/framework/src/Illuminate/View/Engines/PhpEngine.php(58): Illuminate\\Filesystem\\Filesystem->getRequire('/home/berandah/...', Array)
#2 /home/berandah/subdomains/panel.berandahukum.com/vendor/laravel/framework/src/Illuminate/View/Engines/CompilerEngine.php(61): Illuminate\\View\\Engines\\PhpEngine->evaluatePath('/home/berandah/...', Array)
#3 /home/berandah/subdomains/panel.berandahukum.com/vendor/facade/ignition/src/Views/Engines/CompilerEngine.php(37): Illuminate\\View\\Engines\\CompilerEngine->get('/home/berandah/...', Array)
#4 /home/berandah/subdomains/panel.berandahukum.com/vendor/laravel/framework/src/Illuminate/View/View.php(139): Facade\\Ignition\\Views\\Engines\\CompilerEngine->get('/home/berandah/...', Array)
#5 /home/berandah/subdomains/panel.berandahukum.com/vendor/laravel/framework/src/Illuminate/View/View.php(122): Illuminate\\View\\View->getContents()
#6 /home/berandah/subdomains/panel.berandahukum.com/vendor/laravel/framework/src/Illuminate/View/View.php(91): Illuminate\\View\\View->renderContents()
#7 /home/berandah/subdomains/panel.berandahukum.com/vendor/barryvdh/laravel-dompdf/src/PDF.php(132): Illuminate\\View\\View->render()
#8 /home/berandah/subdomains/panel.berandahukum.com/vendor/barryvdh/laravel-dompdf/src/Facade.php(31): Barryvdh\\DomPDF\\PDF->loadView('pindah-toko.bar...', Object(App\\Models\\PindahGudang))
#9 /home/berandah/subdomains/panel.berandahukum.com/app/Http/Controllers/PindahTokoController.php(274): Barryvdh\\DomPDF\\Facade::__callStatic('loadView', Array)
#10 /home/berandah/subdomains/panel.berandahukum.com/vendor/laravel/framework/src/Illuminate/Routing/Controller.php(54): App\\Http\\Controllers\\PindahTokoController->outDownload('1067')
#11 /home/berandah/subdomains/panel.berandahukum.com/vendor/laravel/framework/src/Illuminate/Routing/ControllerDispatcher.php(45): Illuminate\\Routing\\Controller->callAction('outDownload', Array)
#12 /home/berandah/subdomains/panel.berandahukum.com/vendor/laravel/framework/src/Illuminate/Routing/Route.php(254): Illuminate\\Routing\\ControllerDispatcher->dispatch(Object(Illuminate\\Routing\\Route), Object(App\\Http\\Controllers\\PindahTokoController), 'outDownload')
#13 /home/berandah/subdomains/panel.berandahukum.com/vendor/laravel/framework/src/Illuminate/Routing/Route.php(197): Illuminate\\Routing\\Route->runController()
#14 /home/berandah/subdomains/panel.berandahukum.com/vendor/laravel/framework/src/Illuminate/Routing/Router.php(693): Illuminate\\Routing\\Route->run()
#15 /home/berandah/subdomains/panel.berandahukum.com/vendor/laravel/framework/src/Illuminate/Pipeline/Pipeline.php(128): Illuminate\\Routing\\Router->Illuminate\\Routing\\{closure}(Object(Illuminate\\Http\\Request))
#16 /home/berandah/subdomains/panel.berandahukum.com/app/Http/Middleware/CheckBlockedIp.php(22): Illuminate\\Pipeline\\Pipeline->Illuminate\\Pipeline\\{closure}(Object(Illuminate\\Http\\Request))
#17 /home/berandah/subdomains/panel.berandahukum.com/vendor/laravel/framework/src/Illuminate/Pipeline/Pipeline.php(167): App\\Http\\Middleware\\CheckBlockedIp->handle(Object(Illuminate\\Http\\Request), Object(Closure))
#18 /home/berandah/subdomains/panel.berandahukum.com/vendor/laravel/framework/src/Illuminate/Routing/Middleware/SubstituteBindings.php(50): Illuminate\\Pipeline\\Pipeline->Illuminate\\Pipeline\\{closure}(Object(Illuminate\\Http\\Request))
#19 /home/berandah/subdomains/panel.berandahukum.com/vendor/laravel/framework/src/Illuminate/Pipeline/Pipeline.php(167): Illuminate\\Routing\\Middleware\\SubstituteBindings->handle(Object(Illuminate\\Http\\Request), Object(Closure))
#20 /home/berandah/subdomains/panel.berandahukum.com/vendor/laravel/framework/src/Illuminate/Auth/Middleware/Authenticate.php(44): Illuminate\\Pipeline\\Pipeline->Illuminate\\Pipeline\\{closure}(Object(Illuminate\\Http\\Request))
#21 /home/berandah/subdomains/panel.berandahukum.com/vendor/laravel/framework/src/Illuminate/Pipeline/Pipeline.php(167): Illuminate\\Auth\\Middleware\\Authenticate->handle(Object(Illuminate\\Http\\Request), Object(Closure))
#22 /home/berandah/subdomains/panel.berandahukum.com/vendor/laravel/framework/src/Illuminate/Foundation/Http/Middleware/VerifyCsrfToken.php(78): Illuminate\\Pipeline\\Pipeline->Illuminate\\Pipeline\\{closure}(Object(Illuminate\\Http\\Request))
#23 /home/berandah/subdomains/panel.berandahukum.com/vendor/laravel/framework/src/Illuminate/Pipeline/Pipeline.php(167): Illuminate\\Foundation\\Http\\Middleware\\VerifyCsrfToken->handle(Object(Illuminate\\Http\\Request), Object(Closure))
#24 /home/berandah/subdomains/panel.berandahukum.com/vendor/laravel/framework/src/Illuminate/View/Middleware/ShareErrorsFromSession.php(49): Illuminate\\Pipeline\\Pipeline->Illuminate\\Pipeline\\{closure}(Object(Illuminate\\Http\\Request))
#25 /home/berandah/subdomains/panel.berandahukum.com/vendor/laravel/framework/src/Illuminate/Pipeline/Pipeline.php(167): Illuminate\\View\\Middleware\\ShareErrorsFromSession->handle(Object(Illuminate\\Http\\Request), Object(Closure))
#26 /home/berandah/subdomains/panel.berandahukum.com/vendor/laravel/framework/src/Illuminate/Session/Middleware/StartSession.php(121): Illuminate\\Pipeline\\Pipeline->Illuminate\\Pipeline\\{closure}(Object(Illuminate\\Http\\Request))
#27 /home/berandah/subdomains/panel.berandahukum.com/vendor/laravel/framework/src/Illuminate/Session/Middleware/StartSession.php(63): Illuminate\\Session\\Middleware\\StartSession->handleStatefulRequest(Object(Illuminate\\Http\\Request), Object(Illuminate\\Session\\Store), Object(Closure))
#28 /home/berandah/subdomains/panel.berandahukum.com/vendor/laravel/framework/src/Illuminate/Pipeline/Pipeline.php(167): Illuminate\\Session\\Middleware\\StartSession->handle(Object(Illuminate\\Http\\Request), Object(Closure))
#29 /home/berandah/subdomains/panel.berandahukum.com/vendor/laravel/framework/src/Illuminate/Cookie/Middleware/AddQueuedCookiesToResponse.php(37): Illuminate\\Pipeline\\Pipeline->Illuminate\\Pipeline\\{closure}(Object(Illuminate\\Http\\Request))
#30 /home/berandah/subdomains/panel.berandahukum.com/vendor/laravel/framework/src/Illuminate/Pipeline/Pipeline.php(167): Illuminate\\Cookie\\Middleware\\AddQueuedCookiesToResponse->handle(Object(Illuminate\\Http\\Request), Object(Closure))
#31 /home/berandah/subdomains/panel.berandahukum.com/vendor/laravel/framework/src/Illuminate/Cookie/Middleware/EncryptCookies.php(67): Illuminate\\Pipeline\\Pipeline->Illuminate\\Pipeline\\{closure}(Object(Illuminate\\Http\\Request))
#32 /home/berandah/subdomains/panel.berandahukum.com/vendor/laravel/framework/src/Illuminate/Pipeline/Pipeline.php(167): Illuminate\\Cookie\\Middleware\\EncryptCookies->handle(Object(Illuminate\\Http\\Request), Object(Closure))
#33 /home/berandah/subdomains/panel.berandahukum.com/vendor/laravel/framework/src/Illuminate/Pipeline/Pipeline.php(103): Illuminate\\Pipeline\\Pipeline->Illuminate\\Pipeline\\{closure}(Object(Illuminate\\Http\\Request))
#34 /home/berandah/subdomains/panel.berandahukum.com/vendor/laravel/framework/src/Illuminate/Routing/Router.php(695): Illuminate\\Pipeline\\Pipeline->then(Object(Closure))
#35 /home/berandah/subdomains/panel.berandahukum.com/vendor/laravel/framework/src/Illuminate/Routing/Router.php(670): Illuminate\\Routing\\Router->runRouteWithinStack(Object(Illuminate\\Routing\\Route), Object(Illuminate\\Http\\Request))
#36 /home/berandah/subdomains/panel.berandahukum.com/vendor/laravel/framework/src/Illuminate/Routing/Router.php(636): Illuminate\\Routing\\Router->runRoute(Object(Illuminate\\Http\\Request), Object(Illuminate\\Routing\\Route))
#37 /home/berandah/subdomains/panel.berandahukum.com/vendor/laravel/framework/src/Illuminate/Routing/Router.php(625): Illuminate\\Routing\\Router->dispatchToRoute(Object(Illuminate\\Http\\Request))
#38 /home/berandah/subdomains/panel.berandahukum.com/vendor/laravel/framework/src/Illuminate/Foundation/Http/Kernel.php(166): Illuminate\\Routing\\Router->dispatch(Object(Illuminate\\Http\\Request))
#39 /home/berandah/subdomains/panel.berandahukum.com/vendor/laravel/framework/src/Illuminate/Pipeline/Pipeline.php(128): Illuminate\\Foundation\\Http\\Kernel->Illuminate\\Foundation\\Http\\{closure}(Object(Illuminate\\Http\\Request))
#40 /home/berandah/subdomains/panel.berandahukum.com/vendor/laravel/framework/src/Illuminate/Foundation/Http/Middleware/TransformsRequest.php(21): Illuminate\\Pipeline\\Pipeline->Illuminate\\Pipeline\\{closure}(Object(Illuminate\\Http\\Request))
#41 /home/berandah/subdomains/panel.berandahukum.com/vendor/laravel/framework/src/Illuminate/Pipeline/Pipeline.php(167): Illuminate\\Foundation\\Http\\Middleware\\TransformsRequest->handle(Object(Illuminate\\Http\\Request), Object(Closure))
#42 /home/berandah/subdomains/panel.berandahukum.com/vendor/laravel/framework/src/Illuminate/Foundation/Http/Middleware/TransformsRequest.php(21): Illuminate\\Pipeline\\Pipeline->Illuminate\\Pipeline\\{closure}(Object(Illuminate\\Http\\Request))
#43 /home/berandah/subdomains/panel.berandahukum.com/vendor/laravel/framework/src/Illuminate/Pipeline/Pipeline.php(167): Illuminate\\Foundation\\Http\\Middleware\\TransformsRequest->handle(Object(Illuminate\\Http\\Request), Object(Closure))
#44 /home/berandah/subdomains/panel.berandahukum.com/vendor/laravel/framework/src/Illuminate/Foundation/Http/Middleware/ValidatePostSize.php(27): Illuminate\\Pipeline\\Pipeline->Illuminate\\Pipeline\\{closure}(Object(Illuminate\\Http\\Request))
#45 /home/berandah/subdomains/panel.berandahukum.com/vendor/laravel/framework/src/Illuminate/Pipeline/Pipeline.php(167): Illuminate\\Foundation\\Http\\Middleware\\ValidatePostSize->handle(Object(Illuminate\\Http\\Request), Object(Closure))
#46 /home/berandah/subdomains/panel.berandahukum.com/vendor/laravel/framework/src/Illuminate/Foundation/Http/Middleware/PreventRequestsDuringMaintenance.php(86): Illuminate\\Pipeline\\Pipeline->Illuminate\\Pipeline\\{closure}(Object(Illuminate\\Http\\Request))
#47 /home/berandah/subdomains/panel.berandahukum.com/vendor/laravel/framework/src/Illuminate/Pipeline/Pipeline.php(167): Illuminate\\Foundation\\Http\\Middleware\\PreventRequestsDuringMaintenance->handle(Object(Illuminate\\Http\\Request), Object(Closure))
#48 /home/berandah/subdomains/panel.berandahukum.com/vendor/fruitcake/laravel-cors/src/HandleCors.php(37): Illuminate\\Pipeline\\Pipeline->Illuminate\\Pipeline\\{closure}(Object(Illuminate\\Http\\Request))
#49 /home/berandah/subdomains/panel.berandahukum.com/vendor/laravel/framework/src/Illuminate/Pipeline/Pipeline.php(167): Fruitcake\\Cors\\HandleCors->handle(Object(Illuminate\\Http\\Request), Object(Closure))
#50 /home/berandah/subdomains/panel.berandahukum.com/vendor/fideloper/proxy/src/TrustProxies.php(57): Illuminate\\Pipeline\\Pipeline->Illuminate\\Pipeline\\{closure}(Object(Illuminate\\Http\\Request))
#51 /home/berandah/subdomains/panel.berandahukum.com/vendor/laravel/framework/src/Illuminate/Pipeline/Pipeline.php(167): Fideloper\\Proxy\\TrustProxies->handle(Object(Illuminate\\Http\\Request), Object(Closure))
#52 /home/berandah/subdomains/panel.berandahukum.com/vendor/laravel/framework/src/Illuminate/Pipeline/Pipeline.php(103): Illuminate\\Pipeline\\Pipeline->Illuminate\\Pipeline\\{closure}(Object(Illuminate\\Http\\Request))
#53 /home/berandah/subdomains/panel.berandahukum.com/vendor/laravel/framework/src/Illuminate/Foundation/Http/Kernel.php(141): Illuminate\\Pipeline\\Pipeline->then(Object(Closure))
#54 /home/berandah/subdomains/panel.berandahukum.com/vendor/laravel/framework/src/Illuminate/Foundation/Http/Kernel.php(110): Illuminate\\Foundation\\Http\\Kernel->sendRequestThroughRouter(Object(Illuminate\\Http\\Request))
#55 /home/berandah/subdomains/panel.berandahukum.com/public/index.php(52): Illuminate\\Foundation\\Http\\Kernel->handle(Object(Illuminate\\Http\\Request))
#56 {main}
"} 
[2026-06-19 14:20:55] local.ERROR: syntax error, unexpected '<' (View: /home/berandah/subdomains/panel.berandahukum.com/resources/views/pindah-toko/barang-keluar/print.blade.php) {"userId":35,"exception":"[object] (Facade\\Ignition\\Exceptions\\ViewException(code: 0): syntax error, unexpected '<' (View: /home/berandah/subdomains/panel.berandahukum.com/resources/views/pindah-toko/barang-keluar/print.blade.php) at /home/berandah/subdomains/panel.berandahukum.com/resources/views/pindah-toko/barang-keluar/print.blade.php:1188)
[stacktrace]
#0 /home/berandah/subdomains/panel.berandahukum.com/vendor/laravel/framework/src/Illuminate/Filesystem/Filesystem.php(108): Illuminate\\Filesystem\\Filesystem::Illuminate\\Filesystem\\{closure}()
#1 /home/berandah/subdomains/panel.berandahukum.com/vendor/laravel/framework/src/Illuminate/View/Engines/PhpEngine.php(58): Illuminate\\Filesystem\\Filesystem->getRequire('/home/berandah/...', Array)
#2 /home/berandah/subdomains/panel.berandahukum.com/vendor/laravel/framework/src/Illuminate/View/Engines/CompilerEngine.php(61): Illuminate\\View\\Engines\\PhpEngine->evaluatePath('/home/berandah/...', Array)
#3 /home/berandah/subdomains/panel.berandahukum.com/vendor/facade/ignition/src/Views/Engines/CompilerEngine.php(37): Illuminate\\View\\Engines\\CompilerEngine->get('/home/berandah/...', Array)
#4 /home/berandah/subdomains/panel.berandahukum.com/vendor/laravel/framework/src/Illuminate/View/View.php(139): Facade\\Ignition\\Views\\Engines\\CompilerEngine->get('/home/berandah/...', Array)
#5 /home/berandah/subdomains/panel.berandahukum.com/vendor/laravel/framework/src/Illuminate/View/View.php(122): Illuminate\\View\\View->getContents()
#6 /home/berandah/subdomains/panel.berandahukum.com/vendor/laravel/framework/src/Illuminate/View/View.php(91): Illuminate\\View\\View->renderContents()
#7 /home/berandah/subdomains/panel.berandahukum.com/vendor/barryvdh/laravel-dompdf/src/PDF.php(132): Illuminate\\View\\View->render()
#8 /home/berandah/subdomains/panel.berandahukum.com/vendor/barryvdh/laravel-dompdf/src/Facade.php(31): Barryvdh\\DomPDF\\PDF->loadView('pindah-toko.bar...', Object(App\\Models\\PindahGudang))
#9 /home/berandah/subdomains/panel.berandahukum.com/app/Http/Controllers/PindahTokoController.php(274): Barryvdh\\DomPDF\\Facade::__callStatic('loadView', Array)
#10 /home/berandah/subdomains/panel.berandahukum.com/vendor/laravel/framework/src/Illuminate/Routing/Controller.php(54): App\\Http\\Controllers\\PindahTokoController->outDownload('1068')
#11 /home/berandah/subdomains/panel.berandahukum.com/vendor/laravel/framework/src/Illuminate/Routing/ControllerDispatcher.php(45): Illuminate\\Routing\\Controller->callAction('outDownload', Array)
#12 /home/berandah/subdomains/panel.berandahukum.com/vendor/laravel/framework/src/Illuminate/Routing/Route.php(254): Illuminate\\Routing\\ControllerDispatcher->dispatch(Object(Illuminate\\Routing\\Route), Object(App\\Http\\Controllers\\PindahTokoController), 'outDownload')
#13 /home/berandah/subdomains/panel.berandahukum.com/vendor/laravel/framework/src/Illuminate/Routing/Route.php(197): Illuminate\\Routing\\Route->runController()
#14 /home/berandah/subdomains/panel.berandahukum.com/vendor/laravel/framework/src/Illuminate/Routing/Router.php(693): Illuminate\\Routing\\Route->run()
#15 /home/berandah/subdomains/panel.berandahukum.com/vendor/laravel/framework/src/Illuminate/Pipeline/Pipeline.php(128): Illuminate\\Routing\\Router->Illuminate\\Routing\\{closure}(Object(Illuminate\\Http\\Request))
#16 /home/berandah/subdomains/panel.berandahukum.com/app/Http/Middleware/CheckBlockedIp.php(22): Illuminate\\Pipeline\\Pipeline->Illuminate\\Pipeline\\{closure}(Object(Illuminate\\Http\\Request))
#17 /home/berandah/subdomains/panel.berandahukum.com/vendor/laravel/framework/src/Illuminate/Pipeline/Pipeline.php(167): App\\Http\\Middleware\\CheckBlockedIp->handle(Object(Illuminate\\Http\\Request), Object(Closure))
#18 /home/berandah/subdomains/panel.berandahukum.com/vendor/laravel/framework/src/Illuminate/Routing/Middleware/SubstituteBindings.php(50): Illuminate\\Pipeline\\Pipeline->Illuminate\\Pipeline\\{closure}(Object(Illuminate\\Http\\Request))
#19 /home/berandah/subdomains/panel.berandahukum.com/vendor/laravel/framework/src/Illuminate/Pipeline/Pipeline.php(167): Illuminate\\Routing\\Middleware\\SubstituteBindings->handle(Object(Illuminate\\Http\\Request), Object(Closure))
#20 /home/berandah/subdomains/panel.berandahukum.com/vendor/laravel/framework/src/Illuminate/Auth/Middleware/Authenticate.php(44): Illuminate\\Pipeline\\Pipeline->Illuminate\\Pipeline\\{closure}(Object(Illuminate\\Http\\Request))
#21 /home/berandah/subdomains/panel.berandahukum.com/vendor/laravel/framework/src/Illuminate/Pipeline/Pipeline.php(167): Illuminate\\Auth\\Middleware\\Authenticate->handle(Object(Illuminate\\Http\\Request), Object(Closure))
#22 /home/berandah/subdomains/panel.berandahukum.com/vendor/laravel/framework/src/Illuminate/Foundation/Http/Middleware/VerifyCsrfToken.php(78): Illuminate\\Pipeline\\Pipeline->Illuminate\\Pipeline\\{closure}(Object(Illuminate\\Http\\Request))
#23 /home/berandah/subdomains/panel.berandahukum.com/vendor/laravel/framework/src/Illuminate/Pipeline/Pipeline.php(167): Illuminate\\Foundation\\Http\\Middleware\\VerifyCsrfToken->handle(Object(Illuminate\\Http\\Request), Object(Closure))
#24 /home/berandah/subdomains/panel.berandahukum.com/vendor/laravel/framework/src/Illuminate/View/Middleware/ShareErrorsFromSession.php(49): Illuminate\\Pipeline\\Pipeline->Illuminate\\Pipeline\\{closure}(Object(Illuminate\\Http\\Request))
#25 /home/berandah/subdomains/panel.berandahukum.com/vendor/laravel/framework/src/Illuminate/Pipeline/Pipeline.php(167): Illuminate\\View\\Middleware\\ShareErrorsFromSession->handle(Object(Illuminate\\Http\\Request), Object(Closure))
#26 /home/berandah/subdomains/panel.berandahukum.com/vendor/laravel/framework/src/Illuminate/Session/Middleware/StartSession.php(121): Illuminate\\Pipeline\\Pipeline->Illuminate\\Pipeline\\{closure}(Object(Illuminate\\Http\\Request))
#27 /home/berandah/subdomains/panel.berandahukum.com/vendor/laravel/framework/src/Illuminate/Session/Middleware/StartSession.php(63): Illuminate\\Session\\Middleware\\StartSession->handleStatefulRequest(Object(Illuminate\\Http\\Request), Object(Illuminate\\Session\\Store), Object(Closure))
#28 /home/berandah/subdomains/panel.berandahukum.com/vendor/laravel/framework/src/Illuminate/Pipeline/Pipeline.php(167): Illuminate\\Session\\Middleware\\StartSession->handle(Object(Illuminate\\Http\\Request), Object(Closure))
#29 /home/berandah/subdomains/panel.berandahukum.com/vendor/laravel/framework/src/Illuminate/Cookie/Middleware/AddQueuedCookiesToResponse.php(37): Illuminate\\Pipeline\\Pipeline->Illuminate\\Pipeline\\{closure}(Object(Illuminate\\Http\\Request))
#30 /home/berandah/subdomains/panel.berandahukum.com/vendor/laravel/framework/src/Illuminate/Pipeline/Pipeline.php(167): Illuminate\\Cookie\\Middleware\\AddQueuedCookiesToResponse->handle(Object(Illuminate\\Http\\Request), Object(Closure))
#31 /home/berandah/subdomains/panel.berandahukum.com/vendor/laravel/framework/src/Illuminate/Cookie/Middleware/EncryptCookies.php(67): Illuminate\\Pipeline\\Pipeline->Illuminate\\Pipeline\\{closure}(Object(Illuminate\\Http\\Request))
#32 /home/berandah/subdomains/panel.berandahukum.com/vendor/laravel/framework/src/Illuminate/Pipeline/Pipeline.php(167): Illuminate\\Cookie\\Middleware\\EncryptCookies->handle(Object(Illuminate\\Http\\Request), Object(Closure))
#33 /home/berandah/subdomains/panel.berandahukum.com/vendor/laravel/framework/src/Illuminate/Pipeline/Pipeline.php(103): Illuminate\\Pipeline\\Pipeline->Illuminate\\Pipeline\\{closure}(Object(Illuminate\\Http\\Request))
#34 /home/berandah/subdomains/panel.berandahukum.com/vendor/laravel/framework/src/Illuminate/Routing/Router.php(695): Illuminate\\Pipeline\\Pipeline->then(Object(Closure))
#35 /home/berandah/subdomains/panel.berandahukum.com/vendor/laravel/framework/src/Illuminate/Routing/Router.php(670): Illuminate\\Routing\\Router->runRouteWithinStack(Object(Illuminate\\Routing\\Route), Object(Illuminate\\Http\\Request))
#36 /home/berandah/subdomains/panel.berandahukum.com/vendor/laravel/framework/src/Illuminate/Routing/Router.php(636): Illuminate\\Routing\\Router->runRoute(Object(Illuminate\\Http\\Request), Object(Illuminate\\Routing\\Route))
#37 /home/berandah/subdomains/panel.berandahukum.com/vendor/laravel/framework/src/Illuminate/Routing/Router.php(625): Illuminate\\Routing\\Router->dispatchToRoute(Object(Illuminate\\Http\\Request))
#38 /home/berandah/subdomains/panel.berandahukum.com/vendor/laravel/framework/src/Illuminate/Foundation/Http/Kernel.php(166): Illuminate\\Routing\\Router->dispatch(Object(Illuminate\\Http\\Request))
#39 /home/berandah/subdomains/panel.berandahukum.com/vendor/laravel/framework/src/Illuminate/Pipeline/Pipeline.php(128): Illuminate\\Foundation\\Http\\Kernel->Illuminate\\Foundation\\Http\\{closure}(Object(Illuminate\\Http\\Request))
#40 /home/berandah/subdomains/panel.berandahukum.com/vendor/laravel/framework/src/Illuminate/Foundation/Http/Middleware/TransformsRequest.php(21): Illuminate\\Pipeline\\Pipeline->Illuminate\\Pipeline\\{closure}(Object(Illuminate\\Http\\Request))
#41 /home/berandah/subdomains/panel.berandahukum.com/vendor/laravel/framework/src/Illuminate/Pipeline/Pipeline.php(167): Illuminate\\Foundation\\Http\\Middleware\\TransformsRequest->handle(Object(Illuminate\\Http\\Request), Object(Closure))
#42 /home/berandah/subdomains/panel.berandahukum.com/vendor/laravel/framework/src/Illuminate/Foundation/Http/Middleware/TransformsRequest.php(21): Illuminate\\Pipeline\\Pipeline->Illuminate\\Pipeline\\{closure}(Object(Illuminate\\Http\\Request))
#43 /home/berandah/subdomains/panel.berandahukum.com/vendor/laravel/framework/src/Illuminate/Pipeline/Pipeline.php(167): Illuminate\\Foundation\\Http\\Middleware\\TransformsRequest->handle(Object(Illuminate\\Http\\Request), Object(Closure))
#44 /home/berandah/subdomains/panel.berandahukum.com/vendor/laravel/framework/src/Illuminate/Foundation/Http/Middleware/ValidatePostSize.php(27): Illuminate\\Pipeline\\Pipeline->Illuminate\\Pipeline\\{closure}(Object(Illuminate\\Http\\Request))
#45 /home/berandah/subdomains/panel.berandahukum.com/vendor/laravel/framework/src/Illuminate/Pipeline/Pipeline.php(167): Illuminate\\Foundation\\Http\\Middleware\\ValidatePostSize->handle(Object(Illuminate\\Http\\Request), Object(Closure))
#46 /home/berandah/subdomains/panel.berandahukum.com/vendor/laravel/framework/src/Illuminate/Foundation/Http/Middleware/PreventRequestsDuringMaintenance.php(86): Illuminate\\Pipeline\\Pipeline->Illuminate\\Pipeline\\{closure}(Object(Illuminate\\Http\\Request))
#47 /home/berandah/subdomains/panel.berandahukum.com/vendor/laravel/framework/src/Illuminate/Pipeline/Pipeline.php(167): Illuminate\\Foundation\\Http\\Middleware\\PreventRequestsDuringMaintenance->handle(Object(Illuminate\\Http\\Request), Object(Closure))
#48 /home/berandah/subdomains/panel.berandahukum.com/vendor/fruitcake/laravel-cors/src/HandleCors.php(37): Illuminate\\Pipeline\\Pipeline->Illuminate\\Pipeline\\{closure}(Object(Illuminate\\Http\\Request))
#49 /home/berandah/subdomains/panel.berandahukum.com/vendor/laravel/framework/src/Illuminate/Pipeline/Pipeline.php(167): Fruitcake\\Cors\\HandleCors->handle(Object(Illuminate\\Http\\Request), Object(Closure))
#50 /home/berandah/subdomains/panel.berandahukum.com/vendor/fideloper/proxy/src/TrustProxies.php(57): Illuminate\\Pipeline\\Pipeline->Illuminate\\Pipeline\\{closure}(Object(Illuminate\\Http\\Request))
#51 /home/berandah/subdomains/panel.berandahukum.com/vendor/laravel/framework/src/Illuminate/Pipeline/Pipeline.php(167): Fideloper\\Proxy\\TrustProxies->handle(Object(Illuminate\\Http\\Request), Object(Closure))
#52 /home/berandah/subdomains/panel.berandahukum.com/vendor/laravel/framework/src/Illuminate/Pipeline/Pipeline.php(103): Illuminate\\Pipeline\\Pipeline->Illuminate\\Pipeline\\{closure}(Object(Illuminate\\Http\\Request))
#53 /home/berandah/subdomains/panel.berandahukum.com/vendor/laravel/framework/src/Illuminate/Foundation/Http/Kernel.php(141): Illuminate\\Pipeline\\Pipeline->then(Object(Closure))
#54 /home/berandah/subdomains/panel.berandahukum.com/vendor/laravel/framework/src/Illuminate/Foundation/Http/Kernel.php(110): Illuminate\\Foundation\\Http\\Kernel->sendRequestThroughRouter(Object(Illuminate\\Http\\Request))
#55 /home/berandah/subdomains/panel.berandahukum.com/public/index.php(52): Illuminate\\Foundation\\Http\\Kernel->handle(Object(Illuminate\\Http\\Request))
#56 {main}

[previous exception] [object] (ParseError(code: 0): syntax error, unexpected '<' at /home/berandah/subdomains/panel.berandahukum.com/storage/framework/views/69beca937f0aa8d382b0f42dac5ffc1a360012a6.php:1188)
[stacktrace]
#0 /home/berandah/subdomains/panel.berandahukum.com/vendor/laravel/framework/src/Illuminate/Filesystem/Filesystem.php(108): Illuminate\\Filesystem\\Filesystem::Illuminate\\Filesystem\\{closure}()
#1 /home/berandah/subdomains/panel.berandahukum.com/vendor/laravel/framework/src/Illuminate/View/Engines/PhpEngine.php(58): Illuminate\\Filesystem\\Filesystem->getRequire('/home/berandah/...', Array)
#2 /home/berandah/subdomains/panel.berandahukum.com/vendor/laravel/framework/src/Illuminate/View/Engines/CompilerEngine.php(61): Illuminate\\View\\Engines\\PhpEngine->evaluatePath('/home/berandah/...', Array)
#3 /home/berandah/subdomains/panel.berandahukum.com/vendor/facade/ignition/src/Views/Engines/CompilerEngine.php(37): Illuminate\\View\\Engines\\CompilerEngine->get('/home/berandah/...', Array)
#4 /home/berandah/subdomains/panel.berandahukum.com/vendor/laravel/framework/src/Illuminate/View/View.php(139): Facade\\Ignition\\Views\\Engines\\CompilerEngine->get('/home/berandah/...', Array)
#5 /home/berandah/subdomains/panel.berandahukum.com/vendor/laravel/framework/src/Illuminate/View/View.php(122): Illuminate\\View\\View->getContents()
#6 /home/berandah/subdomains/panel.berandahukum.com/vendor/laravel/framework/src/Illuminate/View/View.php(91): Illuminate\\View\\View->renderContents()
#7 /home/berandah/subdomains/panel.berandahukum.com/vendor/barryvdh/laravel-dompdf/src/PDF.php(132): Illuminate\\View\\View->render()
#8 /home/berandah/subdomains/panel.berandahukum.com/vendor/barryvdh/laravel-dompdf/src/Facade.php(31): Barryvdh\\DomPDF\\PDF->loadView('pindah-toko.bar...', Object(App\\Models\\PindahGudang))
#9 /home/berandah/subdomains/panel.berandahukum.com/app/Http/Controllers/PindahTokoController.php(274): Barryvdh\\DomPDF\\Facade::__callStatic('loadView', Array)
#10 /home/berandah/subdomains/panel.berandahukum.com/vendor/laravel/framework/src/Illuminate/Routing/Controller.php(54): App\\Http\\Controllers\\PindahTokoController->outDownload('1068')
#11 /home/berandah/subdomains/panel.berandahukum.com/vendor/laravel/framework/src/Illuminate/Routing/ControllerDispatcher.php(45): Illuminate\\Routing\\Controller->callAction('outDownload', Array)
#12 /home/berandah/subdomains/panel.berandahukum.com/vendor/laravel/framework/src/Illuminate/Routing/Route.php(254): Illuminate\\Routing\\ControllerDispatcher->dispatch(Object(Illuminate\\Routing\\Route), Object(App\\Http\\Controllers\\PindahTokoController), 'outDownload')
#13 /home/berandah/subdomains/panel.berandahukum.com/vendor/laravel/framework/src/Illuminate/Routing/Route.php(197): Illuminate\\Routing\\Route->runController()
#14 /home/berandah/subdomains/panel.berandahukum.com/vendor/laravel/framework/src/Illuminate/Routing/Router.php(693): Illuminate\\Routing\\Route->run()
#15 /home/berandah/subdomains/panel.berandahukum.com/vendor/laravel/framework/src/Illuminate/Pipeline/Pipeline.php(128): Illuminate\\Routing\\Router->Illuminate\\Routing\\{closure}(Object(Illuminate\\Http\\Request))
#16 /home/berandah/subdomains/panel.berandahukum.com/app/Http/Middleware/CheckBlockedIp.php(22): Illuminate\\Pipeline\\Pipeline->Illuminate\\Pipeline\\{closure}(Object(Illuminate\\Http\\Request))
#17 /home/berandah/subdomains/panel.berandahukum.com/vendor/laravel/framework/src/Illuminate/Pipeline/Pipeline.php(167): App\\Http\\Middleware\\CheckBlockedIp->handle(Object(Illuminate\\Http\\Request), Object(Closure))
#18 /home/berandah/subdomains/panel.berandahukum.com/vendor/laravel/framework/src/Illuminate/Routing/Middleware/SubstituteBindings.php(50): Illuminate\\Pipeline\\Pipeline->Illuminate\\Pipeline\\{closure}(Object(Illuminate\\Http\\Request))
#19 /home/berandah/subdomains/panel.berandahukum.com/vendor/laravel/framework/src/Illuminate/Pipeline/Pipeline.php(167): Illuminate\\Routing\\Middleware\\SubstituteBindings->handle(Object(Illuminate\\Http\\Request), Object(Closure))
#20 /home/berandah/subdomains/panel.berandahukum.com/vendor/laravel/framework/src/Illuminate/Auth/Middleware/Authenticate.php(44): Illuminate\\Pipeline\\Pipeline->Illuminate\\Pipeline\\{closure}(Object(Illuminate\\Http\\Request))
#21 /home/berandah/subdomains/panel.berandahukum.com/vendor/laravel/framework/src/Illuminate/Pipeline/Pipeline.php(167): Illuminate\\Auth\\Middleware\\Authenticate->handle(Object(Illuminate\\Http\\Request), Object(Closure))
#22 /home/berandah/subdomains/panel.berandahukum.com/vendor/laravel/framework/src/Illuminate/Foundation/Http/Middleware/VerifyCsrfToken.php(78): Illuminate\\Pipeline\\Pipeline->Illuminate\\Pipeline\\{closure}(Object(Illuminate\\Http\\Request))
#23 /home/berandah/subdomains/panel.berandahukum.com/vendor/laravel/framework/src/Illuminate/Pipeline/Pipeline.php(167): Illuminate\\Foundation\\Http\\Middleware\\VerifyCsrfToken->handle(Object(Illuminate\\Http\\Request), Object(Closure))
#24 /home/berandah/subdomains/panel.berandahukum.com/vendor/laravel/framework/src/Illuminate/View/Middleware/ShareErrorsFromSession.php(49): Illuminate\\Pipeline\\Pipeline->Illuminate\\Pipeline\\{closure}(Object(Illuminate\\Http\\Request))
#25 /home/berandah/subdomains/panel.berandahukum.com/vendor/laravel/framework/src/Illuminate/Pipeline/Pipeline.php(167): Illuminate\\View\\Middleware\\ShareErrorsFromSession->handle(Object(Illuminate\\Http\\Request), Object(Closure))
#26 /home/berandah/subdomains/panel.berandahukum.com/vendor/laravel/framework/src/Illuminate/Session/Middleware/StartSession.php(121): Illuminate\\Pipeline\\Pipeline->Illuminate\\Pipeline\\{closure}(Object(Illuminate\\Http\\Request))
#27 /home/berandah/subdomains/panel.berandahukum.com/vendor/laravel/framework/src/Illuminate/Session/Middleware/StartSession.php(63): Illuminate\\Session\\Middleware\\StartSession->handleStatefulRequest(Object(Illuminate\\Http\\Request), Object(Illuminate\\Session\\Store), Object(Closure))
#28 /home/berandah/subdomains/panel.berandahukum.com/vendor/laravel/framework/src/Illuminate/Pipeline/Pipeline.php(167): Illuminate\\Session\\Middleware\\StartSession->handle(Object(Illuminate\\Http\\Request), Object(Closure))
#29 /home/berandah/subdomains/panel.berandahukum.com/vendor/laravel/framework/src/Illuminate/Cookie/Middleware/AddQueuedCookiesToResponse.php(37): Illuminate\\Pipeline\\Pipeline->Illuminate\\Pipeline\\{closure}(Object(Illuminate\\Http\\Request))
#30 /home/berandah/subdomains/panel.berandahukum.com/vendor/laravel/framework/src/Illuminate/Pipeline/Pipeline.php(167): Illuminate\\Cookie\\Middleware\\AddQueuedCookiesToResponse->handle(Object(Illuminate\\Http\\Request), Object(Closure))
#31 /home/berandah/subdomains/panel.berandahukum.com/vendor/laravel/framework/src/Illuminate/Cookie/Middleware/EncryptCookies.php(67): Illuminate\\Pipeline\\Pipeline->Illuminate\\Pipeline\\{closure}(Object(Illuminate\\Http\\Request))
#32 /home/berandah/subdomains/panel.berandahukum.com/vendor/laravel/framework/src/Illuminate/Pipeline/Pipeline.php(167): Illuminate\\Cookie\\Middleware\\EncryptCookies->handle(Object(Illuminate\\Http\\Request), Object(Closure))
#33 /home/berandah/subdomains/panel.berandahukum.com/vendor/laravel/framework/src/Illuminate/Pipeline/Pipeline.php(103): Illuminate\\Pipeline\\Pipeline->Illuminate\\Pipeline\\{closure}(Object(Illuminate\\Http\\Request))
#34 /home/berandah/subdomains/panel.berandahukum.com/vendor/laravel/framework/src/Illuminate/Routing/Router.php(695): Illuminate\\Pipeline\\Pipeline->then(Object(Closure))
#35 /home/berandah/subdomains/panel.berandahukum.com/vendor/laravel/framework/src/Illuminate/Routing/Router.php(670): Illuminate\\Routing\\Router->runRouteWithinStack(Object(Illuminate\\Routing\\Route), Object(Illuminate\\Http\\Request))
#36 /home/berandah/subdomains/panel.berandahukum.com/vendor/laravel/framework/src/Illuminate/Routing/Router.php(636): Illuminate\\Routing\\Router->runRoute(Object(Illuminate\\Http\\Request), Object(Illuminate\\Routing\\Route))
#37 /home/berandah/subdomains/panel.berandahukum.com/vendor/laravel/framework/src/Illuminate/Routing/Router.php(625): Illuminate\\Routing\\Router->dispatchToRoute(Object(Illuminate\\Http\\Request))
#38 /home/berandah/subdomains/panel.berandahukum.com/vendor/laravel/framework/src/Illuminate/Foundation/Http/Kernel.php(166): Illuminate\\Routing\\Router->dispatch(Object(Illuminate\\Http\\Request))
#39 /home/berandah/subdomains/panel.berandahukum.com/vendor/laravel/framework/src/Illuminate/Pipeline/Pipeline.php(128): Illuminate\\Foundation\\Http\\Kernel->Illuminate\\Foundation\\Http\\{closure}(Object(Illuminate\\Http\\Request))
#40 /home/berandah/subdomains/panel.berandahukum.com/vendor/laravel/framework/src/Illuminate/Foundation/Http/Middleware/TransformsRequest.php(21): Illuminate\\Pipeline\\Pipeline->Illuminate\\Pipeline\\{closure}(Object(Illuminate\\Http\\Request))
#41 /home/berandah/subdomains/panel.berandahukum.com/vendor/laravel/framework/src/Illuminate/Pipeline/Pipeline.php(167): Illuminate\\Foundation\\Http\\Middleware\\TransformsRequest->handle(Object(Illuminate\\Http\\Request), Object(Closure))
#42 /home/berandah/subdomains/panel.berandahukum.com/vendor/laravel/framework/src/Illuminate/Foundation/Http/Middleware/TransformsRequest.php(21): Illuminate\\Pipeline\\Pipeline->Illuminate\\Pipeline\\{closure}(Object(Illuminate\\Http\\Request))
#43 /home/berandah/subdomains/panel.berandahukum.com/vendor/laravel/framework/src/Illuminate/Pipeline/Pipeline.php(167): Illuminate\\Foundation\\Http\\Middleware\\TransformsRequest->handle(Object(Illuminate\\Http\\Request), Object(Closure))
#44 /home/berandah/subdomains/panel.berandahukum.com/vendor/laravel/framework/src/Illuminate/Foundation/Http/Middleware/ValidatePostSize.php(27): Illuminate\\Pipeline\\Pipeline->Illuminate\\Pipeline\\{closure}(Object(Illuminate\\Http\\Request))
#45 /home/berandah/subdomains/panel.berandahukum.com/vendor/laravel/framework/src/Illuminate/Pipeline/Pipeline.php(167): Illuminate\\Foundation\\Http\\Middleware\\ValidatePostSize->handle(Object(Illuminate\\Http\\Request), Object(Closure))
#46 /home/berandah/subdomains/panel.berandahukum.com/vendor/laravel/framework/src/Illuminate/Foundation/Http/Middleware/PreventRequestsDuringMaintenance.php(86): Illuminate\\Pipeline\\Pipeline->Illuminate\\Pipeline\\{closure}(Object(Illuminate\\Http\\Request))
#47 /home/berandah/subdomains/panel.berandahukum.com/vendor/laravel/framework/src/Illuminate/Pipeline/Pipeline.php(167): Illuminate\\Foundation\\Http\\Middleware\\PreventRequestsDuringMaintenance->handle(Object(Illuminate\\Http\\Request), Object(Closure))
#48 /home/berandah/subdomains/panel.berandahukum.com/vendor/fruitcake/laravel-cors/src/HandleCors.php(37): Illuminate\\Pipeline\\Pipeline->Illuminate\\Pipeline\\{closure}(Object(Illuminate\\Http\\Request))
#49 /home/berandah/subdomains/panel.berandahukum.com/vendor/laravel/framework/src/Illuminate/Pipeline/Pipeline.php(167): Fruitcake\\Cors\\HandleCors->handle(Object(Illuminate\\Http\\Request), Object(Closure))
#50 /home/berandah/subdomains/panel.berandahukum.com/vendor/fideloper/proxy/src/TrustProxies.php(57): Illuminate\\Pipeline\\Pipeline->Illuminate\\Pipeline\\{closure}(Object(Illuminate\\Http\\Request))
#51 /home/berandah/subdomains/panel.berandahukum.com/vendor/laravel/framework/src/Illuminate/Pipeline/Pipeline.php(167): Fideloper\\Proxy\\TrustProxies->handle(Object(Illuminate\\Http\\Request), Object(Closure))
#52 /home/berandah/subdomains/panel.berandahukum.com/vendor/laravel/framework/src/Illuminate/Pipeline/Pipeline.php(103): Illuminate\\Pipeline\\Pipeline->Illuminate\\Pipeline\\{closure}(Object(Illuminate\\Http\\Request))
#53 /home/berandah/subdomains/panel.berandahukum.com/vendor/laravel/framework/src/Illuminate/Foundation/Http/Kernel.php(141): Illuminate\\Pipeline\\Pipeline->then(Object(Closure))
#54 /home/berandah/subdomains/panel.berandahukum.com/vendor/laravel/framework/src/Illuminate/Foundation/Http/Kernel.php(110): Illuminate\\Foundation\\Http\\Kernel->sendRequestThroughRouter(Object(Illuminate\\Http\\Request))
#55 /home/berandah/subdomains/panel.berandahukum.com/public/index.php(52): Illuminate\\Foundation\\Http\\Kernel->handle(Object(Illuminate\\Http\\Request))
#56 {main}
"} 
[2026-06-19 14:31:48] local.ERROR: syntax error, unexpected '<' (View: /home/berandah/subdomains/panel.berandahukum.com/resources/views/pindah-toko/barang-keluar/print.blade.php) {"userId":35,"exception":"[object] (Facade\\Ignition\\Exceptions\\ViewException(code: 0): syntax error, unexpected '<' (View: /home/berandah/subdomains/panel.berandahukum.com/resources/views/pindah-toko/barang-keluar/print.blade.php) at /home/berandah/subdomains/panel.berandahukum.com/resources/views/pindah-toko/barang-keluar/print.blade.php:1188)
[stacktrace]
#0 /home/berandah/subdomains/panel.berandahukum.com/vendor/laravel/framework/src/Illuminate/Filesystem/Filesystem.php(108): Illuminate\\Filesystem\\Filesystem::Illuminate\\Filesystem\\{closure}()
#1 /home/berandah/subdomains/panel.berandahukum.com/vendor/laravel/framework/src/Illuminate/View/Engines/PhpEngine.php(58): Illuminate\\Filesystem\\Filesystem->getRequire('/home/berandah/...', Array)
#2 /home/berandah/subdomains/panel.berandahukum.com/vendor/laravel/framework/src/Illuminate/View/Engines/CompilerEngine.php(61): Illuminate\\View\\Engines\\PhpEngine->evaluatePath('/home/berandah/...', Array)
#3 /home/berandah/subdomains/panel.berandahukum.com/vendor/facade/ignition/src/Views/Engines/CompilerEngine.php(37): Illuminate\\View\\Engines\\CompilerEngine->get('/home/berandah/...', Array)
#4 /home/berandah/subdomains/panel.berandahukum.com/vendor/laravel/framework/src/Illuminate/View/View.php(139): Facade\\Ignition\\Views\\Engines\\CompilerEngine->get('/home/berandah/...', Array)
#5 /home/berandah/subdomains/panel.berandahukum.com/vendor/laravel/framework/src/Illuminate/View/View.php(122): Illuminate\\View\\View->getContents()
#6 /home/berandah/subdomains/panel.berandahukum.com/vendor/laravel/framework/src/Illuminate/View/View.php(91): Illuminate\\View\\View->renderContents()
#7 /home/berandah/subdomains/panel.berandahukum.com/vendor/barryvdh/laravel-dompdf/src/PDF.php(132): Illuminate\\View\\View->render()
#8 /home/berandah/subdomains/panel.berandahukum.com/vendor/barryvdh/laravel-dompdf/src/Facade.php(31): Barryvdh\\DomPDF\\PDF->loadView('pindah-toko.bar...', Object(App\\Models\\PindahGudang))
#9 /home/berandah/subdomains/panel.berandahukum.com/app/Http/Controllers/PindahTokoController.php(274): Barryvdh\\DomPDF\\Facade::__callStatic('loadView', Array)
#10 /home/berandah/subdomains/panel.berandahukum.com/vendor/laravel/framework/src/Illuminate/Routing/Controller.php(54): App\\Http\\Controllers\\PindahTokoController->outDownload('1066')
#11 /home/berandah/subdomains/panel.berandahukum.com/vendor/laravel/framework/src/Illuminate/Routing/ControllerDispatcher.php(45): Illuminate\\Routing\\Controller->callAction('outDownload', Array)
#12 /home/berandah/subdomains/panel.berandahukum.com/vendor/laravel/framework/src/Illuminate/Routing/Route.php(254): Illuminate\\Routing\\ControllerDispatcher->dispatch(Object(Illuminate\\Routing\\Route), Object(App\\Http\\Controllers\\PindahTokoController), 'outDownload')
#13 /home/berandah/subdomains/panel.berandahukum.com/vendor/laravel/framework/src/Illuminate/Routing/Route.php(197): Illuminate\\Routing\\Route->runController()
#14 /home/berandah/subdomains/panel.berandahukum.com/vendor/laravel/framework/src/Illuminate/Routing/Router.php(693): Illuminate\\Routing\\Route->run()
#15 /home/berandah/subdomains/panel.berandahukum.com/vendor/laravel/framework/src/Illuminate/Pipeline/Pipeline.php(128): Illuminate\\Routing\\Router->Illuminate\\Routing\\{closure}(Object(Illuminate\\Http\\Request))
#16 /home/berandah/subdomains/panel.berandahukum.com/app/Http/Middleware/CheckBlockedIp.php(22): Illuminate\\Pipeline\\Pipeline->Illuminate\\Pipeline\\{closure}(Object(Illuminate\\Http\\Request))
#17 /home/berandah/subdomains/panel.berandahukum.com/vendor/laravel/framework/src/Illuminate/Pipeline/Pipeline.php(167): App\\Http\\Middleware\\CheckBlockedIp->handle(Object(Illuminate\\Http\\Request), Object(Closure))
#18 /home/berandah/subdomains/panel.berandahukum.com/vendor/laravel/framework/src/Illuminate/Routing/Middleware/SubstituteBindings.php(50): Illuminate\\Pipeline\\Pipeline->Illuminate\\Pipeline\\{closure}(Object(Illuminate\\Http\\Request))
#19 /home/berandah/subdomains/panel.berandahukum.com/vendor/laravel/framework/src/Illuminate/Pipeline/Pipeline.php(167): Illuminate\\Routing\\Middleware\\SubstituteBindings->handle(Object(Illuminate\\Http\\Request), Object(Closure))
#20 /home/berandah/subdomains/panel.berandahukum.com/vendor/laravel/framework/src/Illuminate/Auth/Middleware/Authenticate.php(44): Illuminate\\Pipeline\\Pipeline->Illuminate\\Pipeline\\{closure}(Object(Illuminate\\Http\\Request))
#21 /home/berandah/subdomains/panel.berandahukum.com/vendor/laravel/framework/src/Illuminate/Pipeline/Pipeline.php(167): Illuminate\\Auth\\Middleware\\Authenticate->handle(Object(Illuminate\\Http\\Request), Object(Closure))
#22 /home/berandah/subdomains/panel.berandahukum.com/vendor/laravel/framework/src/Illuminate/Foundation/Http/Middleware/VerifyCsrfToken.php(78): Illuminate\\Pipeline\\Pipeline->Illuminate\\Pipeline\\{closure}(Object(Illuminate\\Http\\Request))
#23 /home/berandah/subdomains/panel.berandahukum.com/vendor/laravel/framework/src/Illuminate/Pipeline/Pipeline.php(167): Illuminate\\Foundation\\Http\\Middleware\\VerifyCsrfToken->handle(Object(Illuminate\\Http\\Request), Object(Closure))
#24 /home/berandah/subdomains/panel.berandahukum.com/vendor/laravel/framework/src/Illuminate/View/Middleware/ShareErrorsFromSession.php(49): Illuminate\\Pipeline\\Pipeline->Illuminate\\Pipeline\\{closure}(Object(Illuminate\\Http\\Request))
#25 /home/berandah/subdomains/panel.berandahukum.com/vendor/laravel/framework/src/Illuminate/Pipeline/Pipeline.php(167): Illuminate\\View\\Middleware\\ShareErrorsFromSession->handle(Object(Illuminate\\Http\\Request), Object(Closure))
#26 /home/berandah/subdomains/panel.berandahukum.com/vendor/laravel/framework/src/Illuminate/Session/Middleware/StartSession.php(121): Illuminate\\Pipeline\\Pipeline->Illuminate\\Pipeline\\{closure}(Object(Illuminate\\Http\\Request))
#27 /home/berandah/subdomains/panel.berandahukum.com/vendor/laravel/framework/src/Illuminate/Session/Middleware/StartSession.php(63): Illuminate\\Session\\Middleware\\StartSession->handleStatefulRequest(Object(Illuminate\\Http\\Request), Object(Illuminate\\Session\\Store), Object(Closure))
#28 /home/berandah/subdomains/panel.berandahukum.com/vendor/laravel/framework/src/Illuminate/Pipeline/Pipeline.php(167): Illuminate\\Session\\Middleware\\StartSession->handle(Object(Illuminate\\Http\\Request), Object(Closure))
#29 /home/berandah/subdomains/panel.berandahukum.com/vendor/laravel/framework/src/Illuminate/Cookie/Middleware/AddQueuedCookiesToResponse.php(37): Illuminate\\Pipeline\\Pipeline->Illuminate\\Pipeline\\{closure}(Object(Illuminate\\Http\\Request))
#30 /home/berandah/subdomains/panel.berandahukum.com/vendor/laravel/framework/src/Illuminate/Pipeline/Pipeline.php(167): Illuminate\\Cookie\\Middleware\\AddQueuedCookiesToResponse->handle(Object(Illuminate\\Http\\Request), Object(Closure))
#31 /home/berandah/subdomains/panel.berandahukum.com/vendor/laravel/framework/src/Illuminate/Cookie/Middleware/EncryptCookies.php(67): Illuminate\\Pipeline\\Pipeline->Illuminate\\Pipeline\\{closure}(Object(Illuminate\\Http\\Request))
#32 /home/berandah/subdomains/panel.berandahukum.com/vendor/laravel/framework/src/Illuminate/Pipeline/Pipeline.php(167): Illuminate\\Cookie\\Middleware\\EncryptCookies->handle(Object(Illuminate\\Http\\Request), Object(Closure))
#33 /home/berandah/subdomains/panel.berandahukum.com/vendor/laravel/framework/src/Illuminate/Pipeline/Pipeline.php(103): Illuminate\\Pipeline\\Pipeline->Illuminate\\Pipeline\\{closure}(Object(Illuminate\\Http\\Request))
#34 /home/berandah/subdomains/panel.berandahukum.com/vendor/laravel/framework/src/Illuminate/Routing/Router.php(695): Illuminate\\Pipeline\\Pipeline->then(Object(Closure))
#35 /home/berandah/subdomains/panel.berandahukum.com/vendor/laravel/framework/src/Illuminate/Routing/Router.php(670): Illuminate\\Routing\\Router->runRouteWithinStack(Object(Illuminate\\Routing\\Route), Object(Illuminate\\Http\\Request))
#36 /home/berandah/subdomains/panel.berandahukum.com/vendor/laravel/framework/src/Illuminate/Routing/Router.php(636): Illuminate\\Routing\\Router->runRoute(Object(Illuminate\\Http\\Request), Object(Illuminate\\Routing\\Route))
#37 /home/berandah/subdomains/panel.berandahukum.com/vendor/laravel/framework/src/Illuminate/Routing/Router.php(625): Illuminate\\Routing\\Router->dispatchToRoute(Object(Illuminate\\Http\\Request))
#38 /home/berandah/subdomains/panel.berandahukum.com/vendor/laravel/framework/src/Illuminate/Foundation/Http/Kernel.php(166): Illuminate\\Routing\\Router->dispatch(Object(Illuminate\\Http\\Request))
#39 /home/berandah/subdomains/panel.berandahukum.com/vendor/laravel/framework/src/Illuminate/Pipeline/Pipeline.php(128): Illuminate\\Foundation\\Http\\Kernel->Illuminate\\Foundation\\Http\\{closure}(Object(Illuminate\\Http\\Request))
#40 /home/berandah/subdomains/panel.berandahukum.com/vendor/laravel/framework/src/Illuminate/Foundation/Http/Middleware/TransformsRequest.php(21): Illuminate\\Pipeline\\Pipeline->Illuminate\\Pipeline\\{closure}(Object(Illuminate\\Http\\Request))
#41 /home/berandah/subdomains/panel.berandahukum.com/vendor/laravel/framework/src/Illuminate/Pipeline/Pipeline.php(167): Illuminate\\Foundation\\Http\\Middleware\\TransformsRequest->handle(Object(Illuminate\\Http\\Request), Object(Closure))
#42 /home/berandah/subdomains/panel.berandahukum.com/vendor/laravel/framework/src/Illuminate/Foundation/Http/Middleware/TransformsRequest.php(21): Illuminate\\Pipeline\\Pipeline->Illuminate\\Pipeline\\{closure}(Object(Illuminate\\Http\\Request))
#43 /home/berandah/subdomains/panel.berandahukum.com/vendor/laravel/framework/src/Illuminate/Pipeline/Pipeline.php(167): Illuminate\\Foundation\\Http\\Middleware\\TransformsRequest->handle(Object(Illuminate\\Http\\Request), Object(Closure))
#44 /home/berandah/subdomains/panel.berandahukum.com/vendor/laravel/framework/src/Illuminate/Foundation/Http/Middleware/ValidatePostSize.php(27): Illuminate\\Pipeline\\Pipeline->Illuminate\\Pipeline\\{closure}(Object(Illuminate\\Http\\Request))
#45 /home/berandah/subdomains/panel.berandahukum.com/vendor/laravel/framework/src/Illuminate/Pipeline/Pipeline.php(167): Illuminate\\Foundation\\Http\\Middleware\\ValidatePostSize->handle(Object(Illuminate\\Http\\Request), Object(Closure))
#46 /home/berandah/subdomains/panel.berandahukum.com/vendor/laravel/framework/src/Illuminate/Foundation/Http/Middleware/PreventRequestsDuringMaintenance.php(86): Illuminate\\Pipeline\\Pipeline->Illuminate\\Pipeline\\{closure}(Object(Illuminate\\Http\\Request))
#47 /home/berandah/subdomains/panel.berandahukum.com/vendor/laravel/framework/src/Illuminate/Pipeline/Pipeline.php(167): Illuminate\\Foundation\\Http\\Middleware\\PreventRequestsDuringMaintenance->handle(Object(Illuminate\\Http\\Request), Object(Closure))
#48 /home/berandah/subdomains/panel.berandahukum.com/vendor/fruitcake/laravel-cors/src/HandleCors.php(37): Illuminate\\Pipeline\\Pipeline->Illuminate\\Pipeline\\{closure}(Object(Illuminate\\Http\\Request))
#49 /home/berandah/subdomains/panel.berandahukum.com/vendor/laravel/framework/src/Illuminate/Pipeline/Pipeline.php(167): Fruitcake\\Cors\\HandleCors->handle(Object(Illuminate\\Http\\Request), Object(Closure))
#50 /home/berandah/subdomains/panel.berandahukum.com/vendor/fideloper/proxy/src/TrustProxies.php(57): Illuminate\\Pipeline\\Pipeline->Illuminate\\Pipeline\\{closure}(Object(Illuminate\\Http\\Request))
#51 /home/berandah/subdomains/panel.berandahukum.com/vendor/laravel/framework/src/Illuminate/Pipeline/Pipeline.php(167): Fideloper\\Proxy\\TrustProxies->handle(Object(Illuminate\\Http\\Request), Object(Closure))
#52 /home/berandah/subdomains/panel.berandahukum.com/vendor/laravel/framework/src/Illuminate/Pipeline/Pipeline.php(103): Illuminate\\Pipeline\\Pipeline->Illuminate\\Pipeline\\{closure}(Object(Illuminate\\Http\\Request))
#53 /home/berandah/subdomains/panel.berandahukum.com/vendor/laravel/framework/src/Illuminate/Foundation/Http/Kernel.php(141): Illuminate\\Pipeline\\Pipeline->then(Object(Closure))
#54 /home/berandah/subdomains/panel.berandahukum.com/vendor/laravel/framework/src/Illuminate/Foundation/Http/Kernel.php(110): Illuminate\\Foundation\\Http\\Kernel->sendRequestThroughRouter(Object(Illuminate\\Http\\Request))
#55 /home/berandah/subdomains/panel.berandahukum.com/public/index.php(52): Illuminate\\Foundation\\Http\\Kernel->handle(Object(Illuminate\\Http\\Request))
#56 {main}

[previous exception] [object] (ParseError(code: 0): syntax error, unexpected '<' at /home/berandah/subdomains/panel.berandahukum.com/storage/framework/views/69beca937f0aa8d382b0f42dac5ffc1a360012a6.php:1188)
[stacktrace]
#0 /home/berandah/subdomains/panel.berandahukum.com/vendor/laravel/framework/src/Illuminate/Filesystem/Filesystem.php(108): Illuminate\\Filesystem\\Filesystem::Illuminate\\Filesystem\\{closure}()
#1 /home/berandah/subdomains/panel.berandahukum.com/vendor/laravel/framework/src/Illuminate/View/Engines/PhpEngine.php(58): Illuminate\\Filesystem\\Filesystem->getRequire('/home/berandah/...', Array)
#2 /home/berandah/subdomains/panel.berandahukum.com/vendor/laravel/framework/src/Illuminate/View/Engines/CompilerEngine.php(61): Illuminate\\View\\Engines\\PhpEngine->evaluatePath('/home/berandah/...', Array)
#3 /home/berandah/subdomains/panel.berandahukum.com/vendor/facade/ignition/src/Views/Engines/CompilerEngine.php(37): Illuminate\\View\\Engines\\CompilerEngine->get('/home/berandah/...', Array)
#4 /home/berandah/subdomains/panel.berandahukum.com/vendor/laravel/framework/src/Illuminate/View/View.php(139): Facade\\Ignition\\Views\\Engines\\CompilerEngine->get('/home/berandah/...', Array)
#5 /home/berandah/subdomains/panel.berandahukum.com/vendor/laravel/framework/src/Illuminate/View/View.php(122): Illuminate\\View\\View->getContents()
#6 /home/berandah/subdomains/panel.berandahukum.com/vendor/laravel/framework/src/Illuminate/View/View.php(91): Illuminate\\View\\View->renderContents()
#7 /home/berandah/subdomains/panel.berandahukum.com/vendor/barryvdh/laravel-dompdf/src/PDF.php(132): Illuminate\\View\\View->render()
#8 /home/berandah/subdomains/panel.berandahukum.com/vendor/barryvdh/laravel-dompdf/src/Facade.php(31): Barryvdh\\DomPDF\\PDF->loadView('pindah-toko.bar...', Object(App\\Models\\PindahGudang))
#9 /home/berandah/subdomains/panel.berandahukum.com/app/Http/Controllers/PindahTokoController.php(274): Barryvdh\\DomPDF\\Facade::__callStatic('loadView', Array)
#10 /home/berandah/subdomains/panel.berandahukum.com/vendor/laravel/framework/src/Illuminate/Routing/Controller.php(54): App\\Http\\Controllers\\PindahTokoController->outDownload('1066')
#11 /home/berandah/subdomains/panel.berandahukum.com/vendor/laravel/framework/src/Illuminate/Routing/ControllerDispatcher.php(45): Illuminate\\Routing\\Controller->callAction('outDownload', Array)
#12 /home/berandah/subdomains/panel.berandahukum.com/vendor/laravel/framework/src/Illuminate/Routing/Route.php(254): Illuminate\\Routing\\ControllerDispatcher->dispatch(Object(Illuminate\\Routing\\Route), Object(App\\Http\\Controllers\\PindahTokoController), 'outDownload')
#13 /home/berandah/subdomains/panel.berandahukum.com/vendor/laravel/framework/src/Illuminate/Routing/Route.php(197): Illuminate\\Routing\\Route->runController()
#14 /home/berandah/subdomains/panel.berandahukum.com/vendor/laravel/framework/src/Illuminate/Routing/Router.php(693): Illuminate\\Routing\\Route->run()
#15 /home/berandah/subdomains/panel.berandahukum.com/vendor/laravel/framework/src/Illuminate/Pipeline/Pipeline.php(128): Illuminate\\Routing\\Router->Illuminate\\Routing\\{closure}(Object(Illuminate\\Http\\Request))
#16 /home/berandah/subdomains/panel.berandahukum.com/app/Http/Middleware/CheckBlockedIp.php(22): Illuminate\\Pipeline\\Pipeline->Illuminate\\Pipeline\\{closure}(Object(Illuminate\\Http\\Request))
#17 /home/berandah/subdomains/panel.berandahukum.com/vendor/laravel/framework/src/Illuminate/Pipeline/Pipeline.php(167): App\\Http\\Middleware\\CheckBlockedIp->handle(Object(Illuminate\\Http\\Request), Object(Closure))
#18 /home/berandah/subdomains/panel.berandahukum.com/vendor/laravel/framework/src/Illuminate/Routing/Middleware/SubstituteBindings.php(50): Illuminate\\Pipeline\\Pipeline->Illuminate\\Pipeline\\{closure}(Object(Illuminate\\Http\\Request))
#19 /home/berandah/subdomains/panel.berandahukum.com/vendor/laravel/framework/src/Illuminate/Pipeline/Pipeline.php(167): Illuminate\\Routing\\Middleware\\SubstituteBindings->handle(Object(Illuminate\\Http\\Request), Object(Closure))
#20 /home/berandah/subdomains/panel.berandahukum.com/vendor/laravel/framework/src/Illuminate/Auth/Middleware/Authenticate.php(44): Illuminate\\Pipeline\\Pipeline->Illuminate\\Pipeline\\{closure}(Object(Illuminate\\Http\\Request))
#21 /home/berandah/subdomains/panel.berandahukum.com/vendor/laravel/framework/src/Illuminate/Pipeline/Pipeline.php(167): Illuminate\\Auth\\Middleware\\Authenticate->handle(Object(Illuminate\\Http\\Request), Object(Closure))
#22 /home/berandah/subdomains/panel.berandahukum.com/vendor/laravel/framework/src/Illuminate/Foundation/Http/Middleware/VerifyCsrfToken.php(78): Illuminate\\Pipeline\\Pipeline->Illuminate\\Pipeline\\{closure}(Object(Illuminate\\Http\\Request))
#23 /home/berandah/subdomains/panel.berandahukum.com/vendor/laravel/framework/src/Illuminate/Pipeline/Pipeline.php(167): Illuminate\\Foundation\\Http\\Middleware\\VerifyCsrfToken->handle(Object(Illuminate\\Http\\Request), Object(Closure))
#24 /home/berandah/subdomains/panel.berandahukum.com/vendor/laravel/framework/src/Illuminate/View/Middleware/ShareErrorsFromSession.php(49): Illuminate\\Pipeline\\Pipeline->Illuminate\\Pipeline\\{closure}(Object(Illuminate\\Http\\Request))
#25 /home/berandah/subdomains/panel.berandahukum.com/vendor/laravel/framework/src/Illuminate/Pipeline/Pipeline.php(167): Illuminate\\View\\Middleware\\ShareErrorsFromSession->handle(Object(Illuminate\\Http\\Request), Object(Closure))
#26 /home/berandah/subdomains/panel.berandahukum.com/vendor/laravel/framework/src/Illuminate/Session/Middleware/StartSession.php(121): Illuminate\\Pipeline\\Pipeline->Illuminate\\Pipeline\\{closure}(Object(Illuminate\\Http\\Request))
#27 /home/berandah/subdomains/panel.berandahukum.com/vendor/laravel/framework/src/Illuminate/Session/Middleware/StartSession.php(63): Illuminate\\Session\\Middleware\\StartSession->handleStatefulRequest(Object(Illuminate\\Http\\Request), Object(Illuminate\\Session\\Store), Object(Closure))
#28 /home/berandah/subdomains/panel.berandahukum.com/vendor/laravel/framework/src/Illuminate/Pipeline/Pipeline.php(167): Illuminate\\Session\\Middleware\\StartSession->handle(Object(Illuminate\\Http\\Request), Object(Closure))
#29 /home/berandah/subdomains/panel.berandahukum.com/vendor/laravel/framework/src/Illuminate/Cookie/Middleware/AddQueuedCookiesToResponse.php(37): Illuminate\\Pipeline\\Pipeline->Illuminate\\Pipeline\\{closure}(Object(Illuminate\\Http\\Request))
#30 /home/berandah/subdomains/panel.berandahukum.com/vendor/laravel/framework/src/Illuminate/Pipeline/Pipeline.php(167): Illuminate\\Cookie\\Middleware\\AddQueuedCookiesToResponse->handle(Object(Illuminate\\Http\\Request), Object(Closure))
#31 /home/berandah/subdomains/panel.berandahukum.com/vendor/laravel/framework/src/Illuminate/Cookie/Middleware/EncryptCookies.php(67): Illuminate\\Pipeline\\Pipeline->Illuminate\\Pipeline\\{closure}(Object(Illuminate\\Http\\Request))
#32 /home/berandah/subdomains/panel.berandahukum.com/vendor/laravel/framework/src/Illuminate/Pipeline/Pipeline.php(167): Illuminate\\Cookie\\Middleware\\EncryptCookies->handle(Object(Illuminate\\Http\\Request), Object(Closure))
#33 /home/berandah/subdomains/panel.berandahukum.com/vendor/laravel/framework/src/Illuminate/Pipeline/Pipeline.php(103): Illuminate\\Pipeline\\Pipeline->Illuminate\\Pipeline\\{closure}(Object(Illuminate\\Http\\Request))
#34 /home/berandah/subdomains/panel.berandahukum.com/vendor/laravel/framework/src/Illuminate/Routing/Router.php(695): Illuminate\\Pipeline\\Pipeline->then(Object(Closure))
#35 /home/berandah/subdomains/panel.berandahukum.com/vendor/laravel/framework/src/Illuminate/Routing/Router.php(670): Illuminate\\Routing\\Router->runRouteWithinStack(Object(Illuminate\\Routing\\Route), Object(Illuminate\\Http\\Request))
#36 /home/berandah/subdomains/panel.berandahukum.com/vendor/laravel/framework/src/Illuminate/Routing/Router.php(636): Illuminate\\Routing\\Router->runRoute(Object(Illuminate\\Http\\Request), Object(Illuminate\\Routing\\Route))
#37 /home/berandah/subdomains/panel.berandahukum.com/vendor/laravel/framework/src/Illuminate/Routing/Router.php(625): Illuminate\\Routing\\Router->dispatchToRoute(Object(Illuminate\\Http\\Request))
#38 /home/berandah/subdomains/panel.berandahukum.com/vendor/laravel/framework/src/Illuminate/Foundation/Http/Kernel.php(166): Illuminate\\Routing\\Router->dispatch(Object(Illuminate\\Http\\Request))
#39 /home/berandah/subdomains/panel.berandahukum.com/vendor/laravel/framework/src/Illuminate/Pipeline/Pipeline.php(128): Illuminate\\Foundation\\Http\\Kernel->Illuminate\\Foundation\\Http\\{closure}(Object(Illuminate\\Http\\Request))
#40 /home/berandah/subdomains/panel.berandahukum.com/vendor/laravel/framework/src/Illuminate/Foundation/Http/Middleware/TransformsRequest.php(21): Illuminate\\Pipeline\\Pipeline->Illuminate\\Pipeline\\{closure}(Object(Illuminate\\Http\\Request))
#41 /home/berandah/subdomains/panel.berandahukum.com/vendor/laravel/framework/src/Illuminate/Pipeline/Pipeline.php(167): Illuminate\\Foundation\\Http\\Middleware\\TransformsRequest->handle(Object(Illuminate\\Http\\Request), Object(Closure))
#42 /home/berandah/subdomains/panel.berandahukum.com/vendor/laravel/framework/src/Illuminate/Foundation/Http/Middleware/TransformsRequest.php(21): Illuminate\\Pipeline\\Pipeline->Illuminate\\Pipeline\\{closure}(Object(Illuminate\\Http\\Request))
#43 /home/berandah/subdomains/panel.berandahukum.com/vendor/laravel/framework/src/Illuminate/Pipeline/Pipeline.php(167): Illuminate\\Foundation\\Http\\Middleware\\TransformsRequest->handle(Object(Illuminate\\Http\\Request), Object(Closure))
#44 /home/berandah/subdomains/panel.berandahukum.com/vendor/laravel/framework/src/Illuminate/Foundation/Http/Middleware/ValidatePostSize.php(27): Illuminate\\Pipeline\\Pipeline->Illuminate\\Pipeline\\{closure}(Object(Illuminate\\Http\\Request))
#45 /home/berandah/subdomains/panel.berandahukum.com/vendor/laravel/framework/src/Illuminate/Pipeline/Pipeline.php(167): Illuminate\\Foundation\\Http\\Middleware\\ValidatePostSize->handle(Object(Illuminate\\Http\\Request), Object(Closure))
#46 /home/berandah/subdomains/panel.berandahukum.com/vendor/laravel/framework/src/Illuminate/Foundation/Http/Middleware/PreventRequestsDuringMaintenance.php(86): Illuminate\\Pipeline\\Pipeline->Illuminate\\Pipeline\\{closure}(Object(Illuminate\\Http\\Request))
#47 /home/berandah/subdomains/panel.berandahukum.com/vendor/laravel/framework/src/Illuminate/Pipeline/Pipeline.php(167): Illuminate\\Foundation\\Http\\Middleware\\PreventRequestsDuringMaintenance->handle(Object(Illuminate\\Http\\Request), Object(Closure))
#48 /home/berandah/subdomains/panel.berandahukum.com/vendor/fruitcake/laravel-cors/src/HandleCors.php(37): Illuminate\\Pipeline\\Pipeline->Illuminate\\Pipeline\\{closure}(Object(Illuminate\\Http\\Request))
#49 /home/berandah/subdomains/panel.berandahukum.com/vendor/laravel/framework/src/Illuminate/Pipeline/Pipeline.php(167): Fruitcake\\Cors\\HandleCors->handle(Object(Illuminate\\Http\\Request), Object(Closure))
#50 /home/berandah/subdomains/panel.berandahukum.com/vendor/fideloper/proxy/src/TrustProxies.php(57): Illuminate\\Pipeline\\Pipeline->Illuminate\\Pipeline\\{closure}(Object(Illuminate\\Http\\Request))
#51 /home/berandah/subdomains/panel.berandahukum.com/vendor/laravel/framework/src/Illuminate/Pipeline/Pipeline.php(167): Fideloper\\Proxy\\TrustProxies->handle(Object(Illuminate\\Http\\Request), Object(Closure))
#52 /home/berandah/subdomains/panel.berandahukum.com/vendor/laravel/framework/src/Illuminate/Pipeline/Pipeline.php(103): Illuminate\\Pipeline\\Pipeline->Illuminate\\Pipeline\\{closure}(Object(Illuminate\\Http\\Request))
#53 /home/berandah/subdomains/panel.berandahukum.com/vendor/laravel/framework/src/Illuminate/Foundation/Http/Kernel.php(141): Illuminate\\Pipeline\\Pipeline->then(Object(Closure))
#54 /home/berandah/subdomains/panel.berandahukum.com/vendor/laravel/framework/src/Illuminate/Foundation/Http/Kernel.php(110): Illuminate\\Foundation\\Http\\Kernel->sendRequestThroughRouter(Object(Illuminate\\Http\\Request))
#55 /home/berandah/subdomains/panel.berandahukum.com/public/index.php(52): Illuminate\\Foundation\\Http\\Kernel->handle(Object(Illuminate\\Http\\Request))
#56 {main}
"} 
[2026-06-19 14:31:53] local.ERROR: syntax error, unexpected '<' (View: /home/berandah/subdomains/panel.berandahukum.com/resources/views/pindah-toko/barang-keluar/print.blade.php) {"userId":35,"exception":"[object] (Facade\\Ignition\\Exceptions\\ViewException(code: 0): syntax error, unexpected '<' (View: /home/berandah/subdomains/panel.berandahukum.com/resources/views/pindah-toko/barang-keluar/print.blade.php) at /home/berandah/subdomains/panel.berandahukum.com/resources/views/pindah-toko/barang-keluar/print.blade.php:1188)
[stacktrace]
#0 /home/berandah/subdomains/panel.berandahukum.com/vendor/laravel/framework/src/Illuminate/Filesystem/Filesystem.php(108): Illuminate\\Filesystem\\Filesystem::Illuminate\\Filesystem\\{closure}()
#1 /home/berandah/subdomains/panel.berandahukum.com/vendor/laravel/framework/src/Illuminate/View/Engines/PhpEngine.php(58): Illuminate\\Filesystem\\Filesystem->getRequire('/home/berandah/...', Array)
#2 /home/berandah/subdomains/panel.berandahukum.com/vendor/laravel/framework/src/Illuminate/View/Engines/CompilerEngine.php(61): Illuminate\\View\\Engines\\PhpEngine->evaluatePath('/home/berandah/...', Array)
#3 /home/berandah/subdomains/panel.berandahukum.com/vendor/facade/ignition/src/Views/Engines/CompilerEngine.php(37): Illuminate\\View\\Engines\\CompilerEngine->get('/home/berandah/...', Array)
#4 /home/berandah/subdomains/panel.berandahukum.com/vendor/laravel/framework/src/Illuminate/View/View.php(139): Facade\\Ignition\\Views\\Engines\\CompilerEngine->get('/home/berandah/...', Array)
#5 /home/berandah/subdomains/panel.berandahukum.com/vendor/laravel/framework/src/Illuminate/View/View.php(122): Illuminate\\View\\View->getContents()
#6 /home/berandah/subdomains/panel.berandahukum.com/vendor/laravel/framework/src/Illuminate/View/View.php(91): Illuminate\\View\\View->renderContents()
#7 /home/berandah/subdomains/panel.berandahukum.com/vendor/barryvdh/laravel-dompdf/src/PDF.php(132): Illuminate\\View\\View->render()
#8 /home/berandah/subdomains/panel.berandahukum.com/vendor/barryvdh/laravel-dompdf/src/Facade.php(31): Barryvdh\\DomPDF\\PDF->loadView('pindah-toko.bar...', Object(App\\Models\\PindahGudang))
#9 /home/berandah/subdomains/panel.berandahukum.com/app/Http/Controllers/PindahTokoController.php(274): Barryvdh\\DomPDF\\Facade::__callStatic('loadView', Array)
#10 /home/berandah/subdomains/panel.berandahukum.com/vendor/laravel/framework/src/Illuminate/Routing/Controller.php(54): App\\Http\\Controllers\\PindahTokoController->outDownload('1073')
#11 /home/berandah/subdomains/panel.berandahukum.com/vendor/laravel/framework/src/Illuminate/Routing/ControllerDispatcher.php(45): Illuminate\\Routing\\Controller->callAction('outDownload', Array)
#12 /home/berandah/subdomains/panel.berandahukum.com/vendor/laravel/framework/src/Illuminate/Routing/Route.php(254): Illuminate\\Routing\\ControllerDispatcher->dispatch(Object(Illuminate\\Routing\\Route), Object(App\\Http\\Controllers\\PindahTokoController), 'outDownload')
#13 /home/berandah/subdomains/panel.berandahukum.com/vendor/laravel/framework/src/Illuminate/Routing/Route.php(197): Illuminate\\Routing\\Route->runController()
#14 /home/berandah/subdomains/panel.berandahukum.com/vendor/laravel/framework/src/Illuminate/Routing/Router.php(693): Illuminate\\Routing\\Route->run()
#15 /home/berandah/subdomains/panel.berandahukum.com/vendor/laravel/framework/src/Illuminate/Pipeline/Pipeline.php(128): Illuminate\\Routing\\Router->Illuminate\\Routing\\{closure}(Object(Illuminate\\Http\\Request))
#16 /home/berandah/subdomains/panel.berandahukum.com/app/Http/Middleware/CheckBlockedIp.php(22): Illuminate\\Pipeline\\Pipeline->Illuminate\\Pipeline\\{closure}(Object(Illuminate\\Http\\Request))
#17 /home/berandah/subdomains/panel.berandahukum.com/vendor/laravel/framework/src/Illuminate/Pipeline/Pipeline.php(167): App\\Http\\Middleware\\CheckBlockedIp->handle(Object(Illuminate\\Http\\Request), Object(Closure))
#18 /home/berandah/subdomains/panel.berandahukum.com/vendor/laravel/framework/src/Illuminate/Routing/Middleware/SubstituteBindings.php(50): Illuminate\\Pipeline\\Pipeline->Illuminate\\Pipeline\\{closure}(Object(Illuminate\\Http\\Request))
#19 /home/berandah/subdomains/panel.berandahukum.com/vendor/laravel/framework/src/Illuminate/Pipeline/Pipeline.php(167): Illuminate\\Routing\\Middleware\\SubstituteBindings->handle(Object(Illuminate\\Http\\Request), Object(Closure))
#20 /home/berandah/subdomains/panel.berandahukum.com/vendor/laravel/framework/src/Illuminate/Auth/Middleware/Authenticate.php(44): Illuminate\\Pipeline\\Pipeline->Illuminate\\Pipeline\\{closure}(Object(Illuminate\\Http\\Request))
#21 /home/berandah/subdomains/panel.berandahukum.com/vendor/laravel/framework/src/Illuminate/Pipeline/Pipeline.php(167): Illuminate\\Auth\\Middleware\\Authenticate->handle(Object(Illuminate\\Http\\Request), Object(Closure))
#22 /home/berandah/subdomains/panel.berandahukum.com/vendor/laravel/framework/src/Illuminate/Foundation/Http/Middleware/VerifyCsrfToken.php(78): Illuminate\\Pipeline\\Pipeline->Illuminate\\Pipeline\\{closure}(Object(Illuminate\\Http\\Request))
#23 /home/berandah/subdomains/panel.berandahukum.com/vendor/laravel/framework/src/Illuminate/Pipeline/Pipeline.php(167): Illuminate\\Foundation\\Http\\Middleware\\VerifyCsrfToken->handle(Object(Illuminate\\Http\\Request), Object(Closure))
#24 /home/berandah/subdomains/panel.berandahukum.com/vendor/laravel/framework/src/Illuminate/View/Middleware/ShareErrorsFromSession.php(49): Illuminate\\Pipeline\\Pipeline->Illuminate\\Pipeline\\{closure}(Object(Illuminate\\Http\\Request))
#25 /home/berandah/subdomains/panel.berandahukum.com/vendor/laravel/framework/src/Illuminate/Pipeline/Pipeline.php(167): Illuminate\\View\\Middleware\\ShareErrorsFromSession->handle(Object(Illuminate\\Http\\Request), Object(Closure))
#26 /home/berandah/subdomains/panel.berandahukum.com/vendor/laravel/framework/src/Illuminate/Session/Middleware/StartSession.php(121): Illuminate\\Pipeline\\Pipeline->Illuminate\\Pipeline\\{closure}(Object(Illuminate\\Http\\Request))
#27 /home/berandah/subdomains/panel.berandahukum.com/vendor/laravel/framework/src/Illuminate/Session/Middleware/StartSession.php(63): Illuminate\\Session\\Middleware\\StartSession->handleStatefulRequest(Object(Illuminate\\Http\\Request), Object(Illuminate\\Session\\Store), Object(Closure))
#28 /home/berandah/subdomains/panel.berandahukum.com/vendor/laravel/framework/src/Illuminate/Pipeline/Pipeline.php(167): Illuminate\\Session\\Middleware\\StartSession->handle(Object(Illuminate\\Http\\Request), Object(Closure))
#29 /home/berandah/subdomains/panel.berandahukum.com/vendor/laravel/framework/src/Illuminate/Cookie/Middleware/AddQueuedCookiesToResponse.php(37): Illuminate\\Pipeline\\Pipeline->Illuminate\\Pipeline\\{closure}(Object(Illuminate\\Http\\Request))
#30 /home/berandah/subdomains/panel.berandahukum.com/vendor/laravel/framework/src/Illuminate/Pipeline/Pipeline.php(167): Illuminate\\Cookie\\Middleware\\AddQueuedCookiesToResponse->handle(Object(Illuminate\\Http\\Request), Object(Closure))
#31 /home/berandah/subdomains/panel.berandahukum.com/vendor/laravel/framework/src/Illuminate/Cookie/Middleware/EncryptCookies.php(67): Illuminate\\Pipeline\\Pipeline->Illuminate\\Pipeline\\{closure}(Object(Illuminate\\Http\\Request))
#32 /home/berandah/subdomains/panel.berandahukum.com/vendor/laravel/framework/src/Illuminate/Pipeline/Pipeline.php(167): Illuminate\\Cookie\\Middleware\\EncryptCookies->handle(Object(Illuminate\\Http\\Request), Object(Closure))
#33 /home/berandah/subdomains/panel.berandahukum.com/vendor/laravel/framework/src/Illuminate/Pipeline/Pipeline.php(103): Illuminate\\Pipeline\\Pipeline->Illuminate\\Pipeline\\{closure}(Object(Illuminate\\Http\\Request))
#34 /home/berandah/subdomains/panel.berandahukum.com/vendor/laravel/framework/src/Illuminate/Routing/Router.php(695): Illuminate\\Pipeline\\Pipeline->then(Object(Closure))
#35 /home/berandah/subdomains/panel.berandahukum.com/vendor/laravel/framework/src/Illuminate/Routing/Router.php(670): Illuminate\\Routing\\Router->runRouteWithinStack(Object(Illuminate\\Routing\\Route), Object(Illuminate\\Http\\Request))
#36 /home/berandah/subdomains/panel.berandahukum.com/vendor/laravel/framework/src/Illuminate/Routing/Router.php(636): Illuminate\\Routing\\Router->runRoute(Object(Illuminate\\Http\\Request), Object(Illuminate\\Routing\\Route))
#37 /home/berandah/subdomains/panel.berandahukum.com/vendor/laravel/framework/src/Illuminate/Routing/Router.php(625): Illuminate\\Routing\\Router->dispatchToRoute(Object(Illuminate\\Http\\Request))
#38 /home/berandah/subdomains/panel.berandahukum.com/vendor/laravel/framework/src/Illuminate/Foundation/Http/Kernel.php(166): Illuminate\\Routing\\Router->dispatch(Object(Illuminate\\Http\\Request))
#39 /home/berandah/subdomains/panel.berandahukum.com/vendor/laravel/framework/src/Illuminate/Pipeline/Pipeline.php(128): Illuminate\\Foundation\\Http\\Kernel->Illuminate\\Foundation\\Http\\{closure}(Object(Illuminate\\Http\\Request))
#40 /home/berandah/subdomains/panel.berandahukum.com/vendor/laravel/framework/src/Illuminate/Foundation/Http/Middleware/TransformsRequest.php(21): Illuminate\\Pipeline\\Pipeline->Illuminate\\Pipeline\\{closure}(Object(Illuminate\\Http\\Request))
#41 /home/berandah/subdomains/panel.berandahukum.com/vendor/laravel/framework/src/Illuminate/Pipeline/Pipeline.php(167): Illuminate\\Foundation\\Http\\Middleware\\TransformsRequest->handle(Object(Illuminate\\Http\\Request), Object(Closure))
#42 /home/berandah/subdomains/panel.berandahukum.com/vendor/laravel/framework/src/Illuminate/Foundation/Http/Middleware/TransformsRequest.php(21): Illuminate\\Pipeline\\Pipeline->Illuminate\\Pipeline\\{closure}(Object(Illuminate\\Http\\Request))
#43 /home/berandah/subdomains/panel.berandahukum.com/vendor/laravel/framework/src/Illuminate/Pipeline/Pipeline.php(167): Illuminate\\Foundation\\Http\\Middleware\\TransformsRequest->handle(Object(Illuminate\\Http\\Request), Object(Closure))
#44 /home/berandah/subdomains/panel.berandahukum.com/vendor/laravel/framework/src/Illuminate/Foundation/Http/Middleware/ValidatePostSize.php(27): Illuminate\\Pipeline\\Pipeline->Illuminate\\Pipeline\\{closure}(Object(Illuminate\\Http\\Request))
#45 /home/berandah/subdomains/panel.berandahukum.com/vendor/laravel/framework/src/Illuminate/Pipeline/Pipeline.php(167): Illuminate\\Foundation\\Http\\Middleware\\ValidatePostSize->handle(Object(Illuminate\\Http\\Request), Object(Closure))
#46 /home/berandah/subdomains/panel.berandahukum.com/vendor/laravel/framework/src/Illuminate/Foundation/Http/Middleware/PreventRequestsDuringMaintenance.php(86): Illuminate\\Pipeline\\Pipeline->Illuminate\\Pipeline\\{closure}(Object(Illuminate\\Http\\Request))
#47 /home/berandah/subdomains/panel.berandahukum.com/vendor/laravel/framework/src/Illuminate/Pipeline/Pipeline.php(167): Illuminate\\Foundation\\Http\\Middleware\\PreventRequestsDuringMaintenance->handle(Object(Illuminate\\Http\\Request), Object(Closure))
#48 /home/berandah/subdomains/panel.berandahukum.com/vendor/fruitcake/laravel-cors/src/HandleCors.php(37): Illuminate\\Pipeline\\Pipeline->Illuminate\\Pipeline\\{closure}(Object(Illuminate\\Http\\Request))
#49 /home/berandah/subdomains/panel.berandahukum.com/vendor/laravel/framework/src/Illuminate/Pipeline/Pipeline.php(167): Fruitcake\\Cors\\HandleCors->handle(Object(Illuminate\\Http\\Request), Object(Closure))
#50 /home/berandah/subdomains/panel.berandahukum.com/vendor/fideloper/proxy/src/TrustProxies.php(57): Illuminate\\Pipeline\\Pipeline->Illuminate\\Pipeline\\{closure}(Object(Illuminate\\Http\\Request))
#51 /home/berandah/subdomains/panel.berandahukum.com/vendor/laravel/framework/src/Illuminate/Pipeline/Pipeline.php(167): Fideloper\\Proxy\\TrustProxies->handle(Object(Illuminate\\Http\\Request), Object(Closure))
#52 /home/berandah/subdomains/panel.berandahukum.com/vendor/laravel/framework/src/Illuminate/Pipeline/Pipeline.php(103): Illuminate\\Pipeline\\Pipeline->Illuminate\\Pipeline\\{closure}(Object(Illuminate\\Http\\Request))
#53 /home/berandah/subdomains/panel.berandahukum.com/vendor/laravel/framework/src/Illuminate/Foundation/Http/Kernel.php(141): Illuminate\\Pipeline\\Pipeline->then(Object(Closure))
#54 /home/berandah/subdomains/panel.berandahukum.com/vendor/laravel/framework/src/Illuminate/Foundation/Http/Kernel.php(110): Illuminate\\Foundation\\Http\\Kernel->sendRequestThroughRouter(Object(Illuminate\\Http\\Request))
#55 /home/berandah/subdomains/panel.berandahukum.com/public/index.php(52): Illuminate\\Foundation\\Http\\Kernel->handle(Object(Illuminate\\Http\\Request))
#56 {main}

[previous exception] [object] (ParseError(code: 0): syntax error, unexpected '<' at /home/berandah/subdomains/panel.berandahukum.com/storage/framework/views/69beca937f0aa8d382b0f42dac5ffc1a360012a6.php:1188)
[stacktrace]
#0 /home/berandah/subdomains/panel.berandahukum.com/vendor/laravel/framework/src/Illuminate/Filesystem/Filesystem.php(108): Illuminate\\Filesystem\\Filesystem::Illuminate\\Filesystem\\{closure}()
#1 /home/berandah/subdomains/panel.berandahukum.com/vendor/laravel/framework/src/Illuminate/View/Engines/PhpEngine.php(58): Illuminate\\Filesystem\\Filesystem->getRequire('/home/berandah/...', Array)
#2 /home/berandah/subdomains/panel.berandahukum.com/vendor/laravel/framework/src/Illuminate/View/Engines/CompilerEngine.php(61): Illuminate\\View\\Engines\\PhpEngine->evaluatePath('/home/berandah/...', Array)
#3 /home/berandah/subdomains/panel.berandahukum.com/vendor/facade/ignition/src/Views/Engines/CompilerEngine.php(37): Illuminate\\View\\Engines\\CompilerEngine->get('/home/berandah/...', Array)
#4 /home/berandah/subdomains/panel.berandahukum.com/vendor/laravel/framework/src/Illuminate/View/View.php(139): Facade\\Ignition\\Views\\Engines\\CompilerEngine->get('/home/berandah/...', Array)
#5 /home/berandah/subdomains/panel.berandahukum.com/vendor/laravel/framework/src/Illuminate/View/View.php(122): Illuminate\\View\\View->getContents()
#6 /home/berandah/subdomains/panel.berandahukum.com/vendor/laravel/framework/src/Illuminate/View/View.php(91): Illuminate\\View\\View->renderContents()
#7 /home/berandah/subdomains/panel.berandahukum.com/vendor/barryvdh/laravel-dompdf/src/PDF.php(132): Illuminate\\View\\View->render()
#8 /home/berandah/subdomains/panel.berandahukum.com/vendor/barryvdh/laravel-dompdf/src/Facade.php(31): Barryvdh\\DomPDF\\PDF->loadView('pindah-toko.bar...', Object(App\\Models\\PindahGudang))
#9 /home/berandah/subdomains/panel.berandahukum.com/app/Http/Controllers/PindahTokoController.php(274): Barryvdh\\DomPDF\\Facade::__callStatic('loadView', Array)
#10 /home/berandah/subdomains/panel.berandahukum.com/vendor/laravel/framework/src/Illuminate/Routing/Controller.php(54): App\\Http\\Controllers\\PindahTokoController->outDownload('1073')
#11 /home/berandah/subdomains/panel.berandahukum.com/vendor/laravel/framework/src/Illuminate/Routing/ControllerDispatcher.php(45): Illuminate\\Routing\\Controller->callAction('outDownload', Array)
#12 /home/berandah/subdomains/panel.berandahukum.com/vendor/laravel/framework/src/Illuminate/Routing/Route.php(254): Illuminate\\Routing\\ControllerDispatcher->dispatch(Object(Illuminate\\Routing\\Route), Object(App\\Http\\Controllers\\PindahTokoController), 'outDownload')
#13 /home/berandah/subdomains/panel.berandahukum.com/vendor/laravel/framework/src/Illuminate/Routing/Route.php(197): Illuminate\\Routing\\Route->runController()
#14 /home/berandah/subdomains/panel.berandahukum.com/vendor/laravel/framework/src/Illuminate/Routing/Router.php(693): Illuminate\\Routing\\Route->run()
#15 /home/berandah/subdomains/panel.berandahukum.com/vendor/laravel/framework/src/Illuminate/Pipeline/Pipeline.php(128): Illuminate\\Routing\\Router->Illuminate\\Routing\\{closure}(Object(Illuminate\\Http\\Request))
#16 /home/berandah/subdomains/panel.berandahukum.com/app/Http/Middleware/CheckBlockedIp.php(22): Illuminate\\Pipeline\\Pipeline->Illuminate\\Pipeline\\{closure}(Object(Illuminate\\Http\\Request))
#17 /home/berandah/subdomains/panel.berandahukum.com/vendor/laravel/framework/src/Illuminate/Pipeline/Pipeline.php(167): App\\Http\\Middleware\\CheckBlockedIp->handle(Object(Illuminate\\Http\\Request), Object(Closure))
#18 /home/berandah/subdomains/panel.berandahukum.com/vendor/laravel/framework/src/Illuminate/Routing/Middleware/SubstituteBindings.php(50): Illuminate\\Pipeline\\Pipeline->Illuminate\\Pipeline\\{closure}(Object(Illuminate\\Http\\Request))
#19 /home/berandah/subdomains/panel.berandahukum.com/vendor/laravel/framework/src/Illuminate/Pipeline/Pipeline.php(167): Illuminate\\Routing\\Middleware\\SubstituteBindings->handle(Object(Illuminate\\Http\\Request), Object(Closure))
#20 /home/berandah/subdomains/panel.berandahukum.com/vendor/laravel/framework/src/Illuminate/Auth/Middleware/Authenticate.php(44): Illuminate\\Pipeline\\Pipeline->Illuminate\\Pipeline\\{closure}(Object(Illuminate\\Http\\Request))
#21 /home/berandah/subdomains/panel.berandahukum.com/vendor/laravel/framework/src/Illuminate/Pipeline/Pipeline.php(167): Illuminate\\Auth\\Middleware\\Authenticate->handle(Object(Illuminate\\Http\\Request), Object(Closure))
#22 /home/berandah/subdomains/panel.berandahukum.com/vendor/laravel/framework/src/Illuminate/Foundation/Http/Middleware/VerifyCsrfToken.php(78): Illuminate\\Pipeline\\Pipeline->Illuminate\\Pipeline\\{closure}(Object(Illuminate\\Http\\Request))
#23 /home/berandah/subdomains/panel.berandahukum.com/vendor/laravel/framework/src/Illuminate/Pipeline/Pipeline.php(167): Illuminate\\Foundation\\Http\\Middleware\\VerifyCsrfToken->handle(Object(Illuminate\\Http\\Request), Object(Closure))
#24 /home/berandah/subdomains/panel.berandahukum.com/vendor/laravel/framework/src/Illuminate/View/Middleware/ShareErrorsFromSession.php(49): Illuminate\\Pipeline\\Pipeline->Illuminate\\Pipeline\\{closure}(Object(Illuminate\\Http\\Request))
#25 /home/berandah/subdomains/panel.berandahukum.com/vendor/laravel/framework/src/Illuminate/Pipeline/Pipeline.php(167): Illuminate\\View\\Middleware\\ShareErrorsFromSession->handle(Object(Illuminate\\Http\\Request), Object(Closure))
#26 /home/berandah/subdomains/panel.berandahukum.com/vendor/laravel/framework/src/Illuminate/Session/Middleware/StartSession.php(121): Illuminate\\Pipeline\\Pipeline->Illuminate\\Pipeline\\{closure}(Object(Illuminate\\Http\\Request))
#27 /home/berandah/subdomains/panel.berandahukum.com/vendor/laravel/framework/src/Illuminate/Session/Middleware/StartSession.php(63): Illuminate\\Session\\Middleware\\StartSession->handleStatefulRequest(Object(Illuminate\\Http\\Request), Object(Illuminate\\Session\\Store), Object(Closure))
#28 /home/berandah/subdomains/panel.berandahukum.com/vendor/laravel/framework/src/Illuminate/Pipeline/Pipeline.php(167): Illuminate\\Session\\Middleware\\StartSession->handle(Object(Illuminate\\Http\\Request), Object(Closure))
#29 /home/berandah/subdomains/panel.berandahukum.com/vendor/laravel/framework/src/Illuminate/Cookie/Middleware/AddQueuedCookiesToResponse.php(37): Illuminate\\Pipeline\\Pipeline->Illuminate\\Pipeline\\{closure}(Object(Illuminate\\Http\\Request))
#30 /home/berandah/subdomains/panel.berandahukum.com/vendor/laravel/framework/src/Illuminate/Pipeline/Pipeline.php(167): Illuminate\\Cookie\\Middleware\\AddQueuedCookiesToResponse->handle(Object(Illuminate\\Http\\Request), Object(Closure))
#31 /home/berandah/subdomains/panel.berandahukum.com/vendor/laravel/framework/src/Illuminate/Cookie/Middleware/EncryptCookies.php(67): Illuminate\\Pipeline\\Pipeline->Illuminate\\Pipeline\\{closure}(Object(Illuminate\\Http\\Request))
#32 /home/berandah/subdomains/panel.berandahukum.com/vendor/laravel/framework/src/Illuminate/Pipeline/Pipeline.php(167): Illuminate\\Cookie\\Middleware\\EncryptCookies->handle(Object(Illuminate\\Http\\Request), Object(Closure))
#33 /home/berandah/subdomains/panel.berandahukum.com/vendor/laravel/framework/src/Illuminate/Pipeline/Pipeline.php(103): Illuminate\\Pipeline\\Pipeline->Illuminate\\Pipeline\\{closure}(Object(Illuminate\\Http\\Request))
#34 /home/berandah/subdomains/panel.berandahukum.com/vendor/laravel/framework/src/Illuminate/Routing/Router.php(695): Illuminate\\Pipeline\\Pipeline->then(Object(Closure))
#35 /home/berandah/subdomains/panel.berandahukum.com/vendor/laravel/framework/src/Illuminate/Routing/Router.php(670): Illuminate\\Routing\\Router->runRouteWithinStack(Object(Illuminate\\Routing\\Route), Object(Illuminate\\Http\\Request))
#36 /home/berandah/subdomains/panel.berandahukum.com/vendor/laravel/framework/src/Illuminate/Routing/Router.php(636): Illuminate\\Routing\\Router->runRoute(Object(Illuminate\\Http\\Request), Object(Illuminate\\Routing\\Route))
#37 /home/berandah/subdomains/panel.berandahukum.com/vendor/laravel/framework/src/Illuminate/Routing/Router.php(625): Illuminate\\Routing\\Router->dispatchToRoute(Object(Illuminate\\Http\\Request))
#38 /home/berandah/subdomains/panel.berandahukum.com/vendor/laravel/framework/src/Illuminate/Foundation/Http/Kernel.php(166): Illuminate\\Routing\\Router->dispatch(Object(Illuminate\\Http\\Request))
#39 /home/berandah/subdomains/panel.berandahukum.com/vendor/laravel/framework/src/Illuminate/Pipeline/Pipeline.php(128): Illuminate\\Foundation\\Http\\Kernel->Illuminate\\Foundation\\Http\\{closure}(Object(Illuminate\\Http\\Request))
#40 /home/berandah/subdomains/panel.berandahukum.com/vendor/laravel/framework/src/Illuminate/Foundation/Http/Middleware/TransformsRequest.php(21): Illuminate\\Pipeline\\Pipeline->Illuminate\\Pipeline\\{closure}(Object(Illuminate\\Http\\Request))
#41 /home/berandah/subdomains/panel.berandahukum.com/vendor/laravel/framework/src/Illuminate/Pipeline/Pipeline.php(167): Illuminate\\Foundation\\Http\\Middleware\\TransformsRequest->handle(Object(Illuminate\\Http\\Request), Object(Closure))
#42 /home/berandah/subdomains/panel.berandahukum.com/vendor/laravel/framework/src/Illuminate/Foundation/Http/Middleware/TransformsRequest.php(21): Illuminate\\Pipeline\\Pipeline->Illuminate\\Pipeline\\{closure}(Object(Illuminate\\Http\\Request))
#43 /home/berandah/subdomains/panel.berandahukum.com/vendor/laravel/framework/src/Illuminate/Pipeline/Pipeline.php(167): Illuminate\\Foundation\\Http\\Middleware\\TransformsRequest->handle(Object(Illuminate\\Http\\Request), Object(Closure))
#44 /home/berandah/subdomains/panel.berandahukum.com/vendor/laravel/framework/src/Illuminate/Foundation/Http/Middleware/ValidatePostSize.php(27): Illuminate\\Pipeline\\Pipeline->Illuminate\\Pipeline\\{closure}(Object(Illuminate\\Http\\Request))
#45 /home/berandah/subdomains/panel.berandahukum.com/vendor/laravel/framework/src/Illuminate/Pipeline/Pipeline.php(167): Illuminate\\Foundation\\Http\\Middleware\\ValidatePostSize->handle(Object(Illuminate\\Http\\Request), Object(Closure))
#46 /home/berandah/subdomains/panel.berandahukum.com/vendor/laravel/framework/src/Illuminate/Foundation/Http/Middleware/PreventRequestsDuringMaintenance.php(86): Illuminate\\Pipeline\\Pipeline->Illuminate\\Pipeline\\{closure}(Object(Illuminate\\Http\\Request))
#47 /home/berandah/subdomains/panel.berandahukum.com/vendor/laravel/framework/src/Illuminate/Pipeline/Pipeline.php(167): Illuminate\\Foundation\\Http\\Middleware\\PreventRequestsDuringMaintenance->handle(Object(Illuminate\\Http\\Request), Object(Closure))
#48 /home/berandah/subdomains/panel.berandahukum.com/vendor/fruitcake/laravel-cors/src/HandleCors.php(37): Illuminate\\Pipeline\\Pipeline->Illuminate\\Pipeline\\{closure}(Object(Illuminate\\Http\\Request))
#49 /home/berandah/subdomains/panel.berandahukum.com/vendor/laravel/framework/src/Illuminate/Pipeline/Pipeline.php(167): Fruitcake\\Cors\\HandleCors->handle(Object(Illuminate\\Http\\Request), Object(Closure))
#50 /home/berandah/subdomains/panel.berandahukum.com/vendor/fideloper/proxy/src/TrustProxies.php(57): Illuminate\\Pipeline\\Pipeline->Illuminate\\Pipeline\\{closure}(Object(Illuminate\\Http\\Request))
#51 /home/berandah/subdomains/panel.berandahukum.com/vendor/laravel/framework/src/Illuminate/Pipeline/Pipeline.php(167): Fideloper\\Proxy\\TrustProxies->handle(Object(Illuminate\\Http\\Request), Object(Closure))
#52 /home/berandah/subdomains/panel.berandahukum.com/vendor/laravel/framework/src/Illuminate/Pipeline/Pipeline.php(103): Illuminate\\Pipeline\\Pipeline->Illuminate\\Pipeline\\{closure}(Object(Illuminate\\Http\\Request))
#53 /home/berandah/subdomains/panel.berandahukum.com/vendor/laravel/framework/src/Illuminate/Foundation/Http/Kernel.php(141): Illuminate\\Pipeline\\Pipeline->then(Object(Closure))
#54 /home/berandah/subdomains/panel.berandahukum.com/vendor/laravel/framework/src/Illuminate/Foundation/Http/Kernel.php(110): Illuminate\\Foundation\\Http\\Kernel->sendRequestThroughRouter(Object(Illuminate\\Http\\Request))
#55 /home/berandah/subdomains/panel.berandahukum.com/public/index.php(52): Illuminate\\Foundation\\Http\\Kernel->handle(Object(Illuminate\\Http\\Request))
#56 {main}
"} 
[2026-06-19 14:32:37] local.ERROR: syntax error, unexpected '<' (View: /home/berandah/subdomains/panel.berandahukum.com/resources/views/pindah-toko/barang-keluar/print.blade.php) {"userId":35,"exception":"[object] (Facade\\Ignition\\Exceptions\\ViewException(code: 0): syntax error, unexpected '<' (View: /home/berandah/subdomains/panel.berandahukum.com/resources/views/pindah-toko/barang-keluar/print.blade.php) at /home/berandah/subdomains/panel.berandahukum.com/resources/views/pindah-toko/barang-keluar/print.blade.php:1188)
[stacktrace]
#0 /home/berandah/subdomains/panel.berandahukum.com/vendor/laravel/framework/src/Illuminate/Filesystem/Filesystem.php(108): Illuminate\\Filesystem\\Filesystem::Illuminate\\Filesystem\\{closure}()
#1 /home/berandah/subdomains/panel.berandahukum.com/vendor/laravel/framework/src/Illuminate/View/Engines/PhpEngine.php(58): Illuminate\\Filesystem\\Filesystem->getRequire('/home/berandah/...', Array)
#2 /home/berandah/subdomains/panel.berandahukum.com/vendor/laravel/framework/src/Illuminate/View/Engines/CompilerEngine.php(61): Illuminate\\View\\Engines\\PhpEngine->evaluatePath('/home/berandah/...', Array)
#3 /home/berandah/subdomains/panel.berandahukum.com/vendor/facade/ignition/src/Views/Engines/CompilerEngine.php(37): Illuminate\\View\\Engines\\CompilerEngine->get('/home/berandah/...', Array)
#4 /home/berandah/subdomains/panel.berandahukum.com/vendor/laravel/framework/src/Illuminate/View/View.php(139): Facade\\Ignition\\Views\\Engines\\CompilerEngine->get('/home/berandah/...', Array)
#5 /home/berandah/subdomains/panel.berandahukum.com/vendor/laravel/framework/src/Illuminate/View/View.php(122): Illuminate\\View\\View->getContents()
#6 /home/berandah/subdomains/panel.berandahukum.com/vendor/laravel/framework/src/Illuminate/View/View.php(91): Illuminate\\View\\View->renderContents()
#7 /home/berandah/subdomains/panel.berandahukum.com/vendor/barryvdh/laravel-dompdf/src/PDF.php(132): Illuminate\\View\\View->render()
#8 /home/berandah/subdomains/panel.berandahukum.com/vendor/barryvdh/laravel-dompdf/src/Facade.php(31): Barryvdh\\DomPDF\\PDF->loadView('pindah-toko.bar...', Object(App\\Models\\PindahGudang))
#9 /home/berandah/subdomains/panel.berandahukum.com/app/Http/Controllers/PindahTokoController.php(274): Barryvdh\\DomPDF\\Facade::__callStatic('loadView', Array)
#10 /home/berandah/subdomains/panel.berandahukum.com/vendor/laravel/framework/src/Illuminate/Routing/Controller.php(54): App\\Http\\Controllers\\PindahTokoController->outDownload('1077')
#11 /home/berandah/subdomains/panel.berandahukum.com/vendor/laravel/framework/src/Illuminate/Routing/ControllerDispatcher.php(45): Illuminate\\Routing\\Controller->callAction('outDownload', Array)
#12 /home/berandah/subdomains/panel.berandahukum.com/vendor/laravel/framework/src/Illuminate/Routing/Route.php(254): Illuminate\\Routing\\ControllerDispatcher->dispatch(Object(Illuminate\\Routing\\Route), Object(App\\Http\\Controllers\\PindahTokoController), 'outDownload')
#13 /home/berandah/subdomains/panel.berandahukum.com/vendor/laravel/framework/src/Illuminate/Routing/Route.php(197): Illuminate\\Routing\\Route->runController()
#14 /home/berandah/subdomains/panel.berandahukum.com/vendor/laravel/framework/src/Illuminate/Routing/Router.php(693): Illuminate\\Routing\\Route->run()
#15 /home/berandah/subdomains/panel.berandahukum.com/vendor/laravel/framework/src/Illuminate/Pipeline/Pipeline.php(128): Illuminate\\Routing\\Router->Illuminate\\Routing\\{closure}(Object(Illuminate\\Http\\Request))
#16 /home/berandah/subdomains/panel.berandahukum.com/app/Http/Middleware/CheckBlockedIp.php(22): Illuminate\\Pipeline\\Pipeline->Illuminate\\Pipeline\\{closure}(Object(Illuminate\\Http\\Request))
#17 /home/berandah/subdomains/panel.berandahukum.com/vendor/laravel/framework/src/Illuminate/Pipeline/Pipeline.php(167): App\\Http\\Middleware\\CheckBlockedIp->handle(Object(Illuminate\\Http\\Request), Object(Closure))
#18 /home/berandah/subdomains/panel.berandahukum.com/vendor/laravel/framework/src/Illuminate/Routing/Middleware/SubstituteBindings.php(50): Illuminate\\Pipeline\\Pipeline->Illuminate\\Pipeline\\{closure}(Object(Illuminate\\Http\\Request))
#19 /home/berandah/subdomains/panel.berandahukum.com/vendor/laravel/framework/src/Illuminate/Pipeline/Pipeline.php(167): Illuminate\\Routing\\Middleware\\SubstituteBindings->handle(Object(Illuminate\\Http\\Request), Object(Closure))
#20 /home/berandah/subdomains/panel.berandahukum.com/vendor/laravel/framework/src/Illuminate/Auth/Middleware/Authenticate.php(44): Illuminate\\Pipeline\\Pipeline->Illuminate\\Pipeline\\{closure}(Object(Illuminate\\Http\\Request))
#21 /home/berandah/subdomains/panel.berandahukum.com/vendor/laravel/framework/src/Illuminate/Pipeline/Pipeline.php(167): Illuminate\\Auth\\Middleware\\Authenticate->handle(Object(Illuminate\\Http\\Request), Object(Closure))
#22 /home/berandah/subdomains/panel.berandahukum.com/vendor/laravel/framework/src/Illuminate/Foundation/Http/Middleware/VerifyCsrfToken.php(78): Illuminate\\Pipeline\\Pipeline->Illuminate\\Pipeline\\{closure}(Object(Illuminate\\Http\\Request))
#23 /home/berandah/subdomains/panel.berandahukum.com/vendor/laravel/framework/src/Illuminate/Pipeline/Pipeline.php(167): Illuminate\\Foundation\\Http\\Middleware\\VerifyCsrfToken->handle(Object(Illuminate\\Http\\Request), Object(Closure))
#24 /home/berandah/subdomains/panel.berandahukum.com/vendor/laravel/framework/src/Illuminate/View/Middleware/ShareErrorsFromSession.php(49): Illuminate\\Pipeline\\Pipeline->Illuminate\\Pipeline\\{closure}(Object(Illuminate\\Http\\Request))
#25 /home/berandah/subdomains/panel.berandahukum.com/vendor/laravel/framework/src/Illuminate/Pipeline/Pipeline.php(167): Illuminate\\View\\Middleware\\ShareErrorsFromSession->handle(Object(Illuminate\\Http\\Request), Object(Closure))
#26 /home/berandah/subdomains/panel.berandahukum.com/vendor/laravel/framework/src/Illuminate/Session/Middleware/StartSession.php(121): Illuminate\\Pipeline\\Pipeline->Illuminate\\Pipeline\\{closure}(Object(Illuminate\\Http\\Request))
#27 /home/berandah/subdomains/panel.berandahukum.com/vendor/laravel/framework/src/Illuminate/Session/Middleware/StartSession.php(63): Illuminate\\Session\\Middleware\\StartSession->handleStatefulRequest(Object(Illuminate\\Http\\Request), Object(Illuminate\\Session\\Store), Object(Closure))
#28 /home/berandah/subdomains/panel.berandahukum.com/vendor/laravel/framework/src/Illuminate/Pipeline/Pipeline.php(167): Illuminate\\Session\\Middleware\\StartSession->handle(Object(Illuminate\\Http\\Request), Object(Closure))
#29 /home/berandah/subdomains/panel.berandahukum.com/vendor/laravel/framework/src/Illuminate/Cookie/Middleware/AddQueuedCookiesToResponse.php(37): Illuminate\\Pipeline\\Pipeline->Illuminate\\Pipeline\\{closure}(Object(Illuminate\\Http\\Request))
#30 /home/berandah/subdomains/panel.berandahukum.com/vendor/laravel/framework/src/Illuminate/Pipeline/Pipeline.php(167): Illuminate\\Cookie\\Middleware\\AddQueuedCookiesToResponse->handle(Object(Illuminate\\Http\\Request), Object(Closure))
#31 /home/berandah/subdomains/panel.berandahukum.com/vendor/laravel/framework/src/Illuminate/Cookie/Middleware/EncryptCookies.php(67): Illuminate\\Pipeline\\Pipeline->Illuminate\\Pipeline\\{closure}(Object(Illuminate\\Http\\Request))
#32 /home/berandah/subdomains/panel.berandahukum.com/vendor/laravel/framework/src/Illuminate/Pipeline/Pipeline.php(167): Illuminate\\Cookie\\Middleware\\EncryptCookies->handle(Object(Illuminate\\Http\\Request), Object(Closure))
#33 /home/berandah/subdomains/panel.berandahukum.com/vendor/laravel/framework/src/Illuminate/Pipeline/Pipeline.php(103): Illuminate\\Pipeline\\Pipeline->Illuminate\\Pipeline\\{closure}(Object(Illuminate\\Http\\Request))
#34 /home/berandah/subdomains/panel.berandahukum.com/vendor/laravel/framework/src/Illuminate/Routing/Router.php(695): Illuminate\\Pipeline\\Pipeline->then(Object(Closure))
#35 /home/berandah/subdomains/panel.berandahukum.com/vendor/laravel/framework/src/Illuminate/Routing/Router.php(670): Illuminate\\Routing\\Router->runRouteWithinStack(Object(Illuminate\\Routing\\Route), Object(Illuminate\\Http\\Request))
#36 /home/berandah/subdomains/panel.berandahukum.com/vendor/laravel/framework/src/Illuminate/Routing/Router.php(636): Illuminate\\Routing\\Router->runRoute(Object(Illuminate\\Http\\Request), Object(Illuminate\\Routing\\Route))
#37 /home/berandah/subdomains/panel.berandahukum.com/vendor/laravel/framework/src/Illuminate/Routing/Router.php(625): Illuminate\\Routing\\Router->dispatchToRoute(Object(Illuminate\\Http\\Request))
#38 /home/berandah/subdomains/panel.berandahukum.com/vendor/laravel/framework/src/Illuminate/Foundation/Http/Kernel.php(166): Illuminate\\Routing\\Router->dispatch(Object(Illuminate\\Http\\Request))
#39 /home/berandah/subdomains/panel.berandahukum.com/vendor/laravel/framework/src/Illuminate/Pipeline/Pipeline.php(128): Illuminate\\Foundation\\Http\\Kernel->Illuminate\\Foundation\\Http\\{closure}(Object(Illuminate\\Http\\Request))
#40 /home/berandah/subdomains/panel.berandahukum.com/vendor/laravel/framework/src/Illuminate/Foundation/Http/Middleware/TransformsRequest.php(21): Illuminate\\Pipeline\\Pipeline->Illuminate\\Pipeline\\{closure}(Object(Illuminate\\Http\\Request))
#41 /home/berandah/subdomains/panel.berandahukum.com/vendor/laravel/framework/src/Illuminate/Pipeline/Pipeline.php(167): Illuminate\\Foundation\\Http\\Middleware\\TransformsRequest->handle(Object(Illuminate\\Http\\Request), Object(Closure))
#42 /home/berandah/subdomains/panel.berandahukum.com/vendor/laravel/framework/src/Illuminate/Foundation/Http/Middleware/TransformsRequest.php(21): Illuminate\\Pipeline\\Pipeline->Illuminate\\Pipeline\\{closure}(Object(Illuminate\\Http\\Request))
#43 /home/berandah/subdomains/panel.berandahukum.com/vendor/laravel/framework/src/Illuminate/Pipeline/Pipeline.php(167): Illuminate\\Foundation\\Http\\Middleware\\TransformsRequest->handle(Object(Illuminate\\Http\\Request), Object(Closure))
#44 /home/berandah/subdomains/panel.berandahukum.com/vendor/laravel/framework/src/Illuminate/Foundation/Http/Middleware/ValidatePostSize.php(27): Illuminate\\Pipeline\\Pipeline->Illuminate\\Pipeline\\{closure}(Object(Illuminate\\Http\\Request))
#45 /home/berandah/subdomains/panel.berandahukum.com/vendor/laravel/framework/src/Illuminate/Pipeline/Pipeline.php(167): Illuminate\\Foundation\\Http\\Middleware\\ValidatePostSize->handle(Object(Illuminate\\Http\\Request), Object(Closure))
#46 /home/berandah/subdomains/panel.berandahukum.com/vendor/laravel/framework/src/Illuminate/Foundation/Http/Middleware/PreventRequestsDuringMaintenance.php(86): Illuminate\\Pipeline\\Pipeline->Illuminate\\Pipeline\\{closure}(Object(Illuminate\\Http\\Request))
#47 /home/berandah/subdomains/panel.berandahukum.com/vendor/laravel/framework/src/Illuminate/Pipeline/Pipeline.php(167): Illuminate\\Foundation\\Http\\Middleware\\PreventRequestsDuringMaintenance->handle(Object(Illuminate\\Http\\Request), Object(Closure))
#48 /home/berandah/subdomains/panel.berandahukum.com/vendor/fruitcake/laravel-cors/src/HandleCors.php(37): Illuminate\\Pipeline\\Pipeline->Illuminate\\Pipeline\\{closure}(Object(Illuminate\\Http\\Request))
#49 /home/berandah/subdomains/panel.berandahukum.com/vendor/laravel/framework/src/Illuminate/Pipeline/Pipeline.php(167): Fruitcake\\Cors\\HandleCors->handle(Object(Illuminate\\Http\\Request), Object(Closure))
#50 /home/berandah/subdomains/panel.berandahukum.com/vendor/fideloper/proxy/src/TrustProxies.php(57): Illuminate\\Pipeline\\Pipeline->Illuminate\\Pipeline\\{closure}(Object(Illuminate\\Http\\Request))
#51 /home/berandah/subdomains/panel.berandahukum.com/vendor/laravel/framework/src/Illuminate/Pipeline/Pipeline.php(167): Fideloper\\Proxy\\TrustProxies->handle(Object(Illuminate\\Http\\Request), Object(Closure))
#52 /home/berandah/subdomains/panel.berandahukum.com/vendor/laravel/framework/src/Illuminate/Pipeline/Pipeline.php(103): Illuminate\\Pipeline\\Pipeline->Illuminate\\Pipeline\\{closure}(Object(Illuminate\\Http\\Request))
#53 /home/berandah/subdomains/panel.berandahukum.com/vendor/laravel/framework/src/Illuminate/Foundation/Http/Kernel.php(141): Illuminate\\Pipeline\\Pipeline->then(Object(Closure))
#54 /home/berandah/subdomains/panel.berandahukum.com/vendor/laravel/framework/src/Illuminate/Foundation/Http/Kernel.php(110): Illuminate\\Foundation\\Http\\Kernel->sendRequestThroughRouter(Object(Illuminate\\Http\\Request))
#55 /home/berandah/subdomains/panel.berandahukum.com/public/index.php(52): Illuminate\\Foundation\\Http\\Kernel->handle(Object(Illuminate\\Http\\Request))
#56 {main}

[previous exception] [object] (ParseError(code: 0): syntax error, unexpected '<' at /home/berandah/subdomains/panel.berandahukum.com/storage/framework/views/69beca937f0aa8d382b0f42dac5ffc1a360012a6.php:1188)
[stacktrace]
#0 /home/berandah/subdomains/panel.berandahukum.com/vendor/laravel/framework/src/Illuminate/Filesystem/Filesystem.php(108): Illuminate\\Filesystem\\Filesystem::Illuminate\\Filesystem\\{closure}()
#1 /home/berandah/subdomains/panel.berandahukum.com/vendor/laravel/framework/src/Illuminate/View/Engines/PhpEngine.php(58): Illuminate\\Filesystem\\Filesystem->getRequire('/home/berandah/...', Array)
#2 /home/berandah/subdomains/panel.berandahukum.com/vendor/laravel/framework/src/Illuminate/View/Engines/CompilerEngine.php(61): Illuminate\\View\\Engines\\PhpEngine->evaluatePath('/home/berandah/...', Array)
#3 /home/berandah/subdomains/panel.berandahukum.com/vendor/facade/ignition/src/Views/Engines/CompilerEngine.php(37): Illuminate\\View\\Engines\\CompilerEngine->get('/home/berandah/...', Array)
#4 /home/berandah/subdomains/panel.berandahukum.com/vendor/laravel/framework/src/Illuminate/View/View.php(139): Facade\\Ignition\\Views\\Engines\\CompilerEngine->get('/home/berandah/...', Array)
#5 /home/berandah/subdomains/panel.berandahukum.com/vendor/laravel/framework/src/Illuminate/View/View.php(122): Illuminate\\View\\View->getContents()
#6 /home/berandah/subdomains/panel.berandahukum.com/vendor/laravel/framework/src/Illuminate/View/View.php(91): Illuminate\\View\\View->renderContents()
#7 /home/berandah/subdomains/panel.berandahukum.com/vendor/barryvdh/laravel-dompdf/src/PDF.php(132): Illuminate\\View\\View->render()
#8 /home/berandah/subdomains/panel.berandahukum.com/vendor/barryvdh/laravel-dompdf/src/Facade.php(31): Barryvdh\\DomPDF\\PDF->loadView('pindah-toko.bar...', Object(App\\Models\\PindahGudang))
#9 /home/berandah/subdomains/panel.berandahukum.com/app/Http/Controllers/PindahTokoController.php(274): Barryvdh\\DomPDF\\Facade::__callStatic('loadView', Array)
#10 /home/berandah/subdomains/panel.berandahukum.com/vendor/laravel/framework/src/Illuminate/Routing/Controller.php(54): App\\Http\\Controllers\\PindahTokoController->outDownload('1077')
#11 /home/berandah/subdomains/panel.berandahukum.com/vendor/laravel/framework/src/Illuminate/Routing/ControllerDispatcher.php(45): Illuminate\\Routing\\Controller->callAction('outDownload', Array)
#12 /home/berandah/subdomains/panel.berandahukum.com/vendor/laravel/framework/src/Illuminate/Routing/Route.php(254): Illuminate\\Routing\\ControllerDispatcher->dispatch(Object(Illuminate\\Routing\\Route), Object(App\\Http\\Controllers\\PindahTokoController), 'outDownload')
#13 /home/berandah/subdomains/panel.berandahukum.com/vendor/laravel/framework/src/Illuminate/Routing/Route.php(197): Illuminate\\Routing\\Route->runController()
#14 /home/berandah/subdomains/panel.berandahukum.com/vendor/laravel/framework/src/Illuminate/Routing/Router.php(693): Illuminate\\Routing\\Route->run()
#15 /home/berandah/subdomains/panel.berandahukum.com/vendor/laravel/framework/src/Illuminate/Pipeline/Pipeline.php(128): Illuminate\\Routing\\Router->Illuminate\\Routing\\{closure}(Object(Illuminate\\Http\\Request))
#16 /home/berandah/subdomains/panel.berandahukum.com/app/Http/Middleware/CheckBlockedIp.php(22): Illuminate\\Pipeline\\Pipeline->Illuminate\\Pipeline\\{closure}(Object(Illuminate\\Http\\Request))
#17 /home/berandah/subdomains/panel.berandahukum.com/vendor/laravel/framework/src/Illuminate/Pipeline/Pipeline.php(167): App\\Http\\Middleware\\CheckBlockedIp->handle(Object(Illuminate\\Http\\Request), Object(Closure))
#18 /home/berandah/subdomains/panel.berandahukum.com/vendor/laravel/framework/src/Illuminate/Routing/Middleware/SubstituteBindings.php(50): Illuminate\\Pipeline\\Pipeline->Illuminate\\Pipeline\\{closure}(Object(Illuminate\\Http\\Request))
#19 /home/berandah/subdomains/panel.berandahukum.com/vendor/laravel/framework/src/Illuminate/Pipeline/Pipeline.php(167): Illuminate\\Routing\\Middleware\\SubstituteBindings->handle(Object(Illuminate\\Http\\Request), Object(Closure))
#20 /home/berandah/subdomains/panel.berandahukum.com/vendor/laravel/framework/src/Illuminate/Auth/Middleware/Authenticate.php(44): Illuminate\\Pipeline\\Pipeline->Illuminate\\Pipeline\\{closure}(Object(Illuminate\\Http\\Request))
#21 /home/berandah/subdomains/panel.berandahukum.com/vendor/laravel/framework/src/Illuminate/Pipeline/Pipeline.php(167): Illuminate\\Auth\\Middleware\\Authenticate->handle(Object(Illuminate\\Http\\Request), Object(Closure))
#22 /home/berandah/subdomains/panel.berandahukum.com/vendor/laravel/framework/src/Illuminate/Foundation/Http/Middleware/VerifyCsrfToken.php(78): Illuminate\\Pipeline\\Pipeline->Illuminate\\Pipeline\\{closure}(Object(Illuminate\\Http\\Request))
#23 /home/berandah/subdomains/panel.berandahukum.com/vendor/laravel/framework/src/Illuminate/Pipeline/Pipeline.php(167): Illuminate\\Foundation\\Http\\Middleware\\VerifyCsrfToken->handle(Object(Illuminate\\Http\\Request), Object(Closure))
#24 /home/berandah/subdomains/panel.berandahukum.com/vendor/laravel/framework/src/Illuminate/View/Middleware/ShareErrorsFromSession.php(49): Illuminate\\Pipeline\\Pipeline->Illuminate\\Pipeline\\{closure}(Object(Illuminate\\Http\\Request))
#25 /home/berandah/subdomains/panel.berandahukum.com/vendor/laravel/framework/src/Illuminate/Pipeline/Pipeline.php(167): Illuminate\\View\\Middleware\\ShareErrorsFromSession->handle(Object(Illuminate\\Http\\Request), Object(Closure))
#26 /home/berandah/subdomains/panel.berandahukum.com/vendor/laravel/framework/src/Illuminate/Session/Middleware/StartSession.php(121): Illuminate\\Pipeline\\Pipeline->Illuminate\\Pipeline\\{closure}(Object(Illuminate\\Http\\Request))
#27 /home/berandah/subdomains/panel.berandahukum.com/vendor/laravel/framework/src/Illuminate/Session/Middleware/StartSession.php(63): Illuminate\\Session\\Middleware\\StartSession->handleStatefulRequest(Object(Illuminate\\Http\\Request), Object(Illuminate\\Session\\Store), Object(Closure))
#28 /home/berandah/subdomains/panel.berandahukum.com/vendor/laravel/framework/src/Illuminate/Pipeline/Pipeline.php(167): Illuminate\\Session\\Middleware\\StartSession->handle(Object(Illuminate\\Http\\Request), Object(Closure))
#29 /home/berandah/subdomains/panel.berandahukum.com/vendor/laravel/framework/src/Illuminate/Cookie/Middleware/AddQueuedCookiesToResponse.php(37): Illuminate\\Pipeline\\Pipeline->Illuminate\\Pipeline\\{closure}(Object(Illuminate\\Http\\Request))
#30 /home/berandah/subdomains/panel.berandahukum.com/vendor/laravel/framework/src/Illuminate/Pipeline/Pipeline.php(167): Illuminate\\Cookie\\Middleware\\AddQueuedCookiesToResponse->handle(Object(Illuminate\\Http\\Request), Object(Closure))
#31 /home/berandah/subdomains/panel.berandahukum.com/vendor/laravel/framework/src/Illuminate/Cookie/Middleware/EncryptCookies.php(67): Illuminate\\Pipeline\\Pipeline->Illuminate\\Pipeline\\{closure}(Object(Illuminate\\Http\\Request))
#32 /home/berandah/subdomains/panel.berandahukum.com/vendor/laravel/framework/src/Illuminate/Pipeline/Pipeline.php(167): Illuminate\\Cookie\\Middleware\\EncryptCookies->handle(Object(Illuminate\\Http\\Request), Object(Closure))
#33 /home/berandah/subdomains/panel.berandahukum.com/vendor/laravel/framework/src/Illuminate/Pipeline/Pipeline.php(103): Illuminate\\Pipeline\\Pipeline->Illuminate\\Pipeline\\{closure}(Object(Illuminate\\Http\\Request))
#34 /home/berandah/subdomains/panel.berandahukum.com/vendor/laravel/framework/src/Illuminate/Routing/Router.php(695): Illuminate\\Pipeline\\Pipeline->then(Object(Closure))
#35 /home/berandah/subdomains/panel.berandahukum.com/vendor/laravel/framework/src/Illuminate/Routing/Router.php(670): Illuminate\\Routing\\Router->runRouteWithinStack(Object(Illuminate\\Routing\\Route), Object(Illuminate\\Http\\Request))
#36 /home/berandah/subdomains/panel.berandahukum.com/vendor/laravel/framework/src/Illuminate/Routing/Router.php(636): Illuminate\\Routing\\Router->runRoute(Object(Illuminate\\Http\\Request), Object(Illuminate\\Routing\\Route))
#37 /home/berandah/subdomains/panel.berandahukum.com/vendor/laravel/framework/src/Illuminate/Routing/Router.php(625): Illuminate\\Routing\\Router->dispatchToRoute(Object(Illuminate\\Http\\Request))
#38 /home/berandah/subdomains/panel.berandahukum.com/vendor/laravel/framework/src/Illuminate/Foundation/Http/Kernel.php(166): Illuminate\\Routing\\Router->dispatch(Object(Illuminate\\Http\\Request))
#39 /home/berandah/subdomains/panel.berandahukum.com/vendor/laravel/framework/src/Illuminate/Pipeline/Pipeline.php(128): Illuminate\\Foundation\\Http\\Kernel->Illuminate\\Foundation\\Http\\{closure}(Object(Illuminate\\Http\\Request))
#40 /home/berandah/subdomains/panel.berandahukum.com/vendor/laravel/framework/src/Illuminate/Foundation/Http/Middleware/TransformsRequest.php(21): Illuminate\\Pipeline\\Pipeline->Illuminate\\Pipeline\\{closure}(Object(Illuminate\\Http\\Request))
#41 /home/berandah/subdomains/panel.berandahukum.com/vendor/laravel/framework/src/Illuminate/Pipeline/Pipeline.php(167): Illuminate\\Foundation\\Http\\Middleware\\TransformsRequest->handle(Object(Illuminate\\Http\\Request), Object(Closure))
#42 /home/berandah/subdomains/panel.berandahukum.com/vendor/laravel/framework/src/Illuminate/Foundation/Http/Middleware/TransformsRequest.php(21): Illuminate\\Pipeline\\Pipeline->Illuminate\\Pipeline\\{closure}(Object(Illuminate\\Http\\Request))
#43 /home/berandah/subdomains/panel.berandahukum.com/vendor/laravel/framework/src/Illuminate/Pipeline/Pipeline.php(167): Illuminate\\Foundation\\Http\\Middleware\\TransformsRequest->handle(Object(Illuminate\\Http\\Request), Object(Closure))
#44 /home/berandah/subdomains/panel.berandahukum.com/vendor/laravel/framework/src/Illuminate/Foundation/Http/Middleware/ValidatePostSize.php(27): Illuminate\\Pipeline\\Pipeline->Illuminate\\Pipeline\\{closure}(Object(Illuminate\\Http\\Request))
#45 /home/berandah/subdomains/panel.berandahukum.com/vendor/laravel/framework/src/Illuminate/Pipeline/Pipeline.php(167): Illuminate\\Foundation\\Http\\Middleware\\ValidatePostSize->handle(Object(Illuminate\\Http\\Request), Object(Closure))
#46 /home/berandah/subdomains/panel.berandahukum.com/vendor/laravel/framework/src/Illuminate/Foundation/Http/Middleware/PreventRequestsDuringMaintenance.php(86): Illuminate\\Pipeline\\Pipeline->Illuminate\\Pipeline\\{closure}(Object(Illuminate\\Http\\Request))
#47 /home/berandah/subdomains/panel.berandahukum.com/vendor/laravel/framework/src/Illuminate/Pipeline/Pipeline.php(167): Illuminate\\Foundation\\Http\\Middleware\\PreventRequestsDuringMaintenance->handle(Object(Illuminate\\Http\\Request), Object(Closure))
#48 /home/berandah/subdomains/panel.berandahukum.com/vendor/fruitcake/laravel-cors/src/HandleCors.php(37): Illuminate\\Pipeline\\Pipeline->Illuminate\\Pipeline\\{closure}(Object(Illuminate\\Http\\Request))
#49 /home/berandah/subdomains/panel.berandahukum.com/vendor/laravel/framework/src/Illuminate/Pipeline/Pipeline.php(167): Fruitcake\\Cors\\HandleCors->handle(Object(Illuminate\\Http\\Request), Object(Closure))
#50 /home/berandah/subdomains/panel.berandahukum.com/vendor/fideloper/proxy/src/TrustProxies.php(57): Illuminate\\Pipeline\\Pipeline->Illuminate\\Pipeline\\{closure}(Object(Illuminate\\Http\\Request))
#51 /home/berandah/subdomains/panel.berandahukum.com/vendor/laravel/framework/src/Illuminate/Pipeline/Pipeline.php(167): Fideloper\\Proxy\\TrustProxies->handle(Object(Illuminate\\Http\\Request), Object(Closure))
#52 /home/berandah/subdomains/panel.berandahukum.com/vendor/laravel/framework/src/Illuminate/Pipeline/Pipeline.php(103): Illuminate\\Pipeline\\Pipeline->Illuminate\\Pipeline\\{closure}(Object(Illuminate\\Http\\Request))
#53 /home/berandah/subdomains/panel.berandahukum.com/vendor/laravel/framework/src/Illuminate/Foundation/Http/Kernel.php(141): Illuminate\\Pipeline\\Pipeline->then(Object(Closure))
#54 /home/berandah/subdomains/panel.berandahukum.com/vendor/laravel/framework/src/Illuminate/Foundation/Http/Kernel.php(110): Illuminate\\Foundation\\Http\\Kernel->sendRequestThroughRouter(Object(Illuminate\\Http\\Request))
#55 /home/berandah/subdomains/panel.berandahukum.com/public/index.php(52): Illuminate\\Foundation\\Http\\Kernel->handle(Object(Illuminate\\Http\\Request))
#56 {main}
"} 
[2026-06-19 14:40:58] local.ERROR: syntax error, unexpected '<' (View: /home/berandah/subdomains/panel.berandahukum.com/resources/views/pindah-toko/barang-keluar/print.blade.php) {"userId":35,"exception":"[object] (Facade\\Ignition\\Exceptions\\ViewException(code: 0): syntax error, unexpected '<' (View: /home/berandah/subdomains/panel.berandahukum.com/resources/views/pindah-toko/barang-keluar/print.blade.php) at /home/berandah/subdomains/panel.berandahukum.com/resources/views/pindah-toko/barang-keluar/print.blade.php:1188)
[stacktrace]
#0 /home/berandah/subdomains/panel.berandahukum.com/vendor/laravel/framework/src/Illuminate/Filesystem/Filesystem.php(108): Illuminate\\Filesystem\\Filesystem::Illuminate\\Filesystem\\{closure}()
#1 /home/berandah/subdomains/panel.berandahukum.com/vendor/laravel/framework/src/Illuminate/View/Engines/PhpEngine.php(58): Illuminate\\Filesystem\\Filesystem->getRequire('/home/berandah/...', Array)
#2 /home/berandah/subdomains/panel.berandahukum.com/vendor/laravel/framework/src/Illuminate/View/Engines/CompilerEngine.php(61): Illuminate\\View\\Engines\\PhpEngine->evaluatePath('/home/berandah/...', Array)
#3 /home/berandah/subdomains/panel.berandahukum.com/vendor/facade/ignition/src/Views/Engines/CompilerEngine.php(37): Illuminate\\View\\Engines\\CompilerEngine->get('/home/berandah/...', Array)
#4 /home/berandah/subdomains/panel.berandahukum.com/vendor/laravel/framework/src/Illuminate/View/View.php(139): Facade\\Ignition\\Views\\Engines\\CompilerEngine->get('/home/berandah/...', Array)
#5 /home/berandah/subdomains/panel.berandahukum.com/vendor/laravel/framework/src/Illuminate/View/View.php(122): Illuminate\\View\\View->getContents()
#6 /home/berandah/subdomains/panel.berandahukum.com/vendor/laravel/framework/src/Illuminate/View/View.php(91): Illuminate\\View\\View->renderContents()
#7 /home/berandah/subdomains/panel.berandahukum.com/vendor/barryvdh/laravel-dompdf/src/PDF.php(132): Illuminate\\View\\View->render()
#8 /home/berandah/subdomains/panel.berandahukum.com/vendor/barryvdh/laravel-dompdf/src/Facade.php(31): Barryvdh\\DomPDF\\PDF->loadView('pindah-toko.bar...', Object(App\\Models\\PindahGudang))
#9 /home/berandah/subdomains/panel.berandahukum.com/app/Http/Controllers/PindahTokoController.php(274): Barryvdh\\DomPDF\\Facade::__callStatic('loadView', Array)
#10 /home/berandah/subdomains/panel.berandahukum.com/vendor/laravel/framework/src/Illuminate/Routing/Controller.php(54): App\\Http\\Controllers\\PindahTokoController->outDownload('1066')
#11 /home/berandah/subdomains/panel.berandahukum.com/vendor/laravel/framework/src/Illuminate/Routing/ControllerDispatcher.php(45): Illuminate\\Routing\\Controller->callAction('outDownload', Array)
#12 /home/berandah/subdomains/panel.berandahukum.com/vendor/laravel/framework/src/Illuminate/Routing/Route.php(254): Illuminate\\Routing\\ControllerDispatcher->dispatch(Object(Illuminate\\Routing\\Route), Object(App\\Http\\Controllers\\PindahTokoController), 'outDownload')
#13 /home/berandah/subdomains/panel.berandahukum.com/vendor/laravel/framework/src/Illuminate/Routing/Route.php(197): Illuminate\\Routing\\Route->runController()
#14 /home/berandah/subdomains/panel.berandahukum.com/vendor/laravel/framework/src/Illuminate/Routing/Router.php(693): Illuminate\\Routing\\Route->run()
#15 /home/berandah/subdomains/panel.berandahukum.com/vendor/laravel/framework/src/Illuminate/Pipeline/Pipeline.php(128): Illuminate\\Routing\\Router->Illuminate\\Routing\\{closure}(Object(Illuminate\\Http\\Request))
#16 /home/berandah/subdomains/panel.berandahukum.com/app/Http/Middleware/CheckBlockedIp.php(22): Illuminate\\Pipeline\\Pipeline->Illuminate\\Pipeline\\{closure}(Object(Illuminate\\Http\\Request))
#17 /home/berandah/subdomains/panel.berandahukum.com/vendor/laravel/framework/src/Illuminate/Pipeline/Pipeline.php(167): App\\Http\\Middleware\\CheckBlockedIp->handle(Object(Illuminate\\Http\\Request), Object(Closure))
#18 /home/berandah/subdomains/panel.berandahukum.com/vendor/laravel/framework/src/Illuminate/Routing/Middleware/SubstituteBindings.php(50): Illuminate\\Pipeline\\Pipeline->Illuminate\\Pipeline\\{closure}(Object(Illuminate\\Http\\Request))
#19 /home/berandah/subdomains/panel.berandahukum.com/vendor/laravel/framework/src/Illuminate/Pipeline/Pipeline.php(167): Illuminate\\Routing\\Middleware\\SubstituteBindings->handle(Object(Illuminate\\Http\\Request), Object(Closure))
#20 /home/berandah/subdomains/panel.berandahukum.com/vendor/laravel/framework/src/Illuminate/Auth/Middleware/Authenticate.php(44): Illuminate\\Pipeline\\Pipeline->Illuminate\\Pipeline\\{closure}(Object(Illuminate\\Http\\Request))
#21 /home/berandah/subdomains/panel.berandahukum.com/vendor/laravel/framework/src/Illuminate/Pipeline/Pipeline.php(167): Illuminate\\Auth\\Middleware\\Authenticate->handle(Object(Illuminate\\Http\\Request), Object(Closure))
#22 /home/berandah/subdomains/panel.berandahukum.com/vendor/laravel/framework/src/Illuminate/Foundation/Http/Middleware/VerifyCsrfToken.php(78): Illuminate\\Pipeline\\Pipeline->Illuminate\\Pipeline\\{closure}(Object(Illuminate\\Http\\Request))
#23 /home/berandah/subdomains/panel.berandahukum.com/vendor/laravel/framework/src/Illuminate/Pipeline/Pipeline.php(167): Illuminate\\Foundation\\Http\\Middleware\\VerifyCsrfToken->handle(Object(Illuminate\\Http\\Request), Object(Closure))
#24 /home/berandah/subdomains/panel.berandahukum.com/vendor/laravel/framework/src/Illuminate/View/Middleware/ShareErrorsFromSession.php(49): Illuminate\\Pipeline\\Pipeline->Illuminate\\Pipeline\\{closure}(Object(Illuminate\\Http\\Request))
#25 /home/berandah/subdomains/panel.berandahukum.com/vendor/laravel/framework/src/Illuminate/Pipeline/Pipeline.php(167): Illuminate\\View\\Middleware\\ShareErrorsFromSession->handle(Object(Illuminate\\Http\\Request), Object(Closure))
#26 /home/berandah/subdomains/panel.berandahukum.com/vendor/laravel/framework/src/Illuminate/Session/Middleware/StartSession.php(121): Illuminate\\Pipeline\\Pipeline->Illuminate\\Pipeline\\{closure}(Object(Illuminate\\Http\\Request))
#27 /home/berandah/subdomains/panel.berandahukum.com/vendor/laravel/framework/src/Illuminate/Session/Middleware/StartSession.php(63): Illuminate\\Session\\Middleware\\StartSession->handleStatefulRequest(Object(Illuminate\\Http\\Request), Object(Illuminate\\Session\\Store), Object(Closure))
#28 /home/berandah/subdomains/panel.berandahukum.com/vendor/laravel/framework/src/Illuminate/Pipeline/Pipeline.php(167): Illuminate\\Session\\Middleware\\StartSession->handle(Object(Illuminate\\Http\\Request), Object(Closure))
#29 /home/berandah/subdomains/panel.berandahukum.com/vendor/laravel/framework/src/Illuminate/Cookie/Middleware/AddQueuedCookiesToResponse.php(37): Illuminate\\Pipeline\\Pipeline->Illuminate\\Pipeline\\{closure}(Object(Illuminate\\Http\\Request))
#30 /home/berandah/subdomains/panel.berandahukum.com/vendor/laravel/framework/src/Illuminate/Pipeline/Pipeline.php(167): Illuminate\\Cookie\\Middleware\\AddQueuedCookiesToResponse->handle(Object(Illuminate\\Http\\Request), Object(Closure))
#31 /home/berandah/subdomains/panel.berandahukum.com/vendor/laravel/framework/src/Illuminate/Cookie/Middleware/EncryptCookies.php(67): Illuminate\\Pipeline\\Pipeline->Illuminate\\Pipeline\\{closure}(Object(Illuminate\\Http\\Request))
#32 /home/berandah/subdomains/panel.berandahukum.com/vendor/laravel/framework/src/Illuminate/Pipeline/Pipeline.php(167): Illuminate\\Cookie\\Middleware\\EncryptCookies->handle(Object(Illuminate\\Http\\Request), Object(Closure))
#33 /home/berandah/subdomains/panel.berandahukum.com/vendor/laravel/framework/src/Illuminate/Pipeline/Pipeline.php(103): Illuminate\\Pipeline\\Pipeline->Illuminate\\Pipeline\\{closure}(Object(Illuminate\\Http\\Request))
#34 /home/berandah/subdomains/panel.berandahukum.com/vendor/laravel/framework/src/Illuminate/Routing/Router.php(695): Illuminate\\Pipeline\\Pipeline->then(Object(Closure))
#35 /home/berandah/subdomains/panel.berandahukum.com/vendor/laravel/framework/src/Illuminate/Routing/Router.php(670): Illuminate\\Routing\\Router->runRouteWithinStack(Object(Illuminate\\Routing\\Route), Object(Illuminate\\Http\\Request))
#36 /home/berandah/subdomains/panel.berandahukum.com/vendor/laravel/framework/src/Illuminate/Routing/Router.php(636): Illuminate\\Routing\\Router->runRoute(Object(Illuminate\\Http\\Request), Object(Illuminate\\Routing\\Route))
#37 /home/berandah/subdomains/panel.berandahukum.com/vendor/laravel/framework/src/Illuminate/Routing/Router.php(625): Illuminate\\Routing\\Router->dispatchToRoute(Object(Illuminate\\Http\\Request))
#38 /home/berandah/subdomains/panel.berandahukum.com/vendor/laravel/framework/src/Illuminate/Foundation/Http/Kernel.php(166): Illuminate\\Routing\\Router->dispatch(Object(Illuminate\\Http\\Request))
#39 /home/berandah/subdomains/panel.berandahukum.com/vendor/laravel/framework/src/Illuminate/Pipeline/Pipeline.php(128): Illuminate\\Foundation\\Http\\Kernel->Illuminate\\Foundation\\Http\\{closure}(Object(Illuminate\\Http\\Request))
#40 /home/berandah/subdomains/panel.berandahukum.com/vendor/laravel/framework/src/Illuminate/Foundation/Http/Middleware/TransformsRequest.php(21): Illuminate\\Pipeline\\Pipeline->Illuminate\\Pipeline\\{closure}(Object(Illuminate\\Http\\Request))
#41 /home/berandah/subdomains/panel.berandahukum.com/vendor/laravel/framework/src/Illuminate/Pipeline/Pipeline.php(167): Illuminate\\Foundation\\Http\\Middleware\\TransformsRequest->handle(Object(Illuminate\\Http\\Request), Object(Closure))
#42 /home/berandah/subdomains/panel.berandahukum.com/vendor/laravel/framework/src/Illuminate/Foundation/Http/Middleware/TransformsRequest.php(21): Illuminate\\Pipeline\\Pipeline->Illuminate\\Pipeline\\{closure}(Object(Illuminate\\Http\\Request))
#43 /home/berandah/subdomains/panel.berandahukum.com/vendor/laravel/framework/src/Illuminate/Pipeline/Pipeline.php(167): Illuminate\\Foundation\\Http\\Middleware\\TransformsRequest->handle(Object(Illuminate\\Http\\Request), Object(Closure))
#44 /home/berandah/subdomains/panel.berandahukum.com/vendor/laravel/framework/src/Illuminate/Foundation/Http/Middleware/ValidatePostSize.php(27): Illuminate\\Pipeline\\Pipeline->Illuminate\\Pipeline\\{closure}(Object(Illuminate\\Http\\Request))
#45 /home/berandah/subdomains/panel.berandahukum.com/vendor/laravel/framework/src/Illuminate/Pipeline/Pipeline.php(167): Illuminate\\Foundation\\Http\\Middleware\\ValidatePostSize->handle(Object(Illuminate\\Http\\Request), Object(Closure))
#46 /home/berandah/subdomains/panel.berandahukum.com/vendor/laravel/framework/src/Illuminate/Foundation/Http/Middleware/PreventRequestsDuringMaintenance.php(86): Illuminate\\Pipeline\\Pipeline->Illuminate\\Pipeline\\{closure}(Object(Illuminate\\Http\\Request))
#47 /home/berandah/subdomains/panel.berandahukum.com/vendor/laravel/framework/src/Illuminate/Pipeline/Pipeline.php(167): Illuminate\\Foundation\\Http\\Middleware\\PreventRequestsDuringMaintenance->handle(Object(Illuminate\\Http\\Request), Object(Closure))
#48 /home/berandah/subdomains/panel.berandahukum.com/vendor/fruitcake/laravel-cors/src/HandleCors.php(37): Illuminate\\Pipeline\\Pipeline->Illuminate\\Pipeline\\{closure}(Object(Illuminate\\Http\\Request))
#49 /home/berandah/subdomains/panel.berandahukum.com/vendor/laravel/framework/src/Illuminate/Pipeline/Pipeline.php(167): Fruitcake\\Cors\\HandleCors->handle(Object(Illuminate\\Http\\Request), Object(Closure))
#50 /home/berandah/subdomains/panel.berandahukum.com/vendor/fideloper/proxy/src/TrustProxies.php(57): Illuminate\\Pipeline\\Pipeline->Illuminate\\Pipeline\\{closure}(Object(Illuminate\\Http\\Request))
#51 /home/berandah/subdomains/panel.berandahukum.com/vendor/laravel/framework/src/Illuminate/Pipeline/Pipeline.php(167): Fideloper\\Proxy\\TrustProxies->handle(Object(Illuminate\\Http\\Request), Object(Closure))
#52 /home/berandah/subdomains/panel.berandahukum.com/vendor/laravel/framework/src/Illuminate/Pipeline/Pipeline.php(103): Illuminate\\Pipeline\\Pipeline->Illuminate\\Pipeline\\{closure}(Object(Illuminate\\Http\\Request))
#53 /home/berandah/subdomains/panel.berandahukum.com/vendor/laravel/framework/src/Illuminate/Foundation/Http/Kernel.php(141): Illuminate\\Pipeline\\Pipeline->then(Object(Closure))
#54 /home/berandah/subdomains/panel.berandahukum.com/vendor/laravel/framework/src/Illuminate/Foundation/Http/Kernel.php(110): Illuminate\\Foundation\\Http\\Kernel->sendRequestThroughRouter(Object(Illuminate\\Http\\Request))
#55 /home/berandah/subdomains/panel.berandahukum.com/public/index.php(52): Illuminate\\Foundation\\Http\\Kernel->handle(Object(Illuminate\\Http\\Request))
#56 {main}

[previous exception] [object] (ParseError(code: 0): syntax error, unexpected '<' at /home/berandah/subdomains/panel.berandahukum.com/storage/framework/views/69beca937f0aa8d382b0f42dac5ffc1a360012a6.php:1188)
[stacktrace]
#0 /home/berandah/subdomains/panel.berandahukum.com/vendor/laravel/framework/src/Illuminate/Filesystem/Filesystem.php(108): Illuminate\\Filesystem\\Filesystem::Illuminate\\Filesystem\\{closure}()
#1 /home/berandah/subdomains/panel.berandahukum.com/vendor/laravel/framework/src/Illuminate/View/Engines/PhpEngine.php(58): Illuminate\\Filesystem\\Filesystem->getRequire('/home/berandah/...', Array)
#2 /home/berandah/subdomains/panel.berandahukum.com/vendor/laravel/framework/src/Illuminate/View/Engines/CompilerEngine.php(61): Illuminate\\View\\Engines\\PhpEngine->evaluatePath('/home/berandah/...', Array)
#3 /home/berandah/subdomains/panel.berandahukum.com/vendor/facade/ignition/src/Views/Engines/CompilerEngine.php(37): Illuminate\\View\\Engines\\CompilerEngine->get('/home/berandah/...', Array)
#4 /home/berandah/subdomains/panel.berandahukum.com/vendor/laravel/framework/src/Illuminate/View/View.php(139): Facade\\Ignition\\Views\\Engines\\CompilerEngine->get('/home/berandah/...', Array)
#5 /home/berandah/subdomains/panel.berandahukum.com/vendor/laravel/framework/src/Illuminate/View/View.php(122): Illuminate\\View\\View->getContents()
#6 /home/berandah/subdomains/panel.berandahukum.com/vendor/laravel/framework/src/Illuminate/View/View.php(91): Illuminate\\View\\View->renderContents()
#7 /home/berandah/subdomains/panel.berandahukum.com/vendor/barryvdh/laravel-dompdf/src/PDF.php(132): Illuminate\\View\\View->render()
#8 /home/berandah/subdomains/panel.berandahukum.com/vendor/barryvdh/laravel-dompdf/src/Facade.php(31): Barryvdh\\DomPDF\\PDF->loadView('pindah-toko.bar...', Object(App\\Models\\PindahGudang))
#9 /home/berandah/subdomains/panel.berandahukum.com/app/Http/Controllers/PindahTokoController.php(274): Barryvdh\\DomPDF\\Facade::__callStatic('loadView', Array)
#10 /home/berandah/subdomains/panel.berandahukum.com/vendor/laravel/framework/src/Illuminate/Routing/Controller.php(54): App\\Http\\Controllers\\PindahTokoController->outDownload('1066')
#11 /home/berandah/subdomains/panel.berandahukum.com/vendor/laravel/framework/src/Illuminate/Routing/ControllerDispatcher.php(45): Illuminate\\Routing\\Controller->callAction('outDownload', Array)
#12 /home/berandah/subdomains/panel.berandahukum.com/vendor/laravel/framework/src/Illuminate/Routing/Route.php(254): Illuminate\\Routing\\ControllerDispatcher->dispatch(Object(Illuminate\\Routing\\Route), Object(App\\Http\\Controllers\\PindahTokoController), 'outDownload')
#13 /home/berandah/subdomains/panel.berandahukum.com/vendor/laravel/framework/src/Illuminate/Routing/Route.php(197): Illuminate\\Routing\\Route->runController()
#14 /home/berandah/subdomains/panel.berandahukum.com/vendor/laravel/framework/src/Illuminate/Routing/Router.php(693): Illuminate\\Routing\\Route->run()
#15 /home/berandah/subdomains/panel.berandahukum.com/vendor/laravel/framework/src/Illuminate/Pipeline/Pipeline.php(128): Illuminate\\Routing\\Router->Illuminate\\Routing\\{closure}(Object(Illuminate\\Http\\Request))
#16 /home/berandah/subdomains/panel.berandahukum.com/app/Http/Middleware/CheckBlockedIp.php(22): Illuminate\\Pipeline\\Pipeline->Illuminate\\Pipeline\\{closure}(Object(Illuminate\\Http\\Request))
#17 /home/berandah/subdomains/panel.berandahukum.com/vendor/laravel/framework/src/Illuminate/Pipeline/Pipeline.php(167): App\\Http\\Middleware\\CheckBlockedIp->handle(Object(Illuminate\\Http\\Request), Object(Closure))
#18 /home/berandah/subdomains/panel.berandahukum.com/vendor/laravel/framework/src/Illuminate/Routing/Middleware/SubstituteBindings.php(50): Illuminate\\Pipeline\\Pipeline->Illuminate\\Pipeline\\{closure}(Object(Illuminate\\Http\\Request))
#19 /home/berandah/subdomains/panel.berandahukum.com/vendor/laravel/framework/src/Illuminate/Pipeline/Pipeline.php(167): Illuminate\\Routing\\Middleware\\SubstituteBindings->handle(Object(Illuminate\\Http\\Request), Object(Closure))
#20 /home/berandah/subdomains/panel.berandahukum.com/vendor/laravel/framework/src/Illuminate/Auth/Middleware/Authenticate.php(44): Illuminate\\Pipeline\\Pipeline->Illuminate\\Pipeline\\{closure}(Object(Illuminate\\Http\\Request))
#21 /home/berandah/subdomains/panel.berandahukum.com/vendor/laravel/framework/src/Illuminate/Pipeline/Pipeline.php(167): Illuminate\\Auth\\Middleware\\Authenticate->handle(Object(Illuminate\\Http\\Request), Object(Closure))
#22 /home/berandah/subdomains/panel.berandahukum.com/vendor/laravel/framework/src/Illuminate/Foundation/Http/Middleware/VerifyCsrfToken.php(78): Illuminate\\Pipeline\\Pipeline->Illuminate\\Pipeline\\{closure}(Object(Illuminate\\Http\\Request))
#23 /home/berandah/subdomains/panel.berandahukum.com/vendor/laravel/framework/src/Illuminate/Pipeline/Pipeline.php(167): Illuminate\\Foundation\\Http\\Middleware\\VerifyCsrfToken->handle(Object(Illuminate\\Http\\Request), Object(Closure))
#24 /home/berandah/subdomains/panel.berandahukum.com/vendor/laravel/framework/src/Illuminate/View/Middleware/ShareErrorsFromSession.php(49): Illuminate\\Pipeline\\Pipeline->Illuminate\\Pipeline\\{closure}(Object(Illuminate\\Http\\Request))
#25 /home/berandah/subdomains/panel.berandahukum.com/vendor/laravel/framework/src/Illuminate/Pipeline/Pipeline.php(167): Illuminate\\View\\Middleware\\ShareErrorsFromSession->handle(Object(Illuminate\\Http\\Request), Object(Closure))
#26 /home/berandah/subdomains/panel.berandahukum.com/vendor/laravel/framework/src/Illuminate/Session/Middleware/StartSession.php(121): Illuminate\\Pipeline\\Pipeline->Illuminate\\Pipeline\\{closure}(Object(Illuminate\\Http\\Request))
#27 /home/berandah/subdomains/panel.berandahukum.com/vendor/laravel/framework/src/Illuminate/Session/Middleware/StartSession.php(63): Illuminate\\Session\\Middleware\\StartSession->handleStatefulRequest(Object(Illuminate\\Http\\Request), Object(Illuminate\\Session\\Store), Object(Closure))
#28 /home/berandah/subdomains/panel.berandahukum.com/vendor/laravel/framework/src/Illuminate/Pipeline/Pipeline.php(167): Illuminate\\Session\\Middleware\\StartSession->handle(Object(Illuminate\\Http\\Request), Object(Closure))
#29 /home/berandah/subdomains/panel.berandahukum.com/vendor/laravel/framework/src/Illuminate/Cookie/Middleware/AddQueuedCookiesToResponse.php(37): Illuminate\\Pipeline\\Pipeline->Illuminate\\Pipeline\\{closure}(Object(Illuminate\\Http\\Request))
#30 /home/berandah/subdomains/panel.berandahukum.com/vendor/laravel/framework/src/Illuminate/Pipeline/Pipeline.php(167): Illuminate\\Cookie\\Middleware\\AddQueuedCookiesToResponse->handle(Object(Illuminate\\Http\\Request), Object(Closure))
#31 /home/berandah/subdomains/panel.berandahukum.com/vendor/laravel/framework/src/Illuminate/Cookie/Middleware/EncryptCookies.php(67): Illuminate\\Pipeline\\Pipeline->Illuminate\\Pipeline\\{closure}(Object(Illuminate\\Http\\Request))
#32 /home/berandah/subdomains/panel.berandahukum.com/vendor/laravel/framework/src/Illuminate/Pipeline/Pipeline.php(167): Illuminate\\Cookie\\Middleware\\EncryptCookies->handle(Object(Illuminate\\Http\\Request), Object(Closure))
#33 /home/berandah/subdomains/panel.berandahukum.com/vendor/laravel/framework/src/Illuminate/Pipeline/Pipeline.php(103): Illuminate\\Pipeline\\Pipeline->Illuminate\\Pipeline\\{closure}(Object(Illuminate\\Http\\Request))
#34 /home/berandah/subdomains/panel.berandahukum.com/vendor/laravel/framework/src/Illuminate/Routing/Router.php(695): Illuminate\\Pipeline\\Pipeline->then(Object(Closure))
#35 /home/berandah/subdomains/panel.berandahukum.com/vendor/laravel/framework/src/Illuminate/Routing/Router.php(670): Illuminate\\Routing\\Router->runRouteWithinStack(Object(Illuminate\\Routing\\Route), Object(Illuminate\\Http\\Request))
#36 /home/berandah/subdomains/panel.berandahukum.com/vendor/laravel/framework/src/Illuminate/Routing/Router.php(636): Illuminate\\Routing\\Router->runRoute(Object(Illuminate\\Http\\Request), Object(Illuminate\\Routing\\Route))
#37 /home/berandah/subdomains/panel.berandahukum.com/vendor/laravel/framework/src/Illuminate/Routing/Router.php(625): Illuminate\\Routing\\Router->dispatchToRoute(Object(Illuminate\\Http\\Request))
#38 /home/berandah/subdomains/panel.berandahukum.com/vendor/laravel/framework/src/Illuminate/Foundation/Http/Kernel.php(166): Illuminate\\Routing\\Router->dispatch(Object(Illuminate\\Http\\Request))
#39 /home/berandah/subdomains/panel.berandahukum.com/vendor/laravel/framework/src/Illuminate/Pipeline/Pipeline.php(128): Illuminate\\Foundation\\Http\\Kernel->Illuminate\\Foundation\\Http\\{closure}(Object(Illuminate\\Http\\Request))
#40 /home/berandah/subdomains/panel.berandahukum.com/vendor/laravel/framework/src/Illuminate/Foundation/Http/Middleware/TransformsRequest.php(21): Illuminate\\Pipeline\\Pipeline->Illuminate\\Pipeline\\{closure}(Object(Illuminate\\Http\\Request))
#41 /home/berandah/subdomains/panel.berandahukum.com/vendor/laravel/framework/src/Illuminate/Pipeline/Pipeline.php(167): Illuminate\\Foundation\\Http\\Middleware\\TransformsRequest->handle(Object(Illuminate\\Http\\Request), Object(Closure))
#42 /home/berandah/subdomains/panel.berandahukum.com/vendor/laravel/framework/src/Illuminate/Foundation/Http/Middleware/TransformsRequest.php(21): Illuminate\\Pipeline\\Pipeline->Illuminate\\Pipeline\\{closure}(Object(Illuminate\\Http\\Request))
#43 /home/berandah/subdomains/panel.berandahukum.com/vendor/laravel/framework/src/Illuminate/Pipeline/Pipeline.php(167): Illuminate\\Foundation\\Http\\Middleware\\TransformsRequest->handle(Object(Illuminate\\Http\\Request), Object(Closure))
#44 /home/berandah/subdomains/panel.berandahukum.com/vendor/laravel/framework/src/Illuminate/Foundation/Http/Middleware/ValidatePostSize.php(27): Illuminate\\Pipeline\\Pipeline->Illuminate\\Pipeline\\{closure}(Object(Illuminate\\Http\\Request))
#45 /home/berandah/subdomains/panel.berandahukum.com/vendor/laravel/framework/src/Illuminate/Pipeline/Pipeline.php(167): Illuminate\\Foundation\\Http\\Middleware\\ValidatePostSize->handle(Object(Illuminate\\Http\\Request), Object(Closure))
#46 /home/berandah/subdomains/panel.berandahukum.com/vendor/laravel/framework/src/Illuminate/Foundation/Http/Middleware/PreventRequestsDuringMaintenance.php(86): Illuminate\\Pipeline\\Pipeline->Illuminate\\Pipeline\\{closure}(Object(Illuminate\\Http\\Request))
#47 /home/berandah/subdomains/panel.berandahukum.com/vendor/laravel/framework/src/Illuminate/Pipeline/Pipeline.php(167): Illuminate\\Foundation\\Http\\Middleware\\PreventRequestsDuringMaintenance->handle(Object(Illuminate\\Http\\Request), Object(Closure))
#48 /home/berandah/subdomains/panel.berandahukum.com/vendor/fruitcake/laravel-cors/src/HandleCors.php(37): Illuminate\\Pipeline\\Pipeline->Illuminate\\Pipeline\\{closure}(Object(Illuminate\\Http\\Request))
#49 /home/berandah/subdomains/panel.berandahukum.com/vendor/laravel/framework/src/Illuminate/Pipeline/Pipeline.php(167): Fruitcake\\Cors\\HandleCors->handle(Object(Illuminate\\Http\\Request), Object(Closure))
#50 /home/berandah/subdomains/panel.berandahukum.com/vendor/fideloper/proxy/src/TrustProxies.php(57): Illuminate\\Pipeline\\Pipeline->Illuminate\\Pipeline\\{closure}(Object(Illuminate\\Http\\Request))
#51 /home/berandah/subdomains/panel.berandahukum.com/vendor/laravel/framework/src/Illuminate/Pipeline/Pipeline.php(167): Fideloper\\Proxy\\TrustProxies->handle(Object(Illuminate\\Http\\Request), Object(Closure))
#52 /home/berandah/subdomains/panel.berandahukum.com/vendor/laravel/framework/src/Illuminate/Pipeline/Pipeline.php(103): Illuminate\\Pipeline\\Pipeline->Illuminate\\Pipeline\\{closure}(Object(Illuminate\\Http\\Request))
#53 /home/berandah/subdomains/panel.berandahukum.com/vendor/laravel/framework/src/Illuminate/Foundation/Http/Kernel.php(141): Illuminate\\Pipeline\\Pipeline->then(Object(Closure))
#54 /home/berandah/subdomains/panel.berandahukum.com/vendor/laravel/framework/src/Illuminate/Foundation/Http/Kernel.php(110): Illuminate\\Foundation\\Http\\Kernel->sendRequestThroughRouter(Object(Illuminate\\Http\\Request))
#55 /home/berandah/subdomains/panel.berandahukum.com/public/index.php(52): Illuminate\\Foundation\\Http\\Kernel->handle(Object(Illuminate\\Http\\Request))
#56 {main}
"} 
[2026-08-20 22:50:27] local.ERROR: SQLSTATE[42S22]: Column not found: 1054 Unknown column 'jenis_brang' in 'SET' (SQL: update `pos` set `date` = 2026-08-20, `kode_po` = PO - 0000340, `nama_purchase` = Nedi Kusnaedi, `supplier_id` = 24, `nama_supplier` = PT Prima Audio Indonesia, `alamat_supplier` = Jakarta, `telepon` = ?, `toko_id` = 1, `nama_sales` = Bapak Zaenal, `subtotal` = 105255000, `po_dp` = 0, `ppn` = 0, `status` = 1, `status_terima` = 0, `status_bayar` = 0, `show_tempo` = 0, `jatuh_tempo` = 2026-08-20, `alamat_kirim` = Melindastore 
Jl Holtikultura No,11 
Pasar Minggu, Jakarta Selatan, `jenis_brang` = ?, `keterangan` = ?, `pos`.`updated_at` = 2026-08-20 22:50:27 where `id` = 340 and `pos`.`deleted_at` is null) {"userId":36,"exception":"[object] (Illuminate\\Database\\QueryException(code: 42S22): SQLSTATE[42S22]: Column not found: 1054 Unknown column 'jenis_brang' in 'SET' (SQL: update `pos` set `date` = 2026-08-20, `kode_po` = PO - 0000340, `nama_purchase` = Nedi Kusnaedi, `supplier_id` = 24, `nama_supplier` = PT Prima Audio Indonesia, `alamat_supplier` = Jakarta, `telepon` = ?, `toko_id` = 1, `nama_sales` = Bapak Zaenal, `subtotal` = 105255000, `po_dp` = 0, `ppn` = 0, `status` = 1, `status_terima` = 0, `status_bayar` = 0, `show_tempo` = 0, `jatuh_tempo` = 2026-08-20, `alamat_kirim` = Melindastore 
Jl Holtikultura No,11 
Pasar Minggu, Jakarta Selatan, `jenis_brang` = ?, `keterangan` = ?, `pos`.`updated_at` = 2026-08-20 22:50:27 where `id` = 340 and `pos`.`deleted_at` is null) at /home/berandah/subdomains/panel.berandahukum.com/vendor/laravel/framework/src/Illuminate/Database/Connection.php:678)
[stacktrace]
#0 /home/berandah/subdomains/panel.berandahukum.com/vendor/laravel/framework/src/Illuminate/Database/Connection.php(638): Illuminate\\Database\\Connection->runQueryCallback('update `pos` se...', Array, Object(Closure))
#1 /home/berandah/subdomains/panel.berandahukum.com/vendor/laravel/framework/src/Illuminate/Database/Connection.php(503): Illuminate\\Database\\Connection->run('update `pos` se...', Array, Object(Closure))
#2 /home/berandah/subdomains/panel.berandahukum.com/vendor/laravel/framework/src/Illuminate/Database/Connection.php(436): Illuminate\\Database\\Connection->affectingStatement('update `pos` se...', Array)
#3 /home/berandah/subdomains/panel.berandahukum.com/vendor/laravel/framework/src/Illuminate/Database/Query/Builder.php(2913): Illuminate\\Database\\Connection->update('update `pos` se...', Array)
#4 /home/berandah/subdomains/panel.berandahukum.com/vendor/laravel/framework/src/Illuminate/Database/Eloquent/Builder.php(841): Illuminate\\Database\\Query\\Builder->update(Array)
#5 /home/berandah/subdomains/panel.berandahukum.com/app/Http/Controllers/PoController.php(308): Illuminate\\Database\\Eloquent\\Builder->update(Array)
#6 /home/berandah/subdomains/panel.berandahukum.com/vendor/laravel/framework/src/Illuminate/Routing/Controller.php(54): App\\Http\\Controllers\\PoController->update(Object(Illuminate\\Http\\Request), '340')
#7 /home/berandah/subdomains/panel.berandahukum.com/vendor/laravel/framework/src/Illuminate/Routing/ControllerDispatcher.php(45): Illuminate\\Routing\\Controller->callAction('update', Array)
#8 /home/berandah/subdomains/panel.berandahukum.com/vendor/laravel/framework/src/Illuminate/Routing/Route.php(254): Illuminate\\Routing\\ControllerDispatcher->dispatch(Object(Illuminate\\Routing\\Route), Object(App\\Http\\Controllers\\PoController), 'update')
#9 /home/berandah/subdomains/panel.berandahukum.com/vendor/laravel/framework/src/Illuminate/Routing/Route.php(197): Illuminate\\Routing\\Route->runController()
#10 /home/berandah/subdomains/panel.berandahukum.com/vendor/laravel/framework/src/Illuminate/Routing/Router.php(693): Illuminate\\Routing\\Route->run()
#11 /home/berandah/subdomains/panel.berandahukum.com/vendor/laravel/framework/src/Illuminate/Pipeline/Pipeline.php(128): Illuminate\\Routing\\Router->Illuminate\\Routing\\{closure}(Object(Illuminate\\Http\\Request))
#12 /home/berandah/subdomains/panel.berandahukum.com/app/Http/Middleware/CheckBlockedIp.php(22): Illuminate\\Pipeline\\Pipeline->Illuminate\\Pipeline\\{closure}(Object(Illuminate\\Http\\Request))
#13 /home/berandah/subdomains/panel.berandahukum.com/vendor/laravel/framework/src/Illuminate/Pipeline/Pipeline.php(167): App\\Http\\Middleware\\CheckBlockedIp->handle(Object(Illuminate\\Http\\Request), Object(Closure))
#14 /home/berandah/subdomains/panel.berandahukum.com/vendor/laravel/framework/src/Illuminate/Routing/Middleware/SubstituteBindings.php(50): Illuminate\\Pipeline\\Pipeline->Illuminate\\Pipeline\\{closure}(Object(Illuminate\\Http\\Request))
#15 /home/berandah/subdomains/panel.berandahukum.com/vendor/laravel/framework/src/Illuminate/Pipeline/Pipeline.php(167): Illuminate\\Routing\\Middleware\\SubstituteBindings->handle(Object(Illuminate\\Http\\Request), Object(Closure))
#16 /home/berandah/subdomains/panel.berandahukum.com/vendor/laravel/framework/src/Illuminate/Auth/Middleware/Authenticate.php(44): Illuminate\\Pipeline\\Pipeline->Illuminate\\Pipeline\\{closure}(Object(Illuminate\\Http\\Request))
#17 /home/berandah/subdomains/panel.berandahukum.com/vendor/laravel/framework/src/Illuminate/Pipeline/Pipeline.php(167): Illuminate\\Auth\\Middleware\\Authenticate->handle(Object(Illuminate\\Http\\Request), Object(Closure))
#18 /home/berandah/subdomains/panel.berandahukum.com/vendor/laravel/framework/src/Illuminate/Foundation/Http/Middleware/VerifyCsrfToken.php(78): Illuminate\\Pipeline\\Pipeline->Illuminate\\Pipeline\\{closure}(Object(Illuminate\\Http\\Request))
#19 /home/berandah/subdomains/panel.berandahukum.com/vendor/laravel/framework/src/Illuminate/Pipeline/Pipeline.php(167): Illuminate\\Foundation\\Http\\Middleware\\VerifyCsrfToken->handle(Object(Illuminate\\Http\\Request), Object(Closure))
#20 /home/berandah/subdomains/panel.berandahukum.com/vendor/laravel/framework/src/Illuminate/View/Middleware/ShareErrorsFromSession.php(49): Illuminate\\Pipeline\\Pipeline->Illuminate\\Pipeline\\{closure}(Object(Illuminate\\Http\\Request))
#21 /home/berandah/subdomains/panel.berandahukum.com/vendor/laravel/framework/src/Illuminate/Pipeline/Pipeline.php(167): Illuminate\\View\\Middleware\\ShareErrorsFromSession->handle(Object(Illuminate\\Http\\Request), Object(Closure))
#22 /home/berandah/subdomains/panel.berandahukum.com/vendor/laravel/framework/src/Illuminate/Session/Middleware/StartSession.php(121): Illuminate\\Pipeline\\Pipeline->Illuminate\\Pipeline\\{closure}(Object(Illuminate\\Http\\Request))
#23 /home/berandah/subdomains/panel.berandahukum.com/vendor/laravel/framework/src/Illuminate/Session/Middleware/StartSession.php(63): Illuminate\\Session\\Middleware\\StartSession->handleStatefulRequest(Object(Illuminate\\Http\\Request), Object(Illuminate\\Session\\Store), Object(Closure))
#24 /home/berandah/subdomains/panel.berandahukum.com/vendor/laravel/framework/src/Illuminate/Pipeline/Pipeline.php(167): Illuminate\\Session\\Middleware\\StartSession->handle(Object(Illuminate\\Http\\Request), Object(Closure))
#25 /home/berandah/subdomains/panel.berandahukum.com/vendor/laravel/framework/src/Illuminate/Cookie/Middleware/AddQueuedCookiesToResponse.php(37): Illuminate\\Pipeline\\Pipeline->Illuminate\\Pipeline\\{closure}(Object(Illuminate\\Http\\Request))
#26 /home/berandah/subdomains/panel.berandahukum.com/vendor/laravel/framework/src/Illuminate/Pipeline/Pipeline.php(167): Illuminate\\Cookie\\Middleware\\AddQueuedCookiesToResponse->handle(Object(Illuminate\\Http\\Request), Object(Closure))
#27 /home/berandah/subdomains/panel.berandahukum.com/vendor/laravel/framework/src/Illuminate/Cookie/Middleware/EncryptCookies.php(67): Illuminate\\Pipeline\\Pipeline->Illuminate\\Pipeline\\{closure}(Object(Illuminate\\Http\\Request))
#28 /home/berandah/subdomains/panel.berandahukum.com/vendor/laravel/framework/src/Illuminate/Pipeline/Pipeline.php(167): Illuminate\\Cookie\\Middleware\\EncryptCookies->handle(Object(Illuminate\\Http\\Request), Object(Closure))
#29 /home/berandah/subdomains/panel.berandahukum.com/vendor/laravel/framework/src/Illuminate/Pipeline/Pipeline.php(103): Illuminate\\Pipeline\\Pipeline->Illuminate\\Pipeline\\{closure}(Object(Illuminate\\Http\\Request))
#30 /home/berandah/subdomains/panel.berandahukum.com/vendor/laravel/framework/src/Illuminate/Routing/Router.php(695): Illuminate\\Pipeline\\Pipeline->then(Object(Closure))
#31 /home/berandah/subdomains/panel.berandahukum.com/vendor/laravel/framework/src/Illuminate/Routing/Router.php(670): Illuminate\\Routing\\Router->runRouteWithinStack(Object(Illuminate\\Routing\\Route), Object(Illuminate\\Http\\Request))
#32 /home/berandah/subdomains/panel.berandahukum.com/vendor/laravel/framework/src/Illuminate/Routing/Router.php(636): Illuminate\\Routing\\Router->runRoute(Object(Illuminate\\Http\\Request), Object(Illuminate\\Routing\\Route))
#33 /home/berandah/subdomains/panel.berandahukum.com/vendor/laravel/framework/src/Illuminate/Routing/Router.php(625): Illuminate\\Routing\\Router->dispatchToRoute(Object(Illuminate\\Http\\Request))
#34 /home/berandah/subdomains/panel.berandahukum.com/vendor/laravel/framework/src/Illuminate/Foundation/Http/Kernel.php(166): Illuminate\\Routing\\Router->dispatch(Object(Illuminate\\Http\\Request))
#35 /home/berandah/subdomains/panel.berandahukum.com/vendor/laravel/framework/src/Illuminate/Pipeline/Pipeline.php(128): Illuminate\\Foundation\\Http\\Kernel->Illuminate\\Foundation\\Http\\{closure}(Object(Illuminate\\Http\\Request))
#36 /home/berandah/subdomains/panel.berandahukum.com/vendor/laravel/framework/src/Illuminate/Foundation/Http/Middleware/TransformsRequest.php(21): Illuminate\\Pipeline\\Pipeline->Illuminate\\Pipeline\\{closure}(Object(Illuminate\\Http\\Request))
#37 /home/berandah/subdomains/panel.berandahukum.com/vendor/laravel/framework/src/Illuminate/Pipeline/Pipeline.php(167): Illuminate\\Foundation\\Http\\Middleware\\TransformsRequest->handle(Object(Illuminate\\Http\\Request), Object(Closure))
#38 /home/berandah/subdomains/panel.berandahukum.com/vendor/laravel/framework/src/Illuminate/Foundation/Http/Middleware/TransformsRequest.php(21): Illuminate\\Pipeline\\Pipeline->Illuminate\\Pipeline\\{closure}(Object(Illuminate\\Http\\Request))
#39 /home/berandah/subdomains/panel.berandahukum.com/vendor/laravel/framework/src/Illuminate/Pipeline/Pipeline.php(167): Illuminate\\Foundation\\Http\\Middleware\\TransformsRequest->handle(Object(Illuminate\\Http\\Request), Object(Closure))
#40 /home/berandah/subdomains/panel.berandahukum.com/vendor/laravel/framework/src/Illuminate/Foundation/Http/Middleware/ValidatePostSize.php(27): Illuminate\\Pipeline\\Pipeline->Illuminate\\Pipeline\\{closure}(Object(Illuminate\\Http\\Request))
#41 /home/berandah/subdomains/panel.berandahukum.com/vendor/laravel/framework/src/Illuminate/Pipeline/Pipeline.php(167): Illuminate\\Foundation\\Http\\Middleware\\ValidatePostSize->handle(Object(Illuminate\\Http\\Request), Object(Closure))
#42 /home/berandah/subdomains/panel.berandahukum.com/vendor/laravel/framework/src/Illuminate/Foundation/Http/Middleware/PreventRequestsDuringMaintenance.php(86): Illuminate\\Pipeline\\Pipeline->Illuminate\\Pipeline\\{closure}(Object(Illuminate\\Http\\Request))
#43 /home/berandah/subdomains/panel.berandahukum.com/vendor/laravel/framework/src/Illuminate/Pipeline/Pipeline.php(167): Illuminate\\Foundation\\Http\\Middleware\\PreventRequestsDuringMaintenance->handle(Object(Illuminate\\Http\\Request), Object(Closure))
#44 /home/berandah/subdomains/panel.berandahukum.com/vendor/fruitcake/laravel-cors/src/HandleCors.php(37): Illuminate\\Pipeline\\Pipeline->Illuminate\\Pipeline\\{closure}(Object(Illuminate\\Http\\Request))
#45 /home/berandah/subdomains/panel.berandahukum.com/vendor/laravel/framework/src/Illuminate/Pipeline/Pipeline.php(167): Fruitcake\\Cors\\HandleCors->handle(Object(Illuminate\\Http\\Request), Object(Closure))
#46 /home/berandah/subdomains/panel.berandahukum.com/vendor/fideloper/proxy/src/TrustProxies.php(57): Illuminate\\Pipeline\\Pipeline->Illuminate\\Pipeline\\{closure}(Object(Illuminate\\Http\\Request))
#47 /home/berandah/subdomains/panel.berandahukum.com/vendor/laravel/framework/src/Illuminate/Pipeline/Pipeline.php(167): Fideloper\\Proxy\\TrustProxies->handle(Object(Illuminate\\Http\\Request), Object(Closure))
#48 /home/berandah/subdomains/panel.berandahukum.com/vendor/laravel/framework/src/Illuminate/Pipeline/Pipeline.php(103): Illuminate\\Pipeline\\Pipeline->Illuminate\\Pipeline\\{closure}(Object(Illuminate\\Http\\Request))
#49 /home/berandah/subdomains/panel.berandahukum.com/vendor/laravel/framework/src/Illuminate/Foundation/Http/Kernel.php(141): Illuminate\\Pipeline\\Pipeline->then(Object(Closure))
#50 /home/berandah/subdomains/panel.berandahukum.com/vendor/laravel/framework/src/Illuminate/Foundation/Http/Kernel.php(110): Illuminate\\Foundation\\Http\\Kernel->sendRequestThroughRouter(Object(Illuminate\\Http\\Request))
#51 /home/berandah/subdomains/panel.berandahukum.com/public/index.php(52): Illuminate\\Foundation\\Http\\Kernel->handle(Object(Illuminate\\Http\\Request))
#52 {main}

[previous exception] [object] (PDOException(code: 42S22): SQLSTATE[42S22]: Column not found: 1054 Unknown column 'jenis_brang' in 'SET' at /home/berandah/subdomains/panel.berandahukum.com/vendor/laravel/framework/src/Illuminate/Database/Connection.php:492)
[stacktrace]
#0 /home/berandah/subdomains/panel.berandahukum.com/vendor/laravel/framework/src/Illuminate/Database/Connection.php(492): PDO->prepare('update `pos` se...')
#1 /home/berandah/subdomains/panel.berandahukum.com/vendor/laravel/framework/src/Illuminate/Database/Connection.php(671): Illuminate\\Database\\Connection->Illuminate\\Database\\{closure}('update `pos` se...', Array)
#2 /home/berandah/subdomains/panel.berandahukum.com/vendor/laravel/framework/src/Illuminate/Database/Connection.php(638): Illuminate\\Database\\Connection->runQueryCallback('update `pos` se...', Array, Object(Closure))
#3 /home/berandah/subdomains/panel.berandahukum.com/vendor/laravel/framework/src/Illuminate/Database/Connection.php(503): Illuminate\\Database\\Connection->run('update `pos` se...', Array, Object(Closure))
#4 /home/berandah/subdomains/panel.berandahukum.com/vendor/laravel/framework/src/Illuminate/Database/Connection.php(436): Illuminate\\Database\\Connection->affectingStatement('update `pos` se...', Array)
#5 /home/berandah/subdomains/panel.berandahukum.com/vendor/laravel/framework/src/Illuminate/Database/Query/Builder.php(2913): Illuminate\\Database\\Connection->update('update `pos` se...', Array)
#6 /home/berandah/subdomains/panel.berandahukum.com/vendor/laravel/framework/src/Illuminate/Database/Eloquent/Builder.php(841): Illuminate\\Database\\Query\\Builder->update(Array)
#7 /home/berandah/subdomains/panel.berandahukum.com/app/Http/Controllers/PoController.php(308): Illuminate\\Database\\Eloquent\\Builder->update(Array)
#8 /home/berandah/subdomains/panel.berandahukum.com/vendor/laravel/framework/src/Illuminate/Routing/Controller.php(54): App\\Http\\Controllers\\PoController->update(Object(Illuminate\\Http\\Request), '340')
#9 /home/berandah/subdomains/panel.berandahukum.com/vendor/laravel/framework/src/Illuminate/Routing/ControllerDispatcher.php(45): Illuminate\\Routing\\Controller->callAction('update', Array)
#10 /home/berandah/subdomains/panel.berandahukum.com/vendor/laravel/framework/src/Illuminate/Routing/Route.php(254): Illuminate\\Routing\\ControllerDispatcher->dispatch(Object(Illuminate\\Routing\\Route), Object(App\\Http\\Controllers\\PoController), 'update')
#11 /home/berandah/subdomains/panel.berandahukum.com/vendor/laravel/framework/src/Illuminate/Routing/Route.php(197): Illuminate\\Routing\\Route->runController()
#12 /home/berandah/subdomains/panel.berandahukum.com/vendor/laravel/framework/src/Illuminate/Routing/Router.php(693): Illuminate\\Routing\\Route->run()
#13 /home/berandah/subdomains/panel.berandahukum.com/vendor/laravel/framework/src/Illuminate/Pipeline/Pipeline.php(128): Illuminate\\Routing\\Router->Illuminate\\Routing\\{closure}(Object(Illuminate\\Http\\Request))
#14 /home/berandah/subdomains/panel.berandahukum.com/app/Http/Middleware/CheckBlockedIp.php(22): Illuminate\\Pipeline\\Pipeline->Illuminate\\Pipeline\\{closure}(Object(Illuminate\\Http\\Request))
#15 /home/berandah/subdomains/panel.berandahukum.com/vendor/laravel/framework/src/Illuminate/Pipeline/Pipeline.php(167): App\\Http\\Middleware\\CheckBlockedIp->handle(Object(Illuminate\\Http\\Request), Object(Closure))
#16 /home/berandah/subdomains/panel.berandahukum.com/vendor/laravel/framework/src/Illuminate/Routing/Middleware/SubstituteBindings.php(50): Illuminate\\Pipeline\\Pipeline->Illuminate\\Pipeline\\{closure}(Object(Illuminate\\Http\\Request))
#17 /home/berandah/subdomains/panel.berandahukum.com/vendor/laravel/framework/src/Illuminate/Pipeline/Pipeline.php(167): Illuminate\\Routing\\Middleware\\SubstituteBindings->handle(Object(Illuminate\\Http\\Request), Object(Closure))
#18 /home/berandah/subdomains/panel.berandahukum.com/vendor/laravel/framework/src/Illuminate/Auth/Middleware/Authenticate.php(44): Illuminate\\Pipeline\\Pipeline->Illuminate\\Pipeline\\{closure}(Object(Illuminate\\Http\\Request))
#19 /home/berandah/subdomains/panel.berandahukum.com/vendor/laravel/framework/src/Illuminate/Pipeline/Pipeline.php(167): Illuminate\\Auth\\Middleware\\Authenticate->handle(Object(Illuminate\\Http\\Request), Object(Closure))
#20 /home/berandah/subdomains/panel.berandahukum.com/vendor/laravel/framework/src/Illuminate/Foundation/Http/Middleware/VerifyCsrfToken.php(78): Illuminate\\Pipeline\\Pipeline->Illuminate\\Pipeline\\{closure}(Object(Illuminate\\Http\\Request))
#21 /home/berandah/subdomains/panel.berandahukum.com/vendor/laravel/framework/src/Illuminate/Pipeline/Pipeline.php(167): Illuminate\\Foundation\\Http\\Middleware\\VerifyCsrfToken->handle(Object(Illuminate\\Http\\Request), Object(Closure))
#22 /home/berandah/subdomains/panel.berandahukum.com/vendor/laravel/framework/src/Illuminate/View/Middleware/ShareErrorsFromSession.php(49): Illuminate\\Pipeline\\Pipeline->Illuminate\\Pipeline\\{closure}(Object(Illuminate\\Http\\Request))
#23 /home/berandah/subdomains/panel.berandahukum.com/vendor/laravel/framework/src/Illuminate/Pipeline/Pipeline.php(167): Illuminate\\View\\Middleware\\ShareErrorsFromSession->handle(Object(Illuminate\\Http\\Request), Object(Closure))
#24 /home/berandah/subdomains/panel.berandahukum.com/vendor/laravel/framework/src/Illuminate/Session/Middleware/StartSession.php(121): Illuminate\\Pipeline\\Pipeline->Illuminate\\Pipeline\\{closure}(Object(Illuminate\\Http\\Request))
#25 /home/berandah/subdomains/panel.berandahukum.com/vendor/laravel/framework/src/Illuminate/Session/Middleware/StartSession.php(63): Illuminate\\Session\\Middleware\\StartSession->handleStatefulRequest(Object(Illuminate\\Http\\Request), Object(Illuminate\\Session\\Store), Object(Closure))
#26 /home/berandah/subdomains/panel.berandahukum.com/vendor/laravel/framework/src/Illuminate/Pipeline/Pipeline.php(167): Illuminate\\Session\\Middleware\\StartSession->handle(Object(Illuminate\\Http\\Request), Object(Closure))
#27 /home/berandah/subdomains/panel.berandahukum.com/vendor/laravel/framework/src/Illuminate/Cookie/Middleware/AddQueuedCookiesToResponse.php(37): Illuminate\\Pipeline\\Pipeline->Illuminate\\Pipeline\\{closure}(Object(Illuminate\\Http\\Request))
#28 /home/berandah/subdomains/panel.berandahukum.com/vendor/laravel/framework/src/Illuminate/Pipeline/Pipeline.php(167): Illuminate\\Cookie\\Middleware\\AddQueuedCookiesToResponse->handle(Object(Illuminate\\Http\\Request), Object(Closure))
#29 /home/berandah/subdomains/panel.berandahukum.com/vendor/laravel/framework/src/Illuminate/Cookie/Middleware/EncryptCookies.php(67): Illuminate\\Pipeline\\Pipeline->Illuminate\\Pipeline\\{closure}(Object(Illuminate\\Http\\Request))
#30 /home/berandah/subdomains/panel.berandahukum.com/vendor/laravel/framework/src/Illuminate/Pipeline/Pipeline.php(167): Illuminate\\Cookie\\Middleware\\EncryptCookies->handle(Object(Illuminate\\Http\\Request), Object(Closure))
#31 /home/berandah/subdomains/panel.berandahukum.com/vendor/laravel/framework/src/Illuminate/Pipeline/Pipeline.php(103): Illuminate\\Pipeline\\Pipeline->Illuminate\\Pipeline\\{closure}(Object(Illuminate\\Http\\Request))
#32 /home/berandah/subdomains/panel.berandahukum.com/vendor/laravel/framework/src/Illuminate/Routing/Router.php(695): Illuminate\\Pipeline\\Pipeline->then(Object(Closure))
#33 /home/berandah/subdomains/panel.berandahukum.com/vendor/laravel/framework/src/Illuminate/Routing/Router.php(670): Illuminate\\Routing\\Router->runRouteWithinStack(Object(Illuminate\\Routing\\Route), Object(Illuminate\\Http\\Request))
#34 /home/berandah/subdomains/panel.berandahukum.com/vendor/laravel/framework/src/Illuminate/Routing/Router.php(636): Illuminate\\Routing\\Router->runRoute(Object(Illuminate\\Http\\Request), Object(Illuminate\\Routing\\Route))
#35 /home/berandah/subdomains/panel.berandahukum.com/vendor/laravel/framework/src/Illuminate/Routing/Router.php(625): Illuminate\\Routing\\Router->dispatchToRoute(Object(Illuminate\\Http\\Request))
#36 /home/berandah/subdomains/panel.berandahukum.com/vendor/laravel/framework/src/Illuminate/Foundation/Http/Kernel.php(166): Illuminate\\Routing\\Router->dispatch(Object(Illuminate\\Http\\Request))
#37 /home/berandah/subdomains/panel.berandahukum.com/vendor/laravel/framework/src/Illuminate/Pipeline/Pipeline.php(128): Illuminate\\Foundation\\Http\\Kernel->Illuminate\\Foundation\\Http\\{closure}(Object(Illuminate\\Http\\Request))
#38 /home/berandah/subdomains/panel.berandahukum.com/vendor/laravel/framework/src/Illuminate/Foundation/Http/Middleware/TransformsRequest.php(21): Illuminate\\Pipeline\\Pipeline->Illuminate\\Pipeline\\{closure}(Object(Illuminate\\Http\\Request))
#39 /home/berandah/subdomains/panel.berandahukum.com/vendor/laravel/framework/src/Illuminate/Pipeline/Pipeline.php(167): Illuminate\\Foundation\\Http\\Middleware\\TransformsRequest->handle(Object(Illuminate\\Http\\Request), Object(Closure))
#40 /home/berandah/subdomains/panel.berandahukum.com/vendor/laravel/framework/src/Illuminate/Foundation/Http/Middleware/TransformsRequest.php(21): Illuminate\\Pipeline\\Pipeline->Illuminate\\Pipeline\\{closure}(Object(Illuminate\\Http\\Request))
#41 /home/berandah/subdomains/panel.berandahukum.com/vendor/laravel/framework/src/Illuminate/Pipeline/Pipeline.php(167): Illuminate\\Foundation\\Http\\Middleware\\TransformsRequest->handle(Object(Illuminate\\Http\\Request), Object(Closure))
#42 /home/berandah/subdomains/panel.berandahukum.com/vendor/laravel/framework/src/Illuminate/Foundation/Http/Middleware/ValidatePostSize.php(27): Illuminate\\Pipeline\\Pipeline->Illuminate\\Pipeline\\{closure}(Object(Illuminate\\Http\\Request))
#43 /home/berandah/subdomains/panel.berandahukum.com/vendor/laravel/framework/src/Illuminate/Pipeline/Pipeline.php(167): Illuminate\\Foundation\\Http\\Middleware\\ValidatePostSize->handle(Object(Illuminate\\Http\\Request), Object(Closure))
#44 /home/berandah/subdomains/panel.berandahukum.com/vendor/laravel/framework/src/Illuminate/Foundation/Http/Middleware/PreventRequestsDuringMaintenance.php(86): Illuminate\\Pipeline\\Pipeline->Illuminate\\Pipeline\\{closure}(Object(Illuminate\\Http\\Request))
#45 /home/berandah/subdomains/panel.berandahukum.com/vendor/laravel/framework/src/Illuminate/Pipeline/Pipeline.php(167): Illuminate\\Foundation\\Http\\Middleware\\PreventRequestsDuringMaintenance->handle(Object(Illuminate\\Http\\Request), Object(Closure))
#46 /home/berandah/subdomains/panel.berandahukum.com/vendor/fruitcake/laravel-cors/src/HandleCors.php(37): Illuminate\\Pipeline\\Pipeline->Illuminate\\Pipeline\\{closure}(Object(Illuminate\\Http\\Request))
#47 /home/berandah/subdomains/panel.berandahukum.com/vendor/laravel/framework/src/Illuminate/Pipeline/Pipeline.php(167): Fruitcake\\Cors\\HandleCors->handle(Object(Illuminate\\Http\\Request), Object(Closure))
#48 /home/berandah/subdomains/panel.berandahukum.com/vendor/fideloper/proxy/src/TrustProxies.php(57): Illuminate\\Pipeline\\Pipeline->Illuminate\\Pipeline\\{closure}(Object(Illuminate\\Http\\Request))
#49 /home/berandah/subdomains/panel.berandahukum.com/vendor/laravel/framework/src/Illuminate/Pipeline/Pipeline.php(167): Fideloper\\Proxy\\TrustProxies->handle(Object(Illuminate\\Http\\Request), Object(Closure))
#50 /home/berandah/subdomains/panel.berandahukum.com/vendor/laravel/framework/src/Illuminate/Pipeline/Pipeline.php(103): Illuminate\\Pipeline\\Pipeline->Illuminate\\Pipeline\\{closure}(Object(Illuminate\\Http\\Request))
#51 /home/berandah/subdomains/panel.berandahukum.com/vendor/laravel/framework/src/Illuminate/Foundation/Http/Kernel.php(141): Illuminate\\Pipeline\\Pipeline->then(Object(Closure))
#52 /home/berandah/subdomains/panel.berandahukum.com/vendor/laravel/framework/src/Illuminate/Foundation/Http/Kernel.php(110): Illuminate\\Foundation\\Http\\Kernel->sendRequestThroughRouter(Object(Illuminate\\Http\\Request))
#53 /home/berandah/subdomains/panel.berandahukum.com/public/index.php(52): Illuminate\\Foundation\\Http\\Kernel->handle(Object(Illuminate\\Http\\Request))
#54 {main}
"} 
[2026-08-20 22:51:02] local.ERROR: SQLSTATE[42S22]: Column not found: 1054 Unknown column 'jenis_brang' in 'SET' (SQL: update `pos` set `date` = 2026-08-20, `kode_po` = PO - 0000340, `nama_purchase` = Nedi Kusnaedi, `supplier_id` = 24, `nama_supplier` = PT Prima Audio Indonesia, `alamat_supplier` = Jakarta, `telepon` = ?, `toko_id` = 1, `nama_sales` = Bapak Zaenal, `subtotal` = 105255000, `po_dp` = 0, `ppn` = 0, `status` = 1, `status_terima` = 0, `status_bayar` = 0, `show_tempo` = 0, `jatuh_tempo` = 2026-08-20, `alamat_kirim` = Melindastore 
Jl Holtikultura No,11 
Pasar Minggu, Jakarta Selatan, `jenis_brang` = ?, `keterangan` = ?, `pos`.`updated_at` = 2026-08-20 22:51:02 where `id` = 340 and `pos`.`deleted_at` is null) {"userId":36,"exception":"[object] (Illuminate\\Database\\QueryException(code: 42S22): SQLSTATE[42S22]: Column not found: 1054 Unknown column 'jenis_brang' in 'SET' (SQL: update `pos` set `date` = 2026-08-20, `kode_po` = PO - 0000340, `nama_purchase` = Nedi Kusnaedi, `supplier_id` = 24, `nama_supplier` = PT Prima Audio Indonesia, `alamat_supplier` = Jakarta, `telepon` = ?, `toko_id` = 1, `nama_sales` = Bapak Zaenal, `subtotal` = 105255000, `po_dp` = 0, `ppn` = 0, `status` = 1, `status_terima` = 0, `status_bayar` = 0, `show_tempo` = 0, `jatuh_tempo` = 2026-08-20, `alamat_kirim` = Melindastore 
Jl Holtikultura No,11 
Pasar Minggu, Jakarta Selatan, `jenis_brang` = ?, `keterangan` = ?, `pos`.`updated_at` = 2026-08-20 22:51:02 where `id` = 340 and `pos`.`deleted_at` is null) at /home/berandah/subdomains/panel.berandahukum.com/vendor/laravel/framework/src/Illuminate/Database/Connection.php:678)
[stacktrace]
#0 /home/berandah/subdomains/panel.berandahukum.com/vendor/laravel/framework/src/Illuminate/Database/Connection.php(638): Illuminate\\Database\\Connection->runQueryCallback('update `pos` se...', Array, Object(Closure))
#1 /home/berandah/subdomains/panel.berandahukum.com/vendor/laravel/framework/src/Illuminate/Database/Connection.php(503): Illuminate\\Database\\Connection->run('update `pos` se...', Array, Object(Closure))
#2 /home/berandah/subdomains/panel.berandahukum.com/vendor/laravel/framework/src/Illuminate/Database/Connection.php(436): Illuminate\\Database\\Connection->affectingStatement('update `pos` se...', Array)
#3 /home/berandah/subdomains/panel.berandahukum.com/vendor/laravel/framework/src/Illuminate/Database/Query/Builder.php(2913): Illuminate\\Database\\Connection->update('update `pos` se...', Array)
#4 /home/berandah/subdomains/panel.berandahukum.com/vendor/laravel/framework/src/Illuminate/Database/Eloquent/Builder.php(841): Illuminate\\Database\\Query\\Builder->update(Array)
#5 /home/berandah/subdomains/panel.berandahukum.com/app/Http/Controllers/PoController.php(308): Illuminate\\Database\\Eloquent\\Builder->update(Array)
#6 /home/berandah/subdomains/panel.berandahukum.com/vendor/laravel/framework/src/Illuminate/Routing/Controller.php(54): App\\Http\\Controllers\\PoController->update(Object(Illuminate\\Http\\Request), '340')
#7 /home/berandah/subdomains/panel.berandahukum.com/vendor/laravel/framework/src/Illuminate/Routing/ControllerDispatcher.php(45): Illuminate\\Routing\\Controller->callAction('update', Array)
#8 /home/berandah/subdomains/panel.berandahukum.com/vendor/laravel/framework/src/Illuminate/Routing/Route.php(254): Illuminate\\Routing\\ControllerDispatcher->dispatch(Object(Illuminate\\Routing\\Route), Object(App\\Http\\Controllers\\PoController), 'update')
#9 /home/berandah/subdomains/panel.berandahukum.com/vendor/laravel/framework/src/Illuminate/Routing/Route.php(197): Illuminate\\Routing\\Route->runController()
#10 /home/berandah/subdomains/panel.berandahukum.com/vendor/laravel/framework/src/Illuminate/Routing/Router.php(693): Illuminate\\Routing\\Route->run()
#11 /home/berandah/subdomains/panel.berandahukum.com/vendor/laravel/framework/src/Illuminate/Pipeline/Pipeline.php(128): Illuminate\\Routing\\Router->Illuminate\\Routing\\{closure}(Object(Illuminate\\Http\\Request))
#12 /home/berandah/subdomains/panel.berandahukum.com/app/Http/Middleware/CheckBlockedIp.php(22): Illuminate\\Pipeline\\Pipeline->Illuminate\\Pipeline\\{closure}(Object(Illuminate\\Http\\Request))
#13 /home/berandah/subdomains/panel.berandahukum.com/vendor/laravel/framework/src/Illuminate/Pipeline/Pipeline.php(167): App\\Http\\Middleware\\CheckBlockedIp->handle(Object(Illuminate\\Http\\Request), Object(Closure))
#14 /home/berandah/subdomains/panel.berandahukum.com/vendor/laravel/framework/src/Illuminate/Routing/Middleware/SubstituteBindings.php(50): Illuminate\\Pipeline\\Pipeline->Illuminate\\Pipeline\\{closure}(Object(Illuminate\\Http\\Request))
#15 /home/berandah/subdomains/panel.berandahukum.com/vendor/laravel/framework/src/Illuminate/Pipeline/Pipeline.php(167): Illuminate\\Routing\\Middleware\\SubstituteBindings->handle(Object(Illuminate\\Http\\Request), Object(Closure))
#16 /home/berandah/subdomains/panel.berandahukum.com/vendor/laravel/framework/src/Illuminate/Auth/Middleware/Authenticate.php(44): Illuminate\\Pipeline\\Pipeline->Illuminate\\Pipeline\\{closure}(Object(Illuminate\\Http\\Request))
#17 /home/berandah/subdomains/panel.berandahukum.com/vendor/laravel/framework/src/Illuminate/Pipeline/Pipeline.php(167): Illuminate\\Auth\\Middleware\\Authenticate->handle(Object(Illuminate\\Http\\Request), Object(Closure))
#18 /home/berandah/subdomains/panel.berandahukum.com/vendor/laravel/framework/src/Illuminate/Foundation/Http/Middleware/VerifyCsrfToken.php(78): Illuminate\\Pipeline\\Pipeline->Illuminate\\Pipeline\\{closure}(Object(Illuminate\\Http\\Request))
#19 /home/berandah/subdomains/panel.berandahukum.com/vendor/laravel/framework/src/Illuminate/Pipeline/Pipeline.php(167): Illuminate\\Foundation\\Http\\Middleware\\VerifyCsrfToken->handle(Object(Illuminate\\Http\\Request), Object(Closure))
#20 /home/berandah/subdomains/panel.berandahukum.com/vendor/laravel/framework/src/Illuminate/View/Middleware/ShareErrorsFromSession.php(49): Illuminate\\Pipeline\\Pipeline->Illuminate\\Pipeline\\{closure}(Object(Illuminate\\Http\\Request))
#21 /home/berandah/subdomains/panel.berandahukum.com/vendor/laravel/framework/src/Illuminate/Pipeline/Pipeline.php(167): Illuminate\\View\\Middleware\\ShareErrorsFromSession->handle(Object(Illuminate\\Http\\Request), Object(Closure))
#22 /home/berandah/subdomains/panel.berandahukum.com/vendor/laravel/framework/src/Illuminate/Session/Middleware/StartSession.php(121): Illuminate\\Pipeline\\Pipeline->Illuminate\\Pipeline\\{closure}(Object(Illuminate\\Http\\Request))
#23 /home/berandah/subdomains/panel.berandahukum.com/vendor/laravel/framework/src/Illuminate/Session/Middleware/StartSession.php(63): Illuminate\\Session\\Middleware\\StartSession->handleStatefulRequest(Object(Illuminate\\Http\\Request), Object(Illuminate\\Session\\Store), Object(Closure))
#24 /home/berandah/subdomains/panel.berandahukum.com/vendor/laravel/framework/src/Illuminate/Pipeline/Pipeline.php(167): Illuminate\\Session\\Middleware\\StartSession->handle(Object(Illuminate\\Http\\Request), Object(Closure))
#25 /home/berandah/subdomains/panel.berandahukum.com/vendor/laravel/framework/src/Illuminate/Cookie/Middleware/AddQueuedCookiesToResponse.php(37): Illuminate\\Pipeline\\Pipeline->Illuminate\\Pipeline\\{closure}(Object(Illuminate\\Http\\Request))
#26 /home/berandah/subdomains/panel.berandahukum.com/vendor/laravel/framework/src/Illuminate/Pipeline/Pipeline.php(167): Illuminate\\Cookie\\Middleware\\AddQueuedCookiesToResponse->handle(Object(Illuminate\\Http\\Request), Object(Closure))
#27 /home/berandah/subdomains/panel.berandahukum.com/vendor/laravel/framework/src/Illuminate/Cookie/Middleware/EncryptCookies.php(67): Illuminate\\Pipeline\\Pipeline->Illuminate\\Pipeline\\{closure}(Object(Illuminate\\Http\\Request))
#28 /home/berandah/subdomains/panel.berandahukum.com/vendor/laravel/framework/src/Illuminate/Pipeline/Pipeline.php(167): Illuminate\\Cookie\\Middleware\\EncryptCookies->handle(Object(Illuminate\\Http\\Request), Object(Closure))
#29 /home/berandah/subdomains/panel.berandahukum.com/vendor/laravel/framework/src/Illuminate/Pipeline/Pipeline.php(103): Illuminate\\Pipeline\\Pipeline->Illuminate\\Pipeline\\{closure}(Object(Illuminate\\Http\\Request))
#30 /home/berandah/subdomains/panel.berandahukum.com/vendor/laravel/framework/src/Illuminate/Routing/Router.php(695): Illuminate\\Pipeline\\Pipeline->then(Object(Closure))
#31 /home/berandah/subdomains/panel.berandahukum.com/vendor/laravel/framework/src/Illuminate/Routing/Router.php(670): Illuminate\\Routing\\Router->runRouteWithinStack(Object(Illuminate\\Routing\\Route), Object(Illuminate\\Http\\Request))
#32 /home/berandah/subdomains/panel.berandahukum.com/vendor/laravel/framework/src/Illuminate/Routing/Router.php(636): Illuminate\\Routing\\Router->runRoute(Object(Illuminate\\Http\\Request), Object(Illuminate\\Routing\\Route))
#33 /home/berandah/subdomains/panel.berandahukum.com/vendor/laravel/framework/src/Illuminate/Routing/Router.php(625): Illuminate\\Routing\\Router->dispatchToRoute(Object(Illuminate\\Http\\Request))
#34 /home/berandah/subdomains/panel.berandahukum.com/vendor/laravel/framework/src/Illuminate/Foundation/Http/Kernel.php(166): Illuminate\\Routing\\Router->dispatch(Object(Illuminate\\Http\\Request))
#35 /home/berandah/subdomains/panel.berandahukum.com/vendor/laravel/framework/src/Illuminate/Pipeline/Pipeline.php(128): Illuminate\\Foundation\\Http\\Kernel->Illuminate\\Foundation\\Http\\{closure}(Object(Illuminate\\Http\\Request))
#36 /home/berandah/subdomains/panel.berandahukum.com/vendor/laravel/framework/src/Illuminate/Foundation/Http/Middleware/TransformsRequest.php(21): Illuminate\\Pipeline\\Pipeline->Illuminate\\Pipeline\\{closure}(Object(Illuminate\\Http\\Request))
#37 /home/berandah/subdomains/panel.berandahukum.com/vendor/laravel/framework/src/Illuminate/Pipeline/Pipeline.php(167): Illuminate\\Foundation\\Http\\Middleware\\TransformsRequest->handle(Object(Illuminate\\Http\\Request), Object(Closure))
#38 /home/berandah/subdomains/panel.berandahukum.com/vendor/laravel/framework/src/Illuminate/Foundation/Http/Middleware/TransformsRequest.php(21): Illuminate\\Pipeline\\Pipeline->Illuminate\\Pipeline\\{closure}(Object(Illuminate\\Http\\Request))
#39 /home/berandah/subdomains/panel.berandahukum.com/vendor/laravel/framework/src/Illuminate/Pipeline/Pipeline.php(167): Illuminate\\Foundation\\Http\\Middleware\\TransformsRequest->handle(Object(Illuminate\\Http\\Request), Object(Closure))
#40 /home/berandah/subdomains/panel.berandahukum.com/vendor/laravel/framework/src/Illuminate/Foundation/Http/Middleware/ValidatePostSize.php(27): Illuminate\\Pipeline\\Pipeline->Illuminate\\Pipeline\\{closure}(Object(Illuminate\\Http\\Request))
#41 /home/berandah/subdomains/panel.berandahukum.com/vendor/laravel/framework/src/Illuminate/Pipeline/Pipeline.php(167): Illuminate\\Foundation\\Http\\Middleware\\ValidatePostSize->handle(Object(Illuminate\\Http\\Request), Object(Closure))
#42 /home/berandah/subdomains/panel.berandahukum.com/vendor/laravel/framework/src/Illuminate/Foundation/Http/Middleware/PreventRequestsDuringMaintenance.php(86): Illuminate\\Pipeline\\Pipeline->Illuminate\\Pipeline\\{closure}(Object(Illuminate\\Http\\Request))
#43 /home/berandah/subdomains/panel.berandahukum.com/vendor/laravel/framework/src/Illuminate/Pipeline/Pipeline.php(167): Illuminate\\Foundation\\Http\\Middleware\\PreventRequestsDuringMaintenance->handle(Object(Illuminate\\Http\\Request), Object(Closure))
#44 /home/berandah/subdomains/panel.berandahukum.com/vendor/fruitcake/laravel-cors/src/HandleCors.php(37): Illuminate\\Pipeline\\Pipeline->Illuminate\\Pipeline\\{closure}(Object(Illuminate\\Http\\Request))
#45 /home/berandah/subdomains/panel.berandahukum.com/vendor/laravel/framework/src/Illuminate/Pipeline/Pipeline.php(167): Fruitcake\\Cors\\HandleCors->handle(Object(Illuminate\\Http\\Request), Object(Closure))
#46 /home/berandah/subdomains/panel.berandahukum.com/vendor/fideloper/proxy/src/TrustProxies.php(57): Illuminate\\Pipeline\\Pipeline->Illuminate\\Pipeline\\{closure}(Object(Illuminate\\Http\\Request))
#47 /home/berandah/subdomains/panel.berandahukum.com/vendor/laravel/framework/src/Illuminate/Pipeline/Pipeline.php(167): Fideloper\\Proxy\\TrustProxies->handle(Object(Illuminate\\Http\\Request), Object(Closure))
#48 /home/berandah/subdomains/panel.berandahukum.com/vendor/laravel/framework/src/Illuminate/Pipeline/Pipeline.php(103): Illuminate\\Pipeline\\Pipeline->Illuminate\\Pipeline\\{closure}(Object(Illuminate\\Http\\Request))
#49 /home/berandah/subdomains/panel.berandahukum.com/vendor/laravel/framework/src/Illuminate/Foundation/Http/Kernel.php(141): Illuminate\\Pipeline\\Pipeline->then(Object(Closure))
#50 /home/berandah/subdomains/panel.berandahukum.com/vendor/laravel/framework/src/Illuminate/Foundation/Http/Kernel.php(110): Illuminate\\Foundation\\Http\\Kernel->sendRequestThroughRouter(Object(Illuminate\\Http\\Request))
#51 /home/berandah/subdomains/panel.berandahukum.com/public/index.php(52): Illuminate\\Foundation\\Http\\Kernel->handle(Object(Illuminate\\Http\\Request))
#52 {main}

[previous exception] [object] (PDOException(code: 42S22): SQLSTATE[42S22]: Column not found: 1054 Unknown column 'jenis_brang' in 'SET' at /home/berandah/subdomains/panel.berandahukum.com/vendor/laravel/framework/src/Illuminate/Database/Connection.php:492)
[stacktrace]
#0 /home/berandah/subdomains/panel.berandahukum.com/vendor/laravel/framework/src/Illuminate/Database/Connection.php(492): PDO->prepare('update `pos` se...')
#1 /home/berandah/subdomains/panel.berandahukum.com/vendor/laravel/framework/src/Illuminate/Database/Connection.php(671): Illuminate\\Database\\Connection->Illuminate\\Database\\{closure}('update `pos` se...', Array)
#2 /home/berandah/subdomains/panel.berandahukum.com/vendor/laravel/framework/src/Illuminate/Database/Connection.php(638): Illuminate\\Database\\Connection->runQueryCallback('update `pos` se...', Array, Object(Closure))
#3 /home/berandah/subdomains/panel.berandahukum.com/vendor/laravel/framework/src/Illuminate/Database/Connection.php(503): Illuminate\\Database\\Connection->run('update `pos` se...', Array, Object(Closure))
#4 /home/berandah/subdomains/panel.berandahukum.com/vendor/laravel/framework/src/Illuminate/Database/Connection.php(436): Illuminate\\Database\\Connection->affectingStatement('update `pos` se...', Array)
#5 /home/berandah/subdomains/panel.berandahukum.com/vendor/laravel/framework/src/Illuminate/Database/Query/Builder.php(2913): Illuminate\\Database\\Connection->update('update `pos` se...', Array)
#6 /home/berandah/subdomains/panel.berandahukum.com/vendor/laravel/framework/src/Illuminate/Database/Eloquent/Builder.php(841): Illuminate\\Database\\Query\\Builder->update(Array)
#7 /home/berandah/subdomains/panel.berandahukum.com/app/Http/Controllers/PoController.php(308): Illuminate\\Database\\Eloquent\\Builder->update(Array)
#8 /home/berandah/subdomains/panel.berandahukum.com/vendor/laravel/framework/src/Illuminate/Routing/Controller.php(54): App\\Http\\Controllers\\PoController->update(Object(Illuminate\\Http\\Request), '340')
#9 /home/berandah/subdomains/panel.berandahukum.com/vendor/laravel/framework/src/Illuminate/Routing/ControllerDispatcher.php(45): Illuminate\\Routing\\Controller->callAction('update', Array)
#10 /home/berandah/subdomains/panel.berandahukum.com/vendor/laravel/framework/src/Illuminate/Routing/Route.php(254): Illuminate\\Routing\\ControllerDispatcher->dispatch(Object(Illuminate\\Routing\\Route), Object(App\\Http\\Controllers\\PoController), 'update')
#11 /home/berandah/subdomains/panel.berandahukum.com/vendor/laravel/framework/src/Illuminate/Routing/Route.php(197): Illuminate\\Routing\\Route->runController()
#12 /home/berandah/subdomains/panel.berandahukum.com/vendor/laravel/framework/src/Illuminate/Routing/Router.php(693): Illuminate\\Routing\\Route->run()
#13 /home/berandah/subdomains/panel.berandahukum.com/vendor/laravel/framework/src/Illuminate/Pipeline/Pipeline.php(128): Illuminate\\Routing\\Router->Illuminate\\Routing\\{closure}(Object(Illuminate\\Http\\Request))
#14 /home/berandah/subdomains/panel.berandahukum.com/app/Http/Middleware/CheckBlockedIp.php(22): Illuminate\\Pipeline\\Pipeline->Illuminate\\Pipeline\\{closure}(Object(Illuminate\\Http\\Request))
#15 /home/berandah/subdomains/panel.berandahukum.com/vendor/laravel/framework/src/Illuminate/Pipeline/Pipeline.php(167): App\\Http\\Middleware\\CheckBlockedIp->handle(Object(Illuminate\\Http\\Request), Object(Closure))
#16 /home/berandah/subdomains/panel.berandahukum.com/vendor/laravel/framework/src/Illuminate/Routing/Middleware/SubstituteBindings.php(50): Illuminate\\Pipeline\\Pipeline->Illuminate\\Pipeline\\{closure}(Object(Illuminate\\Http\\Request))
#17 /home/berandah/subdomains/panel.berandahukum.com/vendor/laravel/framework/src/Illuminate/Pipeline/Pipeline.php(167): Illuminate\\Routing\\Middleware\\SubstituteBindings->handle(Object(Illuminate\\Http\\Request), Object(Closure))
#18 /home/berandah/subdomains/panel.berandahukum.com/vendor/laravel/framework/src/Illuminate/Auth/Middleware/Authenticate.php(44): Illuminate\\Pipeline\\Pipeline->Illuminate\\Pipeline\\{closure}(Object(Illuminate\\Http\\Request))
#19 /home/berandah/subdomains/panel.berandahukum.com/vendor/laravel/framework/src/Illuminate/Pipeline/Pipeline.php(167): Illuminate\\Auth\\Middleware\\Authenticate->handle(Object(Illuminate\\Http\\Request), Object(Closure))
#20 /home/berandah/subdomains/panel.berandahukum.com/vendor/laravel/framework/src/Illuminate/Foundation/Http/Middleware/VerifyCsrfToken.php(78): Illuminate\\Pipeline\\Pipeline->Illuminate\\Pipeline\\{closure}(Object(Illuminate\\Http\\Request))
#21 /home/berandah/subdomains/panel.berandahukum.com/vendor/laravel/framework/src/Illuminate/Pipeline/Pipeline.php(167): Illuminate\\Foundation\\Http\\Middleware\\VerifyCsrfToken->handle(Object(Illuminate\\Http\\Request), Object(Closure))
#22 /home/berandah/subdomains/panel.berandahukum.com/vendor/laravel/framework/src/Illuminate/View/Middleware/ShareErrorsFromSession.php(49): Illuminate\\Pipeline\\Pipeline->Illuminate\\Pipeline\\{closure}(Object(Illuminate\\Http\\Request))
#23 /home/berandah/subdomains/panel.berandahukum.com/vendor/laravel/framework/src/Illuminate/Pipeline/Pipeline.php(167): Illuminate\\View\\Middleware\\ShareErrorsFromSession->handle(Object(Illuminate\\Http\\Request), Object(Closure))
#24 /home/berandah/subdomains/panel.berandahukum.com/vendor/laravel/framework/src/Illuminate/Session/Middleware/StartSession.php(121): Illuminate\\Pipeline\\Pipeline->Illuminate\\Pipeline\\{closure}(Object(Illuminate\\Http\\Request))
#25 /home/berandah/subdomains/panel.berandahukum.com/vendor/laravel/framework/src/Illuminate/Session/Middleware/StartSession.php(63): Illuminate\\Session\\Middleware\\StartSession->handleStatefulRequest(Object(Illuminate\\Http\\Request), Object(Illuminate\\Session\\Store), Object(Closure))
#26 /home/berandah/subdomains/panel.berandahukum.com/vendor/laravel/framework/src/Illuminate/Pipeline/Pipeline.php(167): Illuminate\\Session\\Middleware\\StartSession->handle(Object(Illuminate\\Http\\Request), Object(Closure))
#27 /home/berandah/subdomains/panel.berandahukum.com/vendor/laravel/framework/src/Illuminate/Cookie/Middleware/AddQueuedCookiesToResponse.php(37): Illuminate\\Pipeline\\Pipeline->Illuminate\\Pipeline\\{closure}(Object(Illuminate\\Http\\Request))
#28 /home/berandah/subdomains/panel.berandahukum.com/vendor/laravel/framework/src/Illuminate/Pipeline/Pipeline.php(167): Illuminate\\Cookie\\Middleware\\AddQueuedCookiesToResponse->handle(Object(Illuminate\\Http\\Request), Object(Closure))
#29 /home/berandah/subdomains/panel.berandahukum.com/vendor/laravel/framework/src/Illuminate/Cookie/Middleware/EncryptCookies.php(67): Illuminate\\Pipeline\\Pipeline->Illuminate\\Pipeline\\{closure}(Object(Illuminate\\Http\\Request))
#30 /home/berandah/subdomains/panel.berandahukum.com/vendor/laravel/framework/src/Illuminate/Pipeline/Pipeline.php(167): Illuminate\\Cookie\\Middleware\\EncryptCookies->handle(Object(Illuminate\\Http\\Request), Object(Closure))
#31 /home/berandah/subdomains/panel.berandahukum.com/vendor/laravel/framework/src/Illuminate/Pipeline/Pipeline.php(103): Illuminate\\Pipeline\\Pipeline->Illuminate\\Pipeline\\{closure}(Object(Illuminate\\Http\\Request))
#32 /home/berandah/subdomains/panel.berandahukum.com/vendor/laravel/framework/src/Illuminate/Routing/Router.php(695): Illuminate\\Pipeline\\Pipeline->then(Object(Closure))
#33 /home/berandah/subdomains/panel.berandahukum.com/vendor/laravel/framework/src/Illuminate/Routing/Router.php(670): Illuminate\\Routing\\Router->runRouteWithinStack(Object(Illuminate\\Routing\\Route), Object(Illuminate\\Http\\Request))
#34 /home/berandah/subdomains/panel.berandahukum.com/vendor/laravel/framework/src/Illuminate/Routing/Router.php(636): Illuminate\\Routing\\Router->runRoute(Object(Illuminate\\Http\\Request), Object(Illuminate\\Routing\\Route))
#35 /home/berandah/subdomains/panel.berandahukum.com/vendor/laravel/framework/src/Illuminate/Routing/Router.php(625): Illuminate\\Routing\\Router->dispatchToRoute(Object(Illuminate\\Http\\Request))
#36 /home/berandah/subdomains/panel.berandahukum.com/vendor/laravel/framework/src/Illuminate/Foundation/Http/Kernel.php(166): Illuminate\\Routing\\Router->dispatch(Object(Illuminate\\Http\\Request))
#37 /home/berandah/subdomains/panel.berandahukum.com/vendor/laravel/framework/src/Illuminate/Pipeline/Pipeline.php(128): Illuminate\\Foundation\\Http\\Kernel->Illuminate\\Foundation\\Http\\{closure}(Object(Illuminate\\Http\\Request))
#38 /home/berandah/subdomains/panel.berandahukum.com/vendor/laravel/framework/src/Illuminate/Foundation/Http/Middleware/TransformsRequest.php(21): Illuminate\\Pipeline\\Pipeline->Illuminate\\Pipeline\\{closure}(Object(Illuminate\\Http\\Request))
#39 /home/berandah/subdomains/panel.berandahukum.com/vendor/laravel/framework/src/Illuminate/Pipeline/Pipeline.php(167): Illuminate\\Foundation\\Http\\Middleware\\TransformsRequest->handle(Object(Illuminate\\Http\\Request), Object(Closure))
#40 /home/berandah/subdomains/panel.berandahukum.com/vendor/laravel/framework/src/Illuminate/Foundation/Http/Middleware/TransformsRequest.php(21): Illuminate\\Pipeline\\Pipeline->Illuminate\\Pipeline\\{closure}(Object(Illuminate\\Http\\Request))
#41 /home/berandah/subdomains/panel.berandahukum.com/vendor/laravel/framework/src/Illuminate/Pipeline/Pipeline.php(167): Illuminate\\Foundation\\Http\\Middleware\\TransformsRequest->handle(Object(Illuminate\\Http\\Request), Object(Closure))
#42 /home/berandah/subdomains/panel.berandahukum.com/vendor/laravel/framework/src/Illuminate/Foundation/Http/Middleware/ValidatePostSize.php(27): Illuminate\\Pipeline\\Pipeline->Illuminate\\Pipeline\\{closure}(Object(Illuminate\\Http\\Request))
#43 /home/berandah/subdomains/panel.berandahukum.com/vendor/laravel/framework/src/Illuminate/Pipeline/Pipeline.php(167): Illuminate\\Foundation\\Http\\Middleware\\ValidatePostSize->handle(Object(Illuminate\\Http\\Request), Object(Closure))
#44 /home/berandah/subdomains/panel.berandahukum.com/vendor/laravel/framework/src/Illuminate/Foundation/Http/Middleware/PreventRequestsDuringMaintenance.php(86): Illuminate\\Pipeline\\Pipeline->Illuminate\\Pipeline\\{closure}(Object(Illuminate\\Http\\Request))
#45 /home/berandah/subdomains/panel.berandahukum.com/vendor/laravel/framework/src/Illuminate/Pipeline/Pipeline.php(167): Illuminate\\Foundation\\Http\\Middleware\\PreventRequestsDuringMaintenance->handle(Object(Illuminate\\Http\\Request), Object(Closure))
#46 /home/berandah/subdomains/panel.berandahukum.com/vendor/fruitcake/laravel-cors/src/HandleCors.php(37): Illuminate\\Pipeline\\Pipeline->Illuminate\\Pipeline\\{closure}(Object(Illuminate\\Http\\Request))
#47 /home/berandah/subdomains/panel.berandahukum.com/vendor/laravel/framework/src/Illuminate/Pipeline/Pipeline.php(167): Fruitcake\\Cors\\HandleCors->handle(Object(Illuminate\\Http\\Request), Object(Closure))
#48 /home/berandah/subdomains/panel.berandahukum.com/vendor/fideloper/proxy/src/TrustProxies.php(57): Illuminate\\Pipeline\\Pipeline->Illuminate\\Pipeline\\{closure}(Object(Illuminate\\Http\\Request))
#49 /home/berandah/subdomains/panel.berandahukum.com/vendor/laravel/framework/src/Illuminate/Pipeline/Pipeline.php(167): Fideloper\\Proxy\\TrustProxies->handle(Object(Illuminate\\Http\\Request), Object(Closure))
#50 /home/berandah/subdomains/panel.berandahukum.com/vendor/laravel/framework/src/Illuminate/Pipeline/Pipeline.php(103): Illuminate\\Pipeline\\Pipeline->Illuminate\\Pipeline\\{closure}(Object(Illuminate\\Http\\Request))
#51 /home/berandah/subdomains/panel.berandahukum.com/vendor/laravel/framework/src/Illuminate/Foundation/Http/Kernel.php(141): Illuminate\\Pipeline\\Pipeline->then(Object(Closure))
#52 /home/berandah/subdomains/panel.berandahukum.com/vendor/laravel/framework/src/Illuminate/Foundation/Http/Kernel.php(110): Illuminate\\Foundation\\Http\\Kernel->sendRequestThroughRouter(Object(Illuminate\\Http\\Request))
#53 /home/berandah/subdomains/panel.berandahukum.com/public/index.php(52): Illuminate\\Foundation\\Http\\Kernel->handle(Object(Illuminate\\Http\\Request))
#54 {main}
"} 
[2026-08-20 22:53:23] local.ERROR: SQLSTATE[42S22]: Column not found: 1054 Unknown column 'jenis_brang' in 'SET' (SQL: update `pos` set `date` = 2026-08-20, `kode_po` = PO - 0000340, `nama_purchase` = Nedi Kusnaedi, `supplier_id` = 24, `nama_supplier` = PT Prima Audio Indonesia, `alamat_supplier` = Jakarta, `telepon` = ?, `toko_id` = 1, `nama_sales` = Bapak Zaenal, `subtotal` = 105255000, `po_dp` = 0, `ppn` = 0, `status` = 1, `status_terima` = 0, `status_bayar` = 0, `show_tempo` = 0, `jatuh_tempo` = 2026-08-20, `alamat_kirim` = Melindastore 
Jl Holtikultura No,11 
Pasar Minggu, Jakarta Selatan, `jenis_brang` = ., `keterangan` = ?, `pos`.`updated_at` = 2026-08-20 22:53:23 where `id` = 340 and `pos`.`deleted_at` is null) {"userId":36,"exception":"[object] (Illuminate\\Database\\QueryException(code: 42S22): SQLSTATE[42S22]: Column not found: 1054 Unknown column 'jenis_brang' in 'SET' (SQL: update `pos` set `date` = 2026-08-20, `kode_po` = PO - 0000340, `nama_purchase` = Nedi Kusnaedi, `supplier_id` = 24, `nama_supplier` = PT Prima Audio Indonesia, `alamat_supplier` = Jakarta, `telepon` = ?, `toko_id` = 1, `nama_sales` = Bapak Zaenal, `subtotal` = 105255000, `po_dp` = 0, `ppn` = 0, `status` = 1, `status_terima` = 0, `status_bayar` = 0, `show_tempo` = 0, `jatuh_tempo` = 2026-08-20, `alamat_kirim` = Melindastore 
Jl Holtikultura No,11 
Pasar Minggu, Jakarta Selatan, `jenis_brang` = ., `keterangan` = ?, `pos`.`updated_at` = 2026-08-20 22:53:23 where `id` = 340 and `pos`.`deleted_at` is null) at /home/berandah/subdomains/panel.berandahukum.com/vendor/laravel/framework/src/Illuminate/Database/Connection.php:678)
[stacktrace]
#0 /home/berandah/subdomains/panel.berandahukum.com/vendor/laravel/framework/src/Illuminate/Database/Connection.php(638): Illuminate\\Database\\Connection->runQueryCallback('update `pos` se...', Array, Object(Closure))
#1 /home/berandah/subdomains/panel.berandahukum.com/vendor/laravel/framework/src/Illuminate/Database/Connection.php(503): Illuminate\\Database\\Connection->run('update `pos` se...', Array, Object(Closure))
#2 /home/berandah/subdomains/panel.berandahukum.com/vendor/laravel/framework/src/Illuminate/Database/Connection.php(436): Illuminate\\Database\\Connection->affectingStatement('update `pos` se...', Array)
#3 /home/berandah/subdomains/panel.berandahukum.com/vendor/laravel/framework/src/Illuminate/Database/Query/Builder.php(2913): Illuminate\\Database\\Connection->update('update `pos` se...', Array)
#4 /home/berandah/subdomains/panel.berandahukum.com/vendor/laravel/framework/src/Illuminate/Database/Eloquent/Builder.php(841): Illuminate\\Database\\Query\\Builder->update(Array)
#5 /home/berandah/subdomains/panel.berandahukum.com/app/Http/Controllers/PoController.php(308): Illuminate\\Database\\Eloquent\\Builder->update(Array)
#6 /home/berandah/subdomains/panel.berandahukum.com/vendor/laravel/framework/src/Illuminate/Routing/Controller.php(54): App\\Http\\Controllers\\PoController->update(Object(Illuminate\\Http\\Request), '340')
#7 /home/berandah/subdomains/panel.berandahukum.com/vendor/laravel/framework/src/Illuminate/Routing/ControllerDispatcher.php(45): Illuminate\\Routing\\Controller->callAction('update', Array)
#8 /home/berandah/subdomains/panel.berandahukum.com/vendor/laravel/framework/src/Illuminate/Routing/Route.php(254): Illuminate\\Routing\\ControllerDispatcher->dispatch(Object(Illuminate\\Routing\\Route), Object(App\\Http\\Controllers\\PoController), 'update')
#9 /home/berandah/subdomains/panel.berandahukum.com/vendor/laravel/framework/src/Illuminate/Routing/Route.php(197): Illuminate\\Routing\\Route->runController()
#10 /home/berandah/subdomains/panel.berandahukum.com/vendor/laravel/framework/src/Illuminate/Routing/Router.php(693): Illuminate\\Routing\\Route->run()
#11 /home/berandah/subdomains/panel.berandahukum.com/vendor/laravel/framework/src/Illuminate/Pipeline/Pipeline.php(128): Illuminate\\Routing\\Router->Illuminate\\Routing\\{closure}(Object(Illuminate\\Http\\Request))
#12 /home/berandah/subdomains/panel.berandahukum.com/app/Http/Middleware/CheckBlockedIp.php(22): Illuminate\\Pipeline\\Pipeline->Illuminate\\Pipeline\\{closure}(Object(Illuminate\\Http\\Request))
#13 /home/berandah/subdomains/panel.berandahukum.com/vendor/laravel/framework/src/Illuminate/Pipeline/Pipeline.php(167): App\\Http\\Middleware\\CheckBlockedIp->handle(Object(Illuminate\\Http\\Request), Object(Closure))
#14 /home/berandah/subdomains/panel.berandahukum.com/vendor/laravel/framework/src/Illuminate/Routing/Middleware/SubstituteBindings.php(50): Illuminate\\Pipeline\\Pipeline->Illuminate\\Pipeline\\{closure}(Object(Illuminate\\Http\\Request))
#15 /home/berandah/subdomains/panel.berandahukum.com/vendor/laravel/framework/src/Illuminate/Pipeline/Pipeline.php(167): Illuminate\\Routing\\Middleware\\SubstituteBindings->handle(Object(Illuminate\\Http\\Request), Object(Closure))
#16 /home/berandah/subdomains/panel.berandahukum.com/vendor/laravel/framework/src/Illuminate/Auth/Middleware/Authenticate.php(44): Illuminate\\Pipeline\\Pipeline->Illuminate\\Pipeline\\{closure}(Object(Illuminate\\Http\\Request))
#17 /home/berandah/subdomains/panel.berandahukum.com/vendor/laravel/framework/src/Illuminate/Pipeline/Pipeline.php(167): Illuminate\\Auth\\Middleware\\Authenticate->handle(Object(Illuminate\\Http\\Request), Object(Closure))
#18 /home/berandah/subdomains/panel.berandahukum.com/vendor/laravel/framework/src/Illuminate/Foundation/Http/Middleware/VerifyCsrfToken.php(78): Illuminate\\Pipeline\\Pipeline->Illuminate\\Pipeline\\{closure}(Object(Illuminate\\Http\\Request))
#19 /home/berandah/subdomains/panel.berandahukum.com/vendor/laravel/framework/src/Illuminate/Pipeline/Pipeline.php(167): Illuminate\\Foundation\\Http\\Middleware\\VerifyCsrfToken->handle(Object(Illuminate\\Http\\Request), Object(Closure))
#20 /home/berandah/subdomains/panel.berandahukum.com/vendor/laravel/framework/src/Illuminate/View/Middleware/ShareErrorsFromSession.php(49): Illuminate\\Pipeline\\Pipeline->Illuminate\\Pipeline\\{closure}(Object(Illuminate\\Http\\Request))
#21 /home/berandah/subdomains/panel.berandahukum.com/vendor/laravel/framework/src/Illuminate/Pipeline/Pipeline.php(167): Illuminate\\View\\Middleware\\ShareErrorsFromSession->handle(Object(Illuminate\\Http\\Request), Object(Closure))
#22 /home/berandah/subdomains/panel.berandahukum.com/vendor/laravel/framework/src/Illuminate/Session/Middleware/StartSession.php(121): Illuminate\\Pipeline\\Pipeline->Illuminate\\Pipeline\\{closure}(Object(Illuminate\\Http\\Request))
#23 /home/berandah/subdomains/panel.berandahukum.com/vendor/laravel/framework/src/Illuminate/Session/Middleware/StartSession.php(63): Illuminate\\Session\\Middleware\\StartSession->handleStatefulRequest(Object(Illuminate\\Http\\Request), Object(Illuminate\\Session\\Store), Object(Closure))
#24 /home/berandah/subdomains/panel.berandahukum.com/vendor/laravel/framework/src/Illuminate/Pipeline/Pipeline.php(167): Illuminate\\Session\\Middleware\\StartSession->handle(Object(Illuminate\\Http\\Request), Object(Closure))
#25 /home/berandah/subdomains/panel.berandahukum.com/vendor/laravel/framework/src/Illuminate/Cookie/Middleware/AddQueuedCookiesToResponse.php(37): Illuminate\\Pipeline\\Pipeline->Illuminate\\Pipeline\\{closure}(Object(Illuminate\\Http\\Request))
#26 /home/berandah/subdomains/panel.berandahukum.com/vendor/laravel/framework/src/Illuminate/Pipeline/Pipeline.php(167): Illuminate\\Cookie\\Middleware\\AddQueuedCookiesToResponse->handle(Object(Illuminate\\Http\\Request), Object(Closure))
#27 /home/berandah/subdomains/panel.berandahukum.com/vendor/laravel/framework/src/Illuminate/Cookie/Middleware/EncryptCookies.php(67): Illuminate\\Pipeline\\Pipeline->Illuminate\\Pipeline\\{closure}(Object(Illuminate\\Http\\Request))
#28 /home/berandah/subdomains/panel.berandahukum.com/vendor/laravel/framework/src/Illuminate/Pipeline/Pipeline.php(167): Illuminate\\Cookie\\Middleware\\EncryptCookies->handle(Object(Illuminate\\Http\\Request), Object(Closure))
#29 /home/berandah/subdomains/panel.berandahukum.com/vendor/laravel/framework/src/Illuminate/Pipeline/Pipeline.php(103): Illuminate\\Pipeline\\Pipeline->Illuminate\\Pipeline\\{closure}(Object(Illuminate\\Http\\Request))
#30 /home/berandah/subdomains/panel.berandahukum.com/vendor/laravel/framework/src/Illuminate/Routing/Router.php(695): Illuminate\\Pipeline\\Pipeline->then(Object(Closure))
#31 /home/berandah/subdomains/panel.berandahukum.com/vendor/laravel/framework/src/Illuminate/Routing/Router.php(670): Illuminate\\Routing\\Router->runRouteWithinStack(Object(Illuminate\\Routing\\Route), Object(Illuminate\\Http\\Request))
#32 /home/berandah/subdomains/panel.berandahukum.com/vendor/laravel/framework/src/Illuminate/Routing/Router.php(636): Illuminate\\Routing\\Router->runRoute(Object(Illuminate\\Http\\Request), Object(Illuminate\\Routing\\Route))
#33 /home/berandah/subdomains/panel.berandahukum.com/vendor/laravel/framework/src/Illuminate/Routing/Router.php(625): Illuminate\\Routing\\Router->dispatchToRoute(Object(Illuminate\\Http\\Request))
#34 /home/berandah/subdomains/panel.berandahukum.com/vendor/laravel/framework/src/Illuminate/Foundation/Http/Kernel.php(166): Illuminate\\Routing\\Router->dispatch(Object(Illuminate\\Http\\Request))
#35 /home/berandah/subdomains/panel.berandahukum.com/vendor/laravel/framework/src/Illuminate/Pipeline/Pipeline.php(128): Illuminate\\Foundation\\Http\\Kernel->Illuminate\\Foundation\\Http\\{closure}(Object(Illuminate\\Http\\Request))
#36 /home/berandah/subdomains/panel.berandahukum.com/vendor/laravel/framework/src/Illuminate/Foundation/Http/Middleware/TransformsRequest.php(21): Illuminate\\Pipeline\\Pipeline->Illuminate\\Pipeline\\{closure}(Object(Illuminate\\Http\\Request))
#37 /home/berandah/subdomains/panel.berandahukum.com/vendor/laravel/framework/src/Illuminate/Pipeline/Pipeline.php(167): Illuminate\\Foundation\\Http\\Middleware\\TransformsRequest->handle(Object(Illuminate\\Http\\Request), Object(Closure))
#38 /home/berandah/subdomains/panel.berandahukum.com/vendor/laravel/framework/src/Illuminate/Foundation/Http/Middleware/TransformsRequest.php(21): Illuminate\\Pipeline\\Pipeline->Illuminate\\Pipeline\\{closure}(Object(Illuminate\\Http\\Request))
#39 /home/berandah/subdomains/panel.berandahukum.com/vendor/laravel/framework/src/Illuminate/Pipeline/Pipeline.php(167): Illuminate\\Foundation\\Http\\Middleware\\TransformsRequest->handle(Object(Illuminate\\Http\\Request), Object(Closure))
#40 /home/berandah/subdomains/panel.berandahukum.com/vendor/laravel/framework/src/Illuminate/Foundation/Http/Middleware/ValidatePostSize.php(27): Illuminate\\Pipeline\\Pipeline->Illuminate\\Pipeline\\{closure}(Object(Illuminate\\Http\\Request))
#41 /home/berandah/subdomains/panel.berandahukum.com/vendor/laravel/framework/src/Illuminate/Pipeline/Pipeline.php(167): Illuminate\\Foundation\\Http\\Middleware\\ValidatePostSize->handle(Object(Illuminate\\Http\\Request), Object(Closure))
#42 /home/berandah/subdomains/panel.berandahukum.com/vendor/laravel/framework/src/Illuminate/Foundation/Http/Middleware/PreventRequestsDuringMaintenance.php(86): Illuminate\\Pipeline\\Pipeline->Illuminate\\Pipeline\\{closure}(Object(Illuminate\\Http\\Request))
#43 /home/berandah/subdomains/panel.berandahukum.com/vendor/laravel/framework/src/Illuminate/Pipeline/Pipeline.php(167): Illuminate\\Foundation\\Http\\Middleware\\PreventRequestsDuringMaintenance->handle(Object(Illuminate\\Http\\Request), Object(Closure))
#44 /home/berandah/subdomains/panel.berandahukum.com/vendor/fruitcake/laravel-cors/src/HandleCors.php(37): Illuminate\\Pipeline\\Pipeline->Illuminate\\Pipeline\\{closure}(Object(Illuminate\\Http\\Request))
#45 /home/berandah/subdomains/panel.berandahukum.com/vendor/laravel/framework/src/Illuminate/Pipeline/Pipeline.php(167): Fruitcake\\Cors\\HandleCors->handle(Object(Illuminate\\Http\\Request), Object(Closure))
#46 /home/berandah/subdomains/panel.berandahukum.com/vendor/fideloper/proxy/src/TrustProxies.php(57): Illuminate\\Pipeline\\Pipeline->Illuminate\\Pipeline\\{closure}(Object(Illuminate\\Http\\Request))
#47 /home/berandah/subdomains/panel.berandahukum.com/vendor/laravel/framework/src/Illuminate/Pipeline/Pipeline.php(167): Fideloper\\Proxy\\TrustProxies->handle(Object(Illuminate\\Http\\Request), Object(Closure))
#48 /home/berandah/subdomains/panel.berandahukum.com/vendor/laravel/framework/src/Illuminate/Pipeline/Pipeline.php(103): Illuminate\\Pipeline\\Pipeline->Illuminate\\Pipeline\\{closure}(Object(Illuminate\\Http\\Request))
#49 /home/berandah/subdomains/panel.berandahukum.com/vendor/laravel/framework/src/Illuminate/Foundation/Http/Kernel.php(141): Illuminate\\Pipeline\\Pipeline->then(Object(Closure))
#50 /home/berandah/subdomains/panel.berandahukum.com/vendor/laravel/framework/src/Illuminate/Foundation/Http/Kernel.php(110): Illuminate\\Foundation\\Http\\Kernel->sendRequestThroughRouter(Object(Illuminate\\Http\\Request))
#51 /home/berandah/subdomains/panel.berandahukum.com/public/index.php(52): Illuminate\\Foundation\\Http\\Kernel->handle(Object(Illuminate\\Http\\Request))
#52 {main}

[previous exception] [object] (PDOException(code: 42S22): SQLSTATE[42S22]: Column not found: 1054 Unknown column 'jenis_brang' in 'SET' at /home/berandah/subdomains/panel.berandahukum.com/vendor/laravel/framework/src/Illuminate/Database/Connection.php:492)
[stacktrace]
#0 /home/berandah/subdomains/panel.berandahukum.com/vendor/laravel/framework/src/Illuminate/Database/Connection.php(492): PDO->prepare('update `pos` se...')
#1 /home/berandah/subdomains/panel.berandahukum.com/vendor/laravel/framework/src/Illuminate/Database/Connection.php(671): Illuminate\\Database\\Connection->Illuminate\\Database\\{closure}('update `pos` se...', Array)
#2 /home/berandah/subdomains/panel.berandahukum.com/vendor/laravel/framework/src/Illuminate/Database/Connection.php(638): Illuminate\\Database\\Connection->runQueryCallback('update `pos` se...', Array, Object(Closure))
#3 /home/berandah/subdomains/panel.berandahukum.com/vendor/laravel/framework/src/Illuminate/Database/Connection.php(503): Illuminate\\Database\\Connection->run('update `pos` se...', Array, Object(Closure))
#4 /home/berandah/subdomains/panel.berandahukum.com/vendor/laravel/framework/src/Illuminate/Database/Connection.php(436): Illuminate\\Database\\Connection->affectingStatement('update `pos` se...', Array)
#5 /home/berandah/subdomains/panel.berandahukum.com/vendor/laravel/framework/src/Illuminate/Database/Query/Builder.php(2913): Illuminate\\Database\\Connection->update('update `pos` se...', Array)
#6 /home/berandah/subdomains/panel.berandahukum.com/vendor/laravel/framework/src/Illuminate/Database/Eloquent/Builder.php(841): Illuminate\\Database\\Query\\Builder->update(Array)
#7 /home/berandah/subdomains/panel.berandahukum.com/app/Http/Controllers/PoController.php(308): Illuminate\\Database\\Eloquent\\Builder->update(Array)
#8 /home/berandah/subdomains/panel.berandahukum.com/vendor/laravel/framework/src/Illuminate/Routing/Controller.php(54): App\\Http\\Controllers\\PoController->update(Object(Illuminate\\Http\\Request), '340')
#9 /home/berandah/subdomains/panel.berandahukum.com/vendor/laravel/framework/src/Illuminate/Routing/ControllerDispatcher.php(45): Illuminate\\Routing\\Controller->callAction('update', Array)
#10 /home/berandah/subdomains/panel.berandahukum.com/vendor/laravel/framework/src/Illuminate/Routing/Route.php(254): Illuminate\\Routing\\ControllerDispatcher->dispatch(Object(Illuminate\\Routing\\Route), Object(App\\Http\\Controllers\\PoController), 'update')
#11 /home/berandah/subdomains/panel.berandahukum.com/vendor/laravel/framework/src/Illuminate/Routing/Route.php(197): Illuminate\\Routing\\Route->runController()
#12 /home/berandah/subdomains/panel.berandahukum.com/vendor/laravel/framework/src/Illuminate/Routing/Router.php(693): Illuminate\\Routing\\Route->run()
#13 /home/berandah/subdomains/panel.berandahukum.com/vendor/laravel/framework/src/Illuminate/Pipeline/Pipeline.php(128): Illuminate\\Routing\\Router->Illuminate\\Routing\\{closure}(Object(Illuminate\\Http\\Request))
#14 /home/berandah/subdomains/panel.berandahukum.com/app/Http/Middleware/CheckBlockedIp.php(22): Illuminate\\Pipeline\\Pipeline->Illuminate\\Pipeline\\{closure}(Object(Illuminate\\Http\\Request))
#15 /home/berandah/subdomains/panel.berandahukum.com/vendor/laravel/framework/src/Illuminate/Pipeline/Pipeline.php(167): App\\Http\\Middleware\\CheckBlockedIp->handle(Object(Illuminate\\Http\\Request), Object(Closure))
#16 /home/berandah/subdomains/panel.berandahukum.com/vendor/laravel/framework/src/Illuminate/Routing/Middleware/SubstituteBindings.php(50): Illuminate\\Pipeline\\Pipeline->Illuminate\\Pipeline\\{closure}(Object(Illuminate\\Http\\Request))
#17 /home/berandah/subdomains/panel.berandahukum.com/vendor/laravel/framework/src/Illuminate/Pipeline/Pipeline.php(167): Illuminate\\Routing\\Middleware\\SubstituteBindings->handle(Object(Illuminate\\Http\\Request), Object(Closure))
#18 /home/berandah/subdomains/panel.berandahukum.com/vendor/laravel/framework/src/Illuminate/Auth/Middleware/Authenticate.php(44): Illuminate\\Pipeline\\Pipeline->Illuminate\\Pipeline\\{closure}(Object(Illuminate\\Http\\Request))
#19 /home/berandah/subdomains/panel.berandahukum.com/vendor/laravel/framework/src/Illuminate/Pipeline/Pipeline.php(167): Illuminate\\Auth\\Middleware\\Authenticate->handle(Object(Illuminate\\Http\\Request), Object(Closure))
#20 /home/berandah/subdomains/panel.berandahukum.com/vendor/laravel/framework/src/Illuminate/Foundation/Http/Middleware/VerifyCsrfToken.php(78): Illuminate\\Pipeline\\Pipeline->Illuminate\\Pipeline\\{closure}(Object(Illuminate\\Http\\Request))
#21 /home/berandah/subdomains/panel.berandahukum.com/vendor/laravel/framework/src/Illuminate/Pipeline/Pipeline.php(167): Illuminate\\Foundation\\Http\\Middleware\\VerifyCsrfToken->handle(Object(Illuminate\\Http\\Request), Object(Closure))
#22 /home/berandah/subdomains/panel.berandahukum.com/vendor/laravel/framework/src/Illuminate/View/Middleware/ShareErrorsFromSession.php(49): Illuminate\\Pipeline\\Pipeline->Illuminate\\Pipeline\\{closure}(Object(Illuminate\\Http\\Request))
#23 /home/berandah/subdomains/panel.berandahukum.com/vendor/laravel/framework/src/Illuminate/Pipeline/Pipeline.php(167): Illuminate\\View\\Middleware\\ShareErrorsFromSession->handle(Object(Illuminate\\Http\\Request), Object(Closure))
#24 /home/berandah/subdomains/panel.berandahukum.com/vendor/laravel/framework/src/Illuminate/Session/Middleware/StartSession.php(121): Illuminate\\Pipeline\\Pipeline->Illuminate\\Pipeline\\{closure}(Object(Illuminate\\Http\\Request))
#25 /home/berandah/subdomains/panel.berandahukum.com/vendor/laravel/framework/src/Illuminate/Session/Middleware/StartSession.php(63): Illuminate\\Session\\Middleware\\StartSession->handleStatefulRequest(Object(Illuminate\\Http\\Request), Object(Illuminate\\Session\\Store), Object(Closure))
#26 /home/berandah/subdomains/panel.berandahukum.com/vendor/laravel/framework/src/Illuminate/Pipeline/Pipeline.php(167): Illuminate\\Session\\Middleware\\StartSession->handle(Object(Illuminate\\Http\\Request), Object(Closure))
#27 /home/berandah/subdomains/panel.berandahukum.com/vendor/laravel/framework/src/Illuminate/Cookie/Middleware/AddQueuedCookiesToResponse.php(37): Illuminate\\Pipeline\\Pipeline->Illuminate\\Pipeline\\{closure}(Object(Illuminate\\Http\\Request))
#28 /home/berandah/subdomains/panel.berandahukum.com/vendor/laravel/framework/src/Illuminate/Pipeline/Pipeline.php(167): Illuminate\\Cookie\\Middleware\\AddQueuedCookiesToResponse->handle(Object(Illuminate\\Http\\Request), Object(Closure))
#29 /home/berandah/subdomains/panel.berandahukum.com/vendor/laravel/framework/src/Illuminate/Cookie/Middleware/EncryptCookies.php(67): Illuminate\\Pipeline\\Pipeline->Illuminate\\Pipeline\\{closure}(Object(Illuminate\\Http\\Request))
#30 /home/berandah/subdomains/panel.berandahukum.com/vendor/laravel/framework/src/Illuminate/Pipeline/Pipeline.php(167): Illuminate\\Cookie\\Middleware\\EncryptCookies->handle(Object(Illuminate\\Http\\Request), Object(Closure))
#31 /home/berandah/subdomains/panel.berandahukum.com/vendor/laravel/framework/src/Illuminate/Pipeline/Pipeline.php(103): Illuminate\\Pipeline\\Pipeline->Illuminate\\Pipeline\\{closure}(Object(Illuminate\\Http\\Request))
#32 /home/berandah/subdomains/panel.berandahukum.com/vendor/laravel/framework/src/Illuminate/Routing/Router.php(695): Illuminate\\Pipeline\\Pipeline->then(Object(Closure))
#33 /home/berandah/subdomains/panel.berandahukum.com/vendor/laravel/framework/src/Illuminate/Routing/Router.php(670): Illuminate\\Routing\\Router->runRouteWithinStack(Object(Illuminate\\Routing\\Route), Object(Illuminate\\Http\\Request))
#34 /home/berandah/subdomains/panel.berandahukum.com/vendor/laravel/framework/src/Illuminate/Routing/Router.php(636): Illuminate\\Routing\\Router->runRoute(Object(Illuminate\\Http\\Request), Object(Illuminate\\Routing\\Route))
#35 /home/berandah/subdomains/panel.berandahukum.com/vendor/laravel/framework/src/Illuminate/Routing/Router.php(625): Illuminate\\Routing\\Router->dispatchToRoute(Object(Illuminate\\Http\\Request))
#36 /home/berandah/subdomains/panel.berandahukum.com/vendor/laravel/framework/src/Illuminate/Foundation/Http/Kernel.php(166): Illuminate\\Routing\\Router->dispatch(Object(Illuminate\\Http\\Request))
#37 /home/berandah/subdomains/panel.berandahukum.com/vendor/laravel/framework/src/Illuminate/Pipeline/Pipeline.php(128): Illuminate\\Foundation\\Http\\Kernel->Illuminate\\Foundation\\Http\\{closure}(Object(Illuminate\\Http\\Request))
#38 /home/berandah/subdomains/panel.berandahukum.com/vendor/laravel/framework/src/Illuminate/Foundation/Http/Middleware/TransformsRequest.php(21): Illuminate\\Pipeline\\Pipeline->Illuminate\\Pipeline\\{closure}(Object(Illuminate\\Http\\Request))
#39 /home/berandah/subdomains/panel.berandahukum.com/vendor/laravel/framework/src/Illuminate/Pipeline/Pipeline.php(167): Illuminate\\Foundation\\Http\\Middleware\\TransformsRequest->handle(Object(Illuminate\\Http\\Request), Object(Closure))
#40 /home/berandah/subdomains/panel.berandahukum.com/vendor/laravel/framework/src/Illuminate/Foundation/Http/Middleware/TransformsRequest.php(21): Illuminate\\Pipeline\\Pipeline->Illuminate\\Pipeline\\{closure}(Object(Illuminate\\Http\\Request))
#41 /home/berandah/subdomains/panel.berandahukum.com/vendor/laravel/framework/src/Illuminate/Pipeline/Pipeline.php(167): Illuminate\\Foundation\\Http\\Middleware\\TransformsRequest->handle(Object(Illuminate\\Http\\Request), Object(Closure))
#42 /home/berandah/subdomains/panel.berandahukum.com/vendor/laravel/framework/src/Illuminate/Foundation/Http/Middleware/ValidatePostSize.php(27): Illuminate\\Pipeline\\Pipeline->Illuminate\\Pipeline\\{closure}(Object(Illuminate\\Http\\Request))
#43 /home/berandah/subdomains/panel.berandahukum.com/vendor/laravel/framework/src/Illuminate/Pipeline/Pipeline.php(167): Illuminate\\Foundation\\Http\\Middleware\\ValidatePostSize->handle(Object(Illuminate\\Http\\Request), Object(Closure))
#44 /home/berandah/subdomains/panel.berandahukum.com/vendor/laravel/framework/src/Illuminate/Foundation/Http/Middleware/PreventRequestsDuringMaintenance.php(86): Illuminate\\Pipeline\\Pipeline->Illuminate\\Pipeline\\{closure}(Object(Illuminate\\Http\\Request))
#45 /home/berandah/subdomains/panel.berandahukum.com/vendor/laravel/framework/src/Illuminate/Pipeline/Pipeline.php(167): Illuminate\\Foundation\\Http\\Middleware\\PreventRequestsDuringMaintenance->handle(Object(Illuminate\\Http\\Request), Object(Closure))
#46 /home/berandah/subdomains/panel.berandahukum.com/vendor/fruitcake/laravel-cors/src/HandleCors.php(37): Illuminate\\Pipeline\\Pipeline->Illuminate\\Pipeline\\{closure}(Object(Illuminate\\Http\\Request))
#47 /home/berandah/subdomains/panel.berandahukum.com/vendor/laravel/framework/src/Illuminate/Pipeline/Pipeline.php(167): Fruitcake\\Cors\\HandleCors->handle(Object(Illuminate\\Http\\Request), Object(Closure))
#48 /home/berandah/subdomains/panel.berandahukum.com/vendor/fideloper/proxy/src/TrustProxies.php(57): Illuminate\\Pipeline\\Pipeline->Illuminate\\Pipeline\\{closure}(Object(Illuminate\\Http\\Request))
#49 /home/berandah/subdomains/panel.berandahukum.com/vendor/laravel/framework/src/Illuminate/Pipeline/Pipeline.php(167): Fideloper\\Proxy\\TrustProxies->handle(Object(Illuminate\\Http\\Request), Object(Closure))
#50 /home/berandah/subdomains/panel.berandahukum.com/vendor/laravel/framework/src/Illuminate/Pipeline/Pipeline.php(103): Illuminate\\Pipeline\\Pipeline->Illuminate\\Pipeline\\{closure}(Object(Illuminate\\Http\\Request))
#51 /home/berandah/subdomains/panel.berandahukum.com/vendor/laravel/framework/src/Illuminate/Foundation/Http/Kernel.php(141): Illuminate\\Pipeline\\Pipeline->then(Object(Closure))
#52 /home/berandah/subdomains/panel.berandahukum.com/vendor/laravel/framework/src/Illuminate/Foundation/Http/Kernel.php(110): Illuminate\\Foundation\\Http\\Kernel->sendRequestThroughRouter(Object(Illuminate\\Http\\Request))
#53 /home/berandah/subdomains/panel.berandahukum.com/public/index.php(52): Illuminate\\Foundation\\Http\\Kernel->handle(Object(Illuminate\\Http\\Request))
#54 {main}
"} 
[2026-08-20 22:54:25] local.ERROR: SQLSTATE[42S22]: Column not found: 1054 Unknown column 'jenis_brang' in 'SET' (SQL: update `pos` set `date` = 2026-08-20, `kode_po` = PO - 0000340, `nama_purchase` = Nedi Kusnaedi, `supplier_id` = 24, `nama_supplier` = PT Prima Audio Indonesia, `alamat_supplier` = Jakarta, `telepon` = ?, `toko_id` = 1, `nama_sales` = Bapak Zaenal, `subtotal` = 105255000, `po_dp` = 0, `ppn` = 0, `status` = 1, `status_terima` = 0, `status_bayar` = 0, `show_tempo` = 0, `jatuh_tempo` = 2026-08-20, `alamat_kirim` = Melindastore 
Jl Holtikultura No,11 
Pasar Minggu, Jakarta Selatan, `jenis_brang` = ., `keterangan` = ?, `pos`.`updated_at` = 2026-08-20 22:54:25 where `id` = 340 and `pos`.`deleted_at` is null) {"userId":36,"exception":"[object] (Illuminate\\Database\\QueryException(code: 42S22): SQLSTATE[42S22]: Column not found: 1054 Unknown column 'jenis_brang' in 'SET' (SQL: update `pos` set `date` = 2026-08-20, `kode_po` = PO - 0000340, `nama_purchase` = Nedi Kusnaedi, `supplier_id` = 24, `nama_supplier` = PT Prima Audio Indonesia, `alamat_supplier` = Jakarta, `telepon` = ?, `toko_id` = 1, `nama_sales` = Bapak Zaenal, `subtotal` = 105255000, `po_dp` = 0, `ppn` = 0, `status` = 1, `status_terima` = 0, `status_bayar` = 0, `show_tempo` = 0, `jatuh_tempo` = 2026-08-20, `alamat_kirim` = Melindastore 
Jl Holtikultura No,11 
Pasar Minggu, Jakarta Selatan, `jenis_brang` = ., `keterangan` = ?, `pos`.`updated_at` = 2026-08-20 22:54:25 where `id` = 340 and `pos`.`deleted_at` is null) at /home/berandah/subdomains/panel.berandahukum.com/vendor/laravel/framework/src/Illuminate/Database/Connection.php:678)
[stacktrace]
#0 /home/berandah/subdomains/panel.berandahukum.com/vendor/laravel/framework/src/Illuminate/Database/Connection.php(638): Illuminate\\Database\\Connection->runQueryCallback('update `pos` se...', Array, Object(Closure))
#1 /home/berandah/subdomains/panel.berandahukum.com/vendor/laravel/framework/src/Illuminate/Database/Connection.php(503): Illuminate\\Database\\Connection->run('update `pos` se...', Array, Object(Closure))
#2 /home/berandah/subdomains/panel.berandahukum.com/vendor/laravel/framework/src/Illuminate/Database/Connection.php(436): Illuminate\\Database\\Connection->affectingStatement('update `pos` se...', Array)
#3 /home/berandah/subdomains/panel.berandahukum.com/vendor/laravel/framework/src/Illuminate/Database/Query/Builder.php(2913): Illuminate\\Database\\Connection->update('update `pos` se...', Array)
#4 /home/berandah/subdomains/panel.berandahukum.com/vendor/laravel/framework/src/Illuminate/Database/Eloquent/Builder.php(841): Illuminate\\Database\\Query\\Builder->update(Array)
#5 /home/berandah/subdomains/panel.berandahukum.com/app/Http/Controllers/PoController.php(308): Illuminate\\Database\\Eloquent\\Builder->update(Array)
#6 /home/berandah/subdomains/panel.berandahukum.com/vendor/laravel/framework/src/Illuminate/Routing/Controller.php(54): App\\Http\\Controllers\\PoController->update(Object(Illuminate\\Http\\Request), '340')
#7 /home/berandah/subdomains/panel.berandahukum.com/vendor/laravel/framework/src/Illuminate/Routing/ControllerDispatcher.php(45): Illuminate\\Routing\\Controller->callAction('update', Array)
#8 /home/berandah/subdomains/panel.berandahukum.com/vendor/laravel/framework/src/Illuminate/Routing/Route.php(254): Illuminate\\Routing\\ControllerDispatcher->dispatch(Object(Illuminate\\Routing\\Route), Object(App\\Http\\Controllers\\PoController), 'update')
#9 /home/berandah/subdomains/panel.berandahukum.com/vendor/laravel/framework/src/Illuminate/Routing/Route.php(197): Illuminate\\Routing\\Route->runController()
#10 /home/berandah/subdomains/panel.berandahukum.com/vendor/laravel/framework/src/Illuminate/Routing/Router.php(693): Illuminate\\Routing\\Route->run()
#11 /home/berandah/subdomains/panel.berandahukum.com/vendor/laravel/framework/src/Illuminate/Pipeline/Pipeline.php(128): Illuminate\\Routing\\Router->Illuminate\\Routing\\{closure}(Object(Illuminate\\Http\\Request))
#12 /home/berandah/subdomains/panel.berandahukum.com/app/Http/Middleware/CheckBlockedIp.php(22): Illuminate\\Pipeline\\Pipeline->Illuminate\\Pipeline\\{closure}(Object(Illuminate\\Http\\Request))
#13 /home/berandah/subdomains/panel.berandahukum.com/vendor/laravel/framework/src/Illuminate/Pipeline/Pipeline.php(167): App\\Http\\Middleware\\CheckBlockedIp->handle(Object(Illuminate\\Http\\Request), Object(Closure))
#14 /home/berandah/subdomains/panel.berandahukum.com/vendor/laravel/framework/src/Illuminate/Routing/Middleware/SubstituteBindings.php(50): Illuminate\\Pipeline\\Pipeline->Illuminate\\Pipeline\\{closure}(Object(Illuminate\\Http\\Request))
#15 /home/berandah/subdomains/panel.berandahukum.com/vendor/laravel/framework/src/Illuminate/Pipeline/Pipeline.php(167): Illuminate\\Routing\\Middleware\\SubstituteBindings->handle(Object(Illuminate\\Http\\Request), Object(Closure))
#16 /home/berandah/subdomains/panel.berandahukum.com/vendor/laravel/framework/src/Illuminate/Auth/Middleware/Authenticate.php(44): Illuminate\\Pipeline\\Pipeline->Illuminate\\Pipeline\\{closure}(Object(Illuminate\\Http\\Request))
#17 /home/berandah/subdomains/panel.berandahukum.com/vendor/laravel/framework/src/Illuminate/Pipeline/Pipeline.php(167): Illuminate\\Auth\\Middleware\\Authenticate->handle(Object(Illuminate\\Http\\Request), Object(Closure))
#18 /home/berandah/subdomains/panel.berandahukum.com/vendor/laravel/framework/src/Illuminate/Foundation/Http/Middleware/VerifyCsrfToken.php(78): Illuminate\\Pipeline\\Pipeline->Illuminate\\Pipeline\\{closure}(Object(Illuminate\\Http\\Request))
#19 /home/berandah/subdomains/panel.berandahukum.com/vendor/laravel/framework/src/Illuminate/Pipeline/Pipeline.php(167): Illuminate\\Foundation\\Http\\Middleware\\VerifyCsrfToken->handle(Object(Illuminate\\Http\\Request), Object(Closure))
#20 /home/berandah/subdomains/panel.berandahukum.com/vendor/laravel/framework/src/Illuminate/View/Middleware/ShareErrorsFromSession.php(49): Illuminate\\Pipeline\\Pipeline->Illuminate\\Pipeline\\{closure}(Object(Illuminate\\Http\\Request))
#21 /home/berandah/subdomains/panel.berandahukum.com/vendor/laravel/framework/src/Illuminate/Pipeline/Pipeline.php(167): Illuminate\\View\\Middleware\\ShareErrorsFromSession->handle(Object(Illuminate\\Http\\Request), Object(Closure))
#22 /home/berandah/subdomains/panel.berandahukum.com/vendor/laravel/framework/src/Illuminate/Session/Middleware/StartSession.php(121): Illuminate\\Pipeline\\Pipeline->Illuminate\\Pipeline\\{closure}(Object(Illuminate\\Http\\Request))
#23 /home/berandah/subdomains/panel.berandahukum.com/vendor/laravel/framework/src/Illuminate/Session/Middleware/StartSession.php(63): Illuminate\\Session\\Middleware\\StartSession->handleStatefulRequest(Object(Illuminate\\Http\\Request), Object(Illuminate\\Session\\Store), Object(Closure))
#24 /home/berandah/subdomains/panel.berandahukum.com/vendor/laravel/framework/src/Illuminate/Pipeline/Pipeline.php(167): Illuminate\\Session\\Middleware\\StartSession->handle(Object(Illuminate\\Http\\Request), Object(Closure))
#25 /home/berandah/subdomains/panel.berandahukum.com/vendor/laravel/framework/src/Illuminate/Cookie/Middleware/AddQueuedCookiesToResponse.php(37): Illuminate\\Pipeline\\Pipeline->Illuminate\\Pipeline\\{closure}(Object(Illuminate\\Http\\Request))
#26 /home/berandah/subdomains/panel.berandahukum.com/vendor/laravel/framework/src/Illuminate/Pipeline/Pipeline.php(167): Illuminate\\Cookie\\Middleware\\AddQueuedCookiesToResponse->handle(Object(Illuminate\\Http\\Request), Object(Closure))
#27 /home/berandah/subdomains/panel.berandahukum.com/vendor/laravel/framework/src/Illuminate/Cookie/Middleware/EncryptCookies.php(67): Illuminate\\Pipeline\\Pipeline->Illuminate\\Pipeline\\{closure}(Object(Illuminate\\Http\\Request))
#28 /home/berandah/subdomains/panel.berandahukum.com/vendor/laravel/framework/src/Illuminate/Pipeline/Pipeline.php(167): Illuminate\\Cookie\\Middleware\\EncryptCookies->handle(Object(Illuminate\\Http\\Request), Object(Closure))
#29 /home/berandah/subdomains/panel.berandahukum.com/vendor/laravel/framework/src/Illuminate/Pipeline/Pipeline.php(103): Illuminate\\Pipeline\\Pipeline->Illuminate\\Pipeline\\{closure}(Object(Illuminate\\Http\\Request))
#30 /home/berandah/subdomains/panel.berandahukum.com/vendor/laravel/framework/src/Illuminate/Routing/Router.php(695): Illuminate\\Pipeline\\Pipeline->then(Object(Closure))
#31 /home/berandah/subdomains/panel.berandahukum.com/vendor/laravel/framework/src/Illuminate/Routing/Router.php(670): Illuminate\\Routing\\Router->runRouteWithinStack(Object(Illuminate\\Routing\\Route), Object(Illuminate\\Http\\Request))
#32 /home/berandah/subdomains/panel.berandahukum.com/vendor/laravel/framework/src/Illuminate/Routing/Router.php(636): Illuminate\\Routing\\Router->runRoute(Object(Illuminate\\Http\\Request), Object(Illuminate\\Routing\\Route))
#33 /home/berandah/subdomains/panel.berandahukum.com/vendor/laravel/framework/src/Illuminate/Routing/Router.php(625): Illuminate\\Routing\\Router->dispatchToRoute(Object(Illuminate\\Http\\Request))
#34 /home/berandah/subdomains/panel.berandahukum.com/vendor/laravel/framework/src/Illuminate/Foundation/Http/Kernel.php(166): Illuminate\\Routing\\Router->dispatch(Object(Illuminate\\Http\\Request))
#35 /home/berandah/subdomains/panel.berandahukum.com/vendor/laravel/framework/src/Illuminate/Pipeline/Pipeline.php(128): Illuminate\\Foundation\\Http\\Kernel->Illuminate\\Foundation\\Http\\{closure}(Object(Illuminate\\Http\\Request))
#36 /home/berandah/subdomains/panel.berandahukum.com/vendor/laravel/framework/src/Illuminate/Foundation/Http/Middleware/TransformsRequest.php(21): Illuminate\\Pipeline\\Pipeline->Illuminate\\Pipeline\\{closure}(Object(Illuminate\\Http\\Request))
#37 /home/berandah/subdomains/panel.berandahukum.com/vendor/laravel/framework/src/Illuminate/Pipeline/Pipeline.php(167): Illuminate\\Foundation\\Http\\Middleware\\TransformsRequest->handle(Object(Illuminate\\Http\\Request), Object(Closure))
#38 /home/berandah/subdomains/panel.berandahukum.com/vendor/laravel/framework/src/Illuminate/Foundation/Http/Middleware/TransformsRequest.php(21): Illuminate\\Pipeline\\Pipeline->Illuminate\\Pipeline\\{closure}(Object(Illuminate\\Http\\Request))
#39 /home/berandah/subdomains/panel.berandahukum.com/vendor/laravel/framework/src/Illuminate/Pipeline/Pipeline.php(167): Illuminate\\Foundation\\Http\\Middleware\\TransformsRequest->handle(Object(Illuminate\\Http\\Request), Object(Closure))
#40 /home/berandah/subdomains/panel.berandahukum.com/vendor/laravel/framework/src/Illuminate/Foundation/Http/Middleware/ValidatePostSize.php(27): Illuminate\\Pipeline\\Pipeline->Illuminate\\Pipeline\\{closure}(Object(Illuminate\\Http\\Request))
#41 /home/berandah/subdomains/panel.berandahukum.com/vendor/laravel/framework/src/Illuminate/Pipeline/Pipeline.php(167): Illuminate\\Foundation\\Http\\Middleware\\ValidatePostSize->handle(Object(Illuminate\\Http\\Request), Object(Closure))
#42 /home/berandah/subdomains/panel.berandahukum.com/vendor/laravel/framework/src/Illuminate/Foundation/Http/Middleware/PreventRequestsDuringMaintenance.php(86): Illuminate\\Pipeline\\Pipeline->Illuminate\\Pipeline\\{closure}(Object(Illuminate\\Http\\Request))
#43 /home/berandah/subdomains/panel.berandahukum.com/vendor/laravel/framework/src/Illuminate/Pipeline/Pipeline.php(167): Illuminate\\Foundation\\Http\\Middleware\\PreventRequestsDuringMaintenance->handle(Object(Illuminate\\Http\\Request), Object(Closure))
#44 /home/berandah/subdomains/panel.berandahukum.com/vendor/fruitcake/laravel-cors/src/HandleCors.php(37): Illuminate\\Pipeline\\Pipeline->Illuminate\\Pipeline\\{closure}(Object(Illuminate\\Http\\Request))
#45 /home/berandah/subdomains/panel.berandahukum.com/vendor/laravel/framework/src/Illuminate/Pipeline/Pipeline.php(167): Fruitcake\\Cors\\HandleCors->handle(Object(Illuminate\\Http\\Request), Object(Closure))
#46 /home/berandah/subdomains/panel.berandahukum.com/vendor/fideloper/proxy/src/TrustProxies.php(57): Illuminate\\Pipeline\\Pipeline->Illuminate\\Pipeline\\{closure}(Object(Illuminate\\Http\\Request))
#47 /home/berandah/subdomains/panel.berandahukum.com/vendor/laravel/framework/src/Illuminate/Pipeline/Pipeline.php(167): Fideloper\\Proxy\\TrustProxies->handle(Object(Illuminate\\Http\\Request), Object(Closure))
#48 /home/berandah/subdomains/panel.berandahukum.com/vendor/laravel/framework/src/Illuminate/Pipeline/Pipeline.php(103): Illuminate\\Pipeline\\Pipeline->Illuminate\\Pipeline\\{closure}(Object(Illuminate\\Http\\Request))
#49 /home/berandah/subdomains/panel.berandahukum.com/vendor/laravel/framework/src/Illuminate/Foundation/Http/Kernel.php(141): Illuminate\\Pipeline\\Pipeline->then(Object(Closure))
#50 /home/berandah/subdomains/panel.berandahukum.com/vendor/laravel/framework/src/Illuminate/Foundation/Http/Kernel.php(110): Illuminate\\Foundation\\Http\\Kernel->sendRequestThroughRouter(Object(Illuminate\\Http\\Request))
#51 /home/berandah/subdomains/panel.berandahukum.com/public/index.php(52): Illuminate\\Foundation\\Http\\Kernel->handle(Object(Illuminate\\Http\\Request))
#52 {main}

[previous exception] [object] (PDOException(code: 42S22): SQLSTATE[42S22]: Column not found: 1054 Unknown column 'jenis_brang' in 'SET' at /home/berandah/subdomains/panel.berandahukum.com/vendor/laravel/framework/src/Illuminate/Database/Connection.php:492)
[stacktrace]
#0 /home/berandah/subdomains/panel.berandahukum.com/vendor/laravel/framework/src/Illuminate/Database/Connection.php(492): PDO->prepare('update `pos` se...')
#1 /home/berandah/subdomains/panel.berandahukum.com/vendor/laravel/framework/src/Illuminate/Database/Connection.php(671): Illuminate\\Database\\Connection->Illuminate\\Database\\{closure}('update `pos` se...', Array)
#2 /home/berandah/subdomains/panel.berandahukum.com/vendor/laravel/framework/src/Illuminate/Database/Connection.php(638): Illuminate\\Database\\Connection->runQueryCallback('update `pos` se...', Array, Object(Closure))
#3 /home/berandah/subdomains/panel.berandahukum.com/vendor/laravel/framework/src/Illuminate/Database/Connection.php(503): Illuminate\\Database\\Connection->run('update `pos` se...', Array, Object(Closure))
#4 /home/berandah/subdomains/panel.berandahukum.com/vendor/laravel/framework/src/Illuminate/Database/Connection.php(436): Illuminate\\Database\\Connection->affectingStatement('update `pos` se...', Array)
#5 /home/berandah/subdomains/panel.berandahukum.com/vendor/laravel/framework/src/Illuminate/Database/Query/Builder.php(2913): Illuminate\\Database\\Connection->update('update `pos` se...', Array)
#6 /home/berandah/subdomains/panel.berandahukum.com/vendor/laravel/framework/src/Illuminate/Database/Eloquent/Builder.php(841): Illuminate\\Database\\Query\\Builder->update(Array)
#7 /home/berandah/subdomains/panel.berandahukum.com/app/Http/Controllers/PoController.php(308): Illuminate\\Database\\Eloquent\\Builder->update(Array)
#8 /home/berandah/subdomains/panel.berandahukum.com/vendor/laravel/framework/src/Illuminate/Routing/Controller.php(54): App\\Http\\Controllers\\PoController->update(Object(Illuminate\\Http\\Request), '340')
#9 /home/berandah/subdomains/panel.berandahukum.com/vendor/laravel/framework/src/Illuminate/Routing/ControllerDispatcher.php(45): Illuminate\\Routing\\Controller->callAction('update', Array)
#10 /home/berandah/subdomains/panel.berandahukum.com/vendor/laravel/framework/src/Illuminate/Routing/Route.php(254): Illuminate\\Routing\\ControllerDispatcher->dispatch(Object(Illuminate\\Routing\\Route), Object(App\\Http\\Controllers\\PoController), 'update')
#11 /home/berandah/subdomains/panel.berandahukum.com/vendor/laravel/framework/src/Illuminate/Routing/Route.php(197): Illuminate\\Routing\\Route->runController()
#12 /home/berandah/subdomains/panel.berandahukum.com/vendor/laravel/framework/src/Illuminate/Routing/Router.php(693): Illuminate\\Routing\\Route->run()
#13 /home/berandah/subdomains/panel.berandahukum.com/vendor/laravel/framework/src/Illuminate/Pipeline/Pipeline.php(128): Illuminate\\Routing\\Router->Illuminate\\Routing\\{closure}(Object(Illuminate\\Http\\Request))
#14 /home/berandah/subdomains/panel.berandahukum.com/app/Http/Middleware/CheckBlockedIp.php(22): Illuminate\\Pipeline\\Pipeline->Illuminate\\Pipeline\\{closure}(Object(Illuminate\\Http\\Request))
#15 /home/berandah/subdomains/panel.berandahukum.com/vendor/laravel/framework/src/Illuminate/Pipeline/Pipeline.php(167): App\\Http\\Middleware\\CheckBlockedIp->handle(Object(Illuminate\\Http\\Request), Object(Closure))
#16 /home/berandah/subdomains/panel.berandahukum.com/vendor/laravel/framework/src/Illuminate/Routing/Middleware/SubstituteBindings.php(50): Illuminate\\Pipeline\\Pipeline->Illuminate\\Pipeline\\{closure}(Object(Illuminate\\Http\\Request))
#17 /home/berandah/subdomains/panel.berandahukum.com/vendor/laravel/framework/src/Illuminate/Pipeline/Pipeline.php(167): Illuminate\\Routing\\Middleware\\SubstituteBindings->handle(Object(Illuminate\\Http\\Request), Object(Closure))
#18 /home/berandah/subdomains/panel.berandahukum.com/vendor/laravel/framework/src/Illuminate/Auth/Middleware/Authenticate.php(44): Illuminate\\Pipeline\\Pipeline->Illuminate\\Pipeline\\{closure}(Object(Illuminate\\Http\\Request))
#19 /home/berandah/subdomains/panel.berandahukum.com/vendor/laravel/framework/src/Illuminate/Pipeline/Pipeline.php(167): Illuminate\\Auth\\Middleware\\Authenticate->handle(Object(Illuminate\\Http\\Request), Object(Closure))
#20 /home/berandah/subdomains/panel.berandahukum.com/vendor/laravel/framework/src/Illuminate/Foundation/Http/Middleware/VerifyCsrfToken.php(78): Illuminate\\Pipeline\\Pipeline->Illuminate\\Pipeline\\{closure}(Object(Illuminate\\Http\\Request))
#21 /home/berandah/subdomains/panel.berandahukum.com/vendor/laravel/framework/src/Illuminate/Pipeline/Pipeline.php(167): Illuminate\\Foundation\\Http\\Middleware\\VerifyCsrfToken->handle(Object(Illuminate\\Http\\Request), Object(Closure))
#22 /home/berandah/subdomains/panel.berandahukum.com/vendor/laravel/framework/src/Illuminate/View/Middleware/ShareErrorsFromSession.php(49): Illuminate\\Pipeline\\Pipeline->Illuminate\\Pipeline\\{closure}(Object(Illuminate\\Http\\Request))
#23 /home/berandah/subdomains/panel.berandahukum.com/vendor/laravel/framework/src/Illuminate/Pipeline/Pipeline.php(167): Illuminate\\View\\Middleware\\ShareErrorsFromSession->handle(Object(Illuminate\\Http\\Request), Object(Closure))
#24 /home/berandah/subdomains/panel.berandahukum.com/vendor/laravel/framework/src/Illuminate/Session/Middleware/StartSession.php(121): Illuminate\\Pipeline\\Pipeline->Illuminate\\Pipeline\\{closure}(Object(Illuminate\\Http\\Request))
#25 /home/berandah/subdomains/panel.berandahukum.com/vendor/laravel/framework/src/Illuminate/Session/Middleware/StartSession.php(63): Illuminate\\Session\\Middleware\\StartSession->handleStatefulRequest(Object(Illuminate\\Http\\Request), Object(Illuminate\\Session\\Store), Object(Closure))
#26 /home/berandah/subdomains/panel.berandahukum.com/vendor/laravel/framework/src/Illuminate/Pipeline/Pipeline.php(167): Illuminate\\Session\\Middleware\\StartSession->handle(Object(Illuminate\\Http\\Request), Object(Closure))
#27 /home/berandah/subdomains/panel.berandahukum.com/vendor/laravel/framework/src/Illuminate/Cookie/Middleware/AddQueuedCookiesToResponse.php(37): Illuminate\\Pipeline\\Pipeline->Illuminate\\Pipeline\\{closure}(Object(Illuminate\\Http\\Request))
#28 /home/berandah/subdomains/panel.berandahukum.com/vendor/laravel/framework/src/Illuminate/Pipeline/Pipeline.php(167): Illuminate\\Cookie\\Middleware\\AddQueuedCookiesToResponse->handle(Object(Illuminate\\Http\\Request), Object(Closure))
#29 /home/berandah/subdomains/panel.berandahukum.com/vendor/laravel/framework/src/Illuminate/Cookie/Middleware/EncryptCookies.php(67): Illuminate\\Pipeline\\Pipeline->Illuminate\\Pipeline\\{closure}(Object(Illuminate\\Http\\Request))
#30 /home/berandah/subdomains/panel.berandahukum.com/vendor/laravel/framework/src/Illuminate/Pipeline/Pipeline.php(167): Illuminate\\Cookie\\Middleware\\EncryptCookies->handle(Object(Illuminate\\Http\\Request), Object(Closure))
#31 /home/berandah/subdomains/panel.berandahukum.com/vendor/laravel/framework/src/Illuminate/Pipeline/Pipeline.php(103): Illuminate\\Pipeline\\Pipeline->Illuminate\\Pipeline\\{closure}(Object(Illuminate\\Http\\Request))
#32 /home/berandah/subdomains/panel.berandahukum.com/vendor/laravel/framework/src/Illuminate/Routing/Router.php(695): Illuminate\\Pipeline\\Pipeline->then(Object(Closure))
#33 /home/berandah/subdomains/panel.berandahukum.com/vendor/laravel/framework/src/Illuminate/Routing/Router.php(670): Illuminate\\Routing\\Router->runRouteWithinStack(Object(Illuminate\\Routing\\Route), Object(Illuminate\\Http\\Request))
#34 /home/berandah/subdomains/panel.berandahukum.com/vendor/laravel/framework/src/Illuminate/Routing/Router.php(636): Illuminate\\Routing\\Router->runRoute(Object(Illuminate\\Http\\Request), Object(Illuminate\\Routing\\Route))
#35 /home/berandah/subdomains/panel.berandahukum.com/vendor/laravel/framework/src/Illuminate/Routing/Router.php(625): Illuminate\\Routing\\Router->dispatchToRoute(Object(Illuminate\\Http\\Request))
#36 /home/berandah/subdomains/panel.berandahukum.com/vendor/laravel/framework/src/Illuminate/Foundation/Http/Kernel.php(166): Illuminate\\Routing\\Router->dispatch(Object(Illuminate\\Http\\Request))
#37 /home/berandah/subdomains/panel.berandahukum.com/vendor/laravel/framework/src/Illuminate/Pipeline/Pipeline.php(128): Illuminate\\Foundation\\Http\\Kernel->Illuminate\\Foundation\\Http\\{closure}(Object(Illuminate\\Http\\Request))
#38 /home/berandah/subdomains/panel.berandahukum.com/vendor/laravel/framework/src/Illuminate/Foundation/Http/Middleware/TransformsRequest.php(21): Illuminate\\Pipeline\\Pipeline->Illuminate\\Pipeline\\{closure}(Object(Illuminate\\Http\\Request))
#39 /home/berandah/subdomains/panel.berandahukum.com/vendor/laravel/framework/src/Illuminate/Pipeline/Pipeline.php(167): Illuminate\\Foundation\\Http\\Middleware\\TransformsRequest->handle(Object(Illuminate\\Http\\Request), Object(Closure))
#40 /home/berandah/subdomains/panel.berandahukum.com/vendor/laravel/framework/src/Illuminate/Foundation/Http/Middleware/TransformsRequest.php(21): Illuminate\\Pipeline\\Pipeline->Illuminate\\Pipeline\\{closure}(Object(Illuminate\\Http\\Request))
#41 /home/berandah/subdomains/panel.berandahukum.com/vendor/laravel/framework/src/Illuminate/Pipeline/Pipeline.php(167): Illuminate\\Foundation\\Http\\Middleware\\TransformsRequest->handle(Object(Illuminate\\Http\\Request), Object(Closure))
#42 /home/berandah/subdomains/panel.berandahukum.com/vendor/laravel/framework/src/Illuminate/Foundation/Http/Middleware/ValidatePostSize.php(27): Illuminate\\Pipeline\\Pipeline->Illuminate\\Pipeline\\{closure}(Object(Illuminate\\Http\\Request))
#43 /home/berandah/subdomains/panel.berandahukum.com/vendor/laravel/framework/src/Illuminate/Pipeline/Pipeline.php(167): Illuminate\\Foundation\\Http\\Middleware\\ValidatePostSize->handle(Object(Illuminate\\Http\\Request), Object(Closure))
#44 /home/berandah/subdomains/panel.berandahukum.com/vendor/laravel/framework/src/Illuminate/Foundation/Http/Middleware/PreventRequestsDuringMaintenance.php(86): Illuminate\\Pipeline\\Pipeline->Illuminate\\Pipeline\\{closure}(Object(Illuminate\\Http\\Request))
#45 /home/berandah/subdomains/panel.berandahukum.com/vendor/laravel/framework/src/Illuminate/Pipeline/Pipeline.php(167): Illuminate\\Foundation\\Http\\Middleware\\PreventRequestsDuringMaintenance->handle(Object(Illuminate\\Http\\Request), Object(Closure))
#46 /home/berandah/subdomains/panel.berandahukum.com/vendor/fruitcake/laravel-cors/src/HandleCors.php(37): Illuminate\\Pipeline\\Pipeline->Illuminate\\Pipeline\\{closure}(Object(Illuminate\\Http\\Request))
#47 /home/berandah/subdomains/panel.berandahukum.com/vendor/laravel/framework/src/Illuminate/Pipeline/Pipeline.php(167): Fruitcake\\Cors\\HandleCors->handle(Object(Illuminate\\Http\\Request), Object(Closure))
#48 /home/berandah/subdomains/panel.berandahukum.com/vendor/fideloper/proxy/src/TrustProxies.php(57): Illuminate\\Pipeline\\Pipeline->Illuminate\\Pipeline\\{closure}(Object(Illuminate\\Http\\Request))
#49 /home/berandah/subdomains/panel.berandahukum.com/vendor/laravel/framework/src/Illuminate/Pipeline/Pipeline.php(167): Fideloper\\Proxy\\TrustProxies->handle(Object(Illuminate\\Http\\Request), Object(Closure))
#50 /home/berandah/subdomains/panel.berandahukum.com/vendor/laravel/framework/src/Illuminate/Pipeline/Pipeline.php(103): Illuminate\\Pipeline\\Pipeline->Illuminate\\Pipeline\\{closure}(Object(Illuminate\\Http\\Request))
#51 /home/berandah/subdomains/panel.berandahukum.com/vendor/laravel/framework/src/Illuminate/Foundation/Http/Kernel.php(141): Illuminate\\Pipeline\\Pipeline->then(Object(Closure))
#52 /home/berandah/subdomains/panel.berandahukum.com/vendor/laravel/framework/src/Illuminate/Foundation/Http/Kernel.php(110): Illuminate\\Foundation\\Http\\Kernel->sendRequestThroughRouter(Object(Illuminate\\Http\\Request))
#53 /home/berandah/subdomains/panel.berandahukum.com/public/index.php(52): Illuminate\\Foundation\\Http\\Kernel->handle(Object(Illuminate\\Http\\Request))
#54 {main}
"} 
[2026-08-20 22:55:53] local.ERROR: SQLSTATE[42S22]: Column not found: 1054 Unknown column 'jenis_brang' in 'SET' (SQL: update `pos` set `date` = 2026-08-20, `kode_po` = PO - 0000340, `nama_purchase` = Nedi Kusnaedi, `supplier_id` = 24, `nama_supplier` = PT Prima Audio Indonesia, `alamat_supplier` = Jakarta, `telepon` = ?, `toko_id` = 1, `nama_sales` = Bapak Zaenal, `subtotal` = 105255000, `po_dp` = 0, `ppn` = 0, `status` = 1, `status_terima` = 0, `status_bayar` = 0, `show_tempo` = 0, `jatuh_tempo` = 2026-08-20, `alamat_kirim` = Melindastore 
Jl Holtikultura No,11 
Pasar Minggu, Jakarta Selatan, `jenis_brang` = ., `keterangan` = ?, `pos`.`updated_at` = 2026-08-20 22:55:53 where `id` = 340 and `pos`.`deleted_at` is null) {"userId":36,"exception":"[object] (Illuminate\\Database\\QueryException(code: 42S22): SQLSTATE[42S22]: Column not found: 1054 Unknown column 'jenis_brang' in 'SET' (SQL: update `pos` set `date` = 2026-08-20, `kode_po` = PO - 0000340, `nama_purchase` = Nedi Kusnaedi, `supplier_id` = 24, `nama_supplier` = PT Prima Audio Indonesia, `alamat_supplier` = Jakarta, `telepon` = ?, `toko_id` = 1, `nama_sales` = Bapak Zaenal, `subtotal` = 105255000, `po_dp` = 0, `ppn` = 0, `status` = 1, `status_terima` = 0, `status_bayar` = 0, `show_tempo` = 0, `jatuh_tempo` = 2026-08-20, `alamat_kirim` = Melindastore 
Jl Holtikultura No,11 
Pasar Minggu, Jakarta Selatan, `jenis_brang` = ., `keterangan` = ?, `pos`.`updated_at` = 2026-08-20 22:55:53 where `id` = 340 and `pos`.`deleted_at` is null) at /home/berandah/subdomains/panel.berandahukum.com/vendor/laravel/framework/src/Illuminate/Database/Connection.php:678)
[stacktrace]
#0 /home/berandah/subdomains/panel.berandahukum.com/vendor/laravel/framework/src/Illuminate/Database/Connection.php(638): Illuminate\\Database\\Connection->runQueryCallback('update `pos` se...', Array, Object(Closure))
#1 /home/berandah/subdomains/panel.berandahukum.com/vendor/laravel/framework/src/Illuminate/Database/Connection.php(503): Illuminate\\Database\\Connection->run('update `pos` se...', Array, Object(Closure))
#2 /home/berandah/subdomains/panel.berandahukum.com/vendor/laravel/framework/src/Illuminate/Database/Connection.php(436): Illuminate\\Database\\Connection->affectingStatement('update `pos` se...', Array)
#3 /home/berandah/subdomains/panel.berandahukum.com/vendor/laravel/framework/src/Illuminate/Database/Query/Builder.php(2913): Illuminate\\Database\\Connection->update('update `pos` se...', Array)
#4 /home/berandah/subdomains/panel.berandahukum.com/vendor/laravel/framework/src/Illuminate/Database/Eloquent/Builder.php(841): Illuminate\\Database\\Query\\Builder->update(Array)
#5 /home/berandah/subdomains/panel.berandahukum.com/app/Http/Controllers/PoController.php(308): Illuminate\\Database\\Eloquent\\Builder->update(Array)
#6 /home/berandah/subdomains/panel.berandahukum.com/vendor/laravel/framework/src/Illuminate/Routing/Controller.php(54): App\\Http\\Controllers\\PoController->update(Object(Illuminate\\Http\\Request), '340')
#7 /home/berandah/subdomains/panel.berandahukum.com/vendor/laravel/framework/src/Illuminate/Routing/ControllerDispatcher.php(45): Illuminate\\Routing\\Controller->callAction('update', Array)
#8 /home/berandah/subdomains/panel.berandahukum.com/vendor/laravel/framework/src/Illuminate/Routing/Route.php(254): Illuminate\\Routing\\ControllerDispatcher->dispatch(Object(Illuminate\\Routing\\Route), Object(App\\Http\\Controllers\\PoController), 'update')
#9 /home/berandah/subdomains/panel.berandahukum.com/vendor/laravel/framework/src/Illuminate/Routing/Route.php(197): Illuminate\\Routing\\Route->runController()
#10 /home/berandah/subdomains/panel.berandahukum.com/vendor/laravel/framework/src/Illuminate/Routing/Router.php(693): Illuminate\\Routing\\Route->run()
#11 /home/berandah/subdomains/panel.berandahukum.com/vendor/laravel/framework/src/Illuminate/Pipeline/Pipeline.php(128): Illuminate\\Routing\\Router->Illuminate\\Routing\\{closure}(Object(Illuminate\\Http\\Request))
#12 /home/berandah/subdomains/panel.berandahukum.com/app/Http/Middleware/CheckBlockedIp.php(22): Illuminate\\Pipeline\\Pipeline->Illuminate\\Pipeline\\{closure}(Object(Illuminate\\Http\\Request))
#13 /home/berandah/subdomains/panel.berandahukum.com/vendor/laravel/framework/src/Illuminate/Pipeline/Pipeline.php(167): App\\Http\\Middleware\\CheckBlockedIp->handle(Object(Illuminate\\Http\\Request), Object(Closure))
#14 /home/berandah/subdomains/panel.berandahukum.com/vendor/laravel/framework/src/Illuminate/Routing/Middleware/SubstituteBindings.php(50): Illuminate\\Pipeline\\Pipeline->Illuminate\\Pipeline\\{closure}(Object(Illuminate\\Http\\Request))
#15 /home/berandah/subdomains/panel.berandahukum.com/vendor/laravel/framework/src/Illuminate/Pipeline/Pipeline.php(167): Illuminate\\Routing\\Middleware\\SubstituteBindings->handle(Object(Illuminate\\Http\\Request), Object(Closure))
#16 /home/berandah/subdomains/panel.berandahukum.com/vendor/laravel/framework/src/Illuminate/Auth/Middleware/Authenticate.php(44): Illuminate\\Pipeline\\Pipeline->Illuminate\\Pipeline\\{closure}(Object(Illuminate\\Http\\Request))
#17 /home/berandah/subdomains/panel.berandahukum.com/vendor/laravel/framework/src/Illuminate/Pipeline/Pipeline.php(167): Illuminate\\Auth\\Middleware\\Authenticate->handle(Object(Illuminate\\Http\\Request), Object(Closure))
#18 /home/berandah/subdomains/panel.berandahukum.com/vendor/laravel/framework/src/Illuminate/Foundation/Http/Middleware/VerifyCsrfToken.php(78): Illuminate\\Pipeline\\Pipeline->Illuminate\\Pipeline\\{closure}(Object(Illuminate\\Http\\Request))
#19 /home/berandah/subdomains/panel.berandahukum.com/vendor/laravel/framework/src/Illuminate/Pipeline/Pipeline.php(167): Illuminate\\Foundation\\Http\\Middleware\\VerifyCsrfToken->handle(Object(Illuminate\\Http\\Request), Object(Closure))
#20 /home/berandah/subdomains/panel.berandahukum.com/vendor/laravel/framework/src/Illuminate/View/Middleware/ShareErrorsFromSession.php(49): Illuminate\\Pipeline\\Pipeline->Illuminate\\Pipeline\\{closure}(Object(Illuminate\\Http\\Request))
#21 /home/berandah/subdomains/panel.berandahukum.com/vendor/laravel/framework/src/Illuminate/Pipeline/Pipeline.php(167): Illuminate\\View\\Middleware\\ShareErrorsFromSession->handle(Object(Illuminate\\Http\\Request), Object(Closure))
#22 /home/berandah/subdomains/panel.berandahukum.com/vendor/laravel/framework/src/Illuminate/Session/Middleware/StartSession.php(121): Illuminate\\Pipeline\\Pipeline->Illuminate\\Pipeline\\{closure}(Object(Illuminate\\Http\\Request))
#23 /home/berandah/subdomains/panel.berandahukum.com/vendor/laravel/framework/src/Illuminate/Session/Middleware/StartSession.php(63): Illuminate\\Session\\Middleware\\StartSession->handleStatefulRequest(Object(Illuminate\\Http\\Request), Object(Illuminate\\Session\\Store), Object(Closure))
#24 /home/berandah/subdomains/panel.berandahukum.com/vendor/laravel/framework/src/Illuminate/Pipeline/Pipeline.php(167): Illuminate\\Session\\Middleware\\StartSession->handle(Object(Illuminate\\Http\\Request), Object(Closure))
#25 /home/berandah/subdomains/panel.berandahukum.com/vendor/laravel/framework/src/Illuminate/Cookie/Middleware/AddQueuedCookiesToResponse.php(37): Illuminate\\Pipeline\\Pipeline->Illuminate\\Pipeline\\{closure}(Object(Illuminate\\Http\\Request))
#26 /home/berandah/subdomains/panel.berandahukum.com/vendor/laravel/framework/src/Illuminate/Pipeline/Pipeline.php(167): Illuminate\\Cookie\\Middleware\\AddQueuedCookiesToResponse->handle(Object(Illuminate\\Http\\Request), Object(Closure))
#27 /home/berandah/subdomains/panel.berandahukum.com/vendor/laravel/framework/src/Illuminate/Cookie/Middleware/EncryptCookies.php(67): Illuminate\\Pipeline\\Pipeline->Illuminate\\Pipeline\\{closure}(Object(Illuminate\\Http\\Request))
#28 /home/berandah/subdomains/panel.berandahukum.com/vendor/laravel/framework/src/Illuminate/Pipeline/Pipeline.php(167): Illuminate\\Cookie\\Middleware\\EncryptCookies->handle(Object(Illuminate\\Http\\Request), Object(Closure))
#29 /home/berandah/subdomains/panel.berandahukum.com/vendor/laravel/framework/src/Illuminate/Pipeline/Pipeline.php(103): Illuminate\\Pipeline\\Pipeline->Illuminate\\Pipeline\\{closure}(Object(Illuminate\\Http\\Request))
#30 /home/berandah/subdomains/panel.berandahukum.com/vendor/laravel/framework/src/Illuminate/Routing/Router.php(695): Illuminate\\Pipeline\\Pipeline->then(Object(Closure))
#31 /home/berandah/subdomains/panel.berandahukum.com/vendor/laravel/framework/src/Illuminate/Routing/Router.php(670): Illuminate\\Routing\\Router->runRouteWithinStack(Object(Illuminate\\Routing\\Route), Object(Illuminate\\Http\\Request))
#32 /home/berandah/subdomains/panel.berandahukum.com/vendor/laravel/framework/src/Illuminate/Routing/Router.php(636): Illuminate\\Routing\\Router->runRoute(Object(Illuminate\\Http\\Request), Object(Illuminate\\Routing\\Route))
#33 /home/berandah/subdomains/panel.berandahukum.com/vendor/laravel/framework/src/Illuminate/Routing/Router.php(625): Illuminate\\Routing\\Router->dispatchToRoute(Object(Illuminate\\Http\\Request))
#34 /home/berandah/subdomains/panel.berandahukum.com/vendor/laravel/framework/src/Illuminate/Foundation/Http/Kernel.php(166): Illuminate\\Routing\\Router->dispatch(Object(Illuminate\\Http\\Request))
#35 /home/berandah/subdomains/panel.berandahukum.com/vendor/laravel/framework/src/Illuminate/Pipeline/Pipeline.php(128): Illuminate\\Foundation\\Http\\Kernel->Illuminate\\Foundation\\Http\\{closure}(Object(Illuminate\\Http\\Request))
#36 /home/berandah/subdomains/panel.berandahukum.com/vendor/laravel/framework/src/Illuminate/Foundation/Http/Middleware/TransformsRequest.php(21): Illuminate\\Pipeline\\Pipeline->Illuminate\\Pipeline\\{closure}(Object(Illuminate\\Http\\Request))
#37 /home/berandah/subdomains/panel.berandahukum.com/vendor/laravel/framework/src/Illuminate/Pipeline/Pipeline.php(167): Illuminate\\Foundation\\Http\\Middleware\\TransformsRequest->handle(Object(Illuminate\\Http\\Request), Object(Closure))
#38 /home/berandah/subdomains/panel.berandahukum.com/vendor/laravel/framework/src/Illuminate/Foundation/Http/Middleware/TransformsRequest.php(21): Illuminate\\Pipeline\\Pipeline->Illuminate\\Pipeline\\{closure}(Object(Illuminate\\Http\\Request))
#39 /home/berandah/subdomains/panel.berandahukum.com/vendor/laravel/framework/src/Illuminate/Pipeline/Pipeline.php(167): Illuminate\\Foundation\\Http\\Middleware\\TransformsRequest->handle(Object(Illuminate\\Http\\Request), Object(Closure))
#40 /home/berandah/subdomains/panel.berandahukum.com/vendor/laravel/framework/src/Illuminate/Foundation/Http/Middleware/ValidatePostSize.php(27): Illuminate\\Pipeline\\Pipeline->Illuminate\\Pipeline\\{closure}(Object(Illuminate\\Http\\Request))
#41 /home/berandah/subdomains/panel.berandahukum.com/vendor/laravel/framework/src/Illuminate/Pipeline/Pipeline.php(167): Illuminate\\Foundation\\Http\\Middleware\\ValidatePostSize->handle(Object(Illuminate\\Http\\Request), Object(Closure))
#42 /home/berandah/subdomains/panel.berandahukum.com/vendor/laravel/framework/src/Illuminate/Foundation/Http/Middleware/PreventRequestsDuringMaintenance.php(86): Illuminate\\Pipeline\\Pipeline->Illuminate\\Pipeline\\{closure}(Object(Illuminate\\Http\\Request))
#43 /home/berandah/subdomains/panel.berandahukum.com/vendor/laravel/framework/src/Illuminate/Pipeline/Pipeline.php(167): Illuminate\\Foundation\\Http\\Middleware\\PreventRequestsDuringMaintenance->handle(Object(Illuminate\\Http\\Request), Object(Closure))
#44 /home/berandah/subdomains/panel.berandahukum.com/vendor/fruitcake/laravel-cors/src/HandleCors.php(37): Illuminate\\Pipeline\\Pipeline->Illuminate\\Pipeline\\{closure}(Object(Illuminate\\Http\\Request))
#45 /home/berandah/subdomains/panel.berandahukum.com/vendor/laravel/framework/src/Illuminate/Pipeline/Pipeline.php(167): Fruitcake\\Cors\\HandleCors->handle(Object(Illuminate\\Http\\Request), Object(Closure))
#46 /home/berandah/subdomains/panel.berandahukum.com/vendor/fideloper/proxy/src/TrustProxies.php(57): Illuminate\\Pipeline\\Pipeline->Illuminate\\Pipeline\\{closure}(Object(Illuminate\\Http\\Request))
#47 /home/berandah/subdomains/panel.berandahukum.com/vendor/laravel/framework/src/Illuminate/Pipeline/Pipeline.php(167): Fideloper\\Proxy\\TrustProxies->handle(Object(Illuminate\\Http\\Request), Object(Closure))
#48 /home/berandah/subdomains/panel.berandahukum.com/vendor/laravel/framework/src/Illuminate/Pipeline/Pipeline.php(103): Illuminate\\Pipeline\\Pipeline->Illuminate\\Pipeline\\{closure}(Object(Illuminate\\Http\\Request))
#49 /home/berandah/subdomains/panel.berandahukum.com/vendor/laravel/framework/src/Illuminate/Foundation/Http/Kernel.php(141): Illuminate\\Pipeline\\Pipeline->then(Object(Closure))
#50 /home/berandah/subdomains/panel.berandahukum.com/vendor/laravel/framework/src/Illuminate/Foundation/Http/Kernel.php(110): Illuminate\\Foundation\\Http\\Kernel->sendRequestThroughRouter(Object(Illuminate\\Http\\Request))
#51 /home/berandah/subdomains/panel.berandahukum.com/public/index.php(52): Illuminate\\Foundation\\Http\\Kernel->handle(Object(Illuminate\\Http\\Request))
#52 {main}

[previous exception] [object] (PDOException(code: 42S22): SQLSTATE[42S22]: Column not found: 1054 Unknown column 'jenis_brang' in 'SET' at /home/berandah/subdomains/panel.berandahukum.com/vendor/laravel/framework/src/Illuminate/Database/Connection.php:492)
[stacktrace]
#0 /home/berandah/subdomains/panel.berandahukum.com/vendor/laravel/framework/src/Illuminate/Database/Connection.php(492): PDO->prepare('update `pos` se...')
#1 /home/berandah/subdomains/panel.berandahukum.com/vendor/laravel/framework/src/Illuminate/Database/Connection.php(671): Illuminate\\Database\\Connection->Illuminate\\Database\\{closure}('update `pos` se...', Array)
#2 /home/berandah/subdomains/panel.berandahukum.com/vendor/laravel/framework/src/Illuminate/Database/Connection.php(638): Illuminate\\Database\\Connection->runQueryCallback('update `pos` se...', Array, Object(Closure))
#3 /home/berandah/subdomains/panel.berandahukum.com/vendor/laravel/framework/src/Illuminate/Database/Connection.php(503): Illuminate\\Database\\Connection->run('update `pos` se...', Array, Object(Closure))
#4 /home/berandah/subdomains/panel.berandahukum.com/vendor/laravel/framework/src/Illuminate/Database/Connection.php(436): Illuminate\\Database\\Connection->affectingStatement('update `pos` se...', Array)
#5 /home/berandah/subdomains/panel.berandahukum.com/vendor/laravel/framework/src/Illuminate/Database/Query/Builder.php(2913): Illuminate\\Database\\Connection->update('update `pos` se...', Array)
#6 /home/berandah/subdomains/panel.berandahukum.com/vendor/laravel/framework/src/Illuminate/Database/Eloquent/Builder.php(841): Illuminate\\Database\\Query\\Builder->update(Array)
#7 /home/berandah/subdomains/panel.berandahukum.com/app/Http/Controllers/PoController.php(308): Illuminate\\Database\\Eloquent\\Builder->update(Array)
#8 /home/berandah/subdomains/panel.berandahukum.com/vendor/laravel/framework/src/Illuminate/Routing/Controller.php(54): App\\Http\\Controllers\\PoController->update(Object(Illuminate\\Http\\Request), '340')
#9 /home/berandah/subdomains/panel.berandahukum.com/vendor/laravel/framework/src/Illuminate/Routing/ControllerDispatcher.php(45): Illuminate\\Routing\\Controller->callAction('update', Array)
#10 /home/berandah/subdomains/panel.berandahukum.com/vendor/laravel/framework/src/Illuminate/Routing/Route.php(254): Illuminate\\Routing\\ControllerDispatcher->dispatch(Object(Illuminate\\Routing\\Route), Object(App\\Http\\Controllers\\PoController), 'update')
#11 /home/berandah/subdomains/panel.berandahukum.com/vendor/laravel/framework/src/Illuminate/Routing/Route.php(197): Illuminate\\Routing\\Route->runController()
#12 /home/berandah/subdomains/panel.berandahukum.com/vendor/laravel/framework/src/Illuminate/Routing/Router.php(693): Illuminate\\Routing\\Route->run()
#13 /home/berandah/subdomains/panel.berandahukum.com/vendor/laravel/framework/src/Illuminate/Pipeline/Pipeline.php(128): Illuminate\\Routing\\Router->Illuminate\\Routing\\{closure}(Object(Illuminate\\Http\\Request))
#14 /home/berandah/subdomains/panel.berandahukum.com/app/Http/Middleware/CheckBlockedIp.php(22): Illuminate\\Pipeline\\Pipeline->Illuminate\\Pipeline\\{closure}(Object(Illuminate\\Http\\Request))
#15 /home/berandah/subdomains/panel.berandahukum.com/vendor/laravel/framework/src/Illuminate/Pipeline/Pipeline.php(167): App\\Http\\Middleware\\CheckBlockedIp->handle(Object(Illuminate\\Http\\Request), Object(Closure))
#16 /home/berandah/subdomains/panel.berandahukum.com/vendor/laravel/framework/src/Illuminate/Routing/Middleware/SubstituteBindings.php(50): Illuminate\\Pipeline\\Pipeline->Illuminate\\Pipeline\\{closure}(Object(Illuminate\\Http\\Request))
#17 /home/berandah/subdomains/panel.berandahukum.com/vendor/laravel/framework/src/Illuminate/Pipeline/Pipeline.php(167): Illuminate\\Routing\\Middleware\\SubstituteBindings->handle(Object(Illuminate\\Http\\Request), Object(Closure))
#18 /home/berandah/subdomains/panel.berandahukum.com/vendor/laravel/framework/src/Illuminate/Auth/Middleware/Authenticate.php(44): Illuminate\\Pipeline\\Pipeline->Illuminate\\Pipeline\\{closure}(Object(Illuminate\\Http\\Request))
#19 /home/berandah/subdomains/panel.berandahukum.com/vendor/laravel/framework/src/Illuminate/Pipeline/Pipeline.php(167): Illuminate\\Auth\\Middleware\\Authenticate->handle(Object(Illuminate\\Http\\Request), Object(Closure))
#20 /home/berandah/subdomains/panel.berandahukum.com/vendor/laravel/framework/src/Illuminate/Foundation/Http/Middleware/VerifyCsrfToken.php(78): Illuminate\\Pipeline\\Pipeline->Illuminate\\Pipeline\\{closure}(Object(Illuminate\\Http\\Request))
#21 /home/berandah/subdomains/panel.berandahukum.com/vendor/laravel/framework/src/Illuminate/Pipeline/Pipeline.php(167): Illuminate\\Foundation\\Http\\Middleware\\VerifyCsrfToken->handle(Object(Illuminate\\Http\\Request), Object(Closure))
#22 /home/berandah/subdomains/panel.berandahukum.com/vendor/laravel/framework/src/Illuminate/View/Middleware/ShareErrorsFromSession.php(49): Illuminate\\Pipeline\\Pipeline->Illuminate\\Pipeline\\{closure}(Object(Illuminate\\Http\\Request))
#23 /home/berandah/subdomains/panel.berandahukum.com/vendor/laravel/framework/src/Illuminate/Pipeline/Pipeline.php(167): Illuminate\\View\\Middleware\\ShareErrorsFromSession->handle(Object(Illuminate\\Http\\Request), Object(Closure))
#24 /home/berandah/subdomains/panel.berandahukum.com/vendor/laravel/framework/src/Illuminate/Session/Middleware/StartSession.php(121): Illuminate\\Pipeline\\Pipeline->Illuminate\\Pipeline\\{closure}(Object(Illuminate\\Http\\Request))
#25 /home/berandah/subdomains/panel.berandahukum.com/vendor/laravel/framework/src/Illuminate/Session/Middleware/StartSession.php(63): Illuminate\\Session\\Middleware\\StartSession->handleStatefulRequest(Object(Illuminate\\Http\\Request), Object(Illuminate\\Session\\Store), Object(Closure))
#26 /home/berandah/subdomains/panel.berandahukum.com/vendor/laravel/framework/src/Illuminate/Pipeline/Pipeline.php(167): Illuminate\\Session\\Middleware\\StartSession->handle(Object(Illuminate\\Http\\Request), Object(Closure))
#27 /home/berandah/subdomains/panel.berandahukum.com/vendor/laravel/framework/src/Illuminate/Cookie/Middleware/AddQueuedCookiesToResponse.php(37): Illuminate\\Pipeline\\Pipeline->Illuminate\\Pipeline\\{closure}(Object(Illuminate\\Http\\Request))
#28 /home/berandah/subdomains/panel.berandahukum.com/vendor/laravel/framework/src/Illuminate/Pipeline/Pipeline.php(167): Illuminate\\Cookie\\Middleware\\AddQueuedCookiesToResponse->handle(Object(Illuminate\\Http\\Request), Object(Closure))
#29 /home/berandah/subdomains/panel.berandahukum.com/vendor/laravel/framework/src/Illuminate/Cookie/Middleware/EncryptCookies.php(67): Illuminate\\Pipeline\\Pipeline->Illuminate\\Pipeline\\{closure}(Object(Illuminate\\Http\\Request))
#30 /home/berandah/subdomains/panel.berandahukum.com/vendor/laravel/framework/src/Illuminate/Pipeline/Pipeline.php(167): Illuminate\\Cookie\\Middleware\\EncryptCookies->handle(Object(Illuminate\\Http\\Request), Object(Closure))
#31 /home/berandah/subdomains/panel.berandahukum.com/vendor/laravel/framework/src/Illuminate/Pipeline/Pipeline.php(103): Illuminate\\Pipeline\\Pipeline->Illuminate\\Pipeline\\{closure}(Object(Illuminate\\Http\\Request))
#32 /home/berandah/subdomains/panel.berandahukum.com/vendor/laravel/framework/src/Illuminate/Routing/Router.php(695): Illuminate\\Pipeline\\Pipeline->then(Object(Closure))
#33 /home/berandah/subdomains/panel.berandahukum.com/vendor/laravel/framework/src/Illuminate/Routing/Router.php(670): Illuminate\\Routing\\Router->runRouteWithinStack(Object(Illuminate\\Routing\\Route), Object(Illuminate\\Http\\Request))
#34 /home/berandah/subdomains/panel.berandahukum.com/vendor/laravel/framework/src/Illuminate/Routing/Router.php(636): Illuminate\\Routing\\Router->runRoute(Object(Illuminate\\Http\\Request), Object(Illuminate\\Routing\\Route))
#35 /home/berandah/subdomains/panel.berandahukum.com/vendor/laravel/framework/src/Illuminate/Routing/Router.php(625): Illuminate\\Routing\\Router->dispatchToRoute(Object(Illuminate\\Http\\Request))
#36 /home/berandah/subdomains/panel.berandahukum.com/vendor/laravel/framework/src/Illuminate/Foundation/Http/Kernel.php(166): Illuminate\\Routing\\Router->dispatch(Object(Illuminate\\Http\\Request))
#37 /home/berandah/subdomains/panel.berandahukum.com/vendor/laravel/framework/src/Illuminate/Pipeline/Pipeline.php(128): Illuminate\\Foundation\\Http\\Kernel->Illuminate\\Foundation\\Http\\{closure}(Object(Illuminate\\Http\\Request))
#38 /home/berandah/subdomains/panel.berandahukum.com/vendor/laravel/framework/src/Illuminate/Foundation/Http/Middleware/TransformsRequest.php(21): Illuminate\\Pipeline\\Pipeline->Illuminate\\Pipeline\\{closure}(Object(Illuminate\\Http\\Request))
#39 /home/berandah/subdomains/panel.berandahukum.com/vendor/laravel/framework/src/Illuminate/Pipeline/Pipeline.php(167): Illuminate\\Foundation\\Http\\Middleware\\TransformsRequest->handle(Object(Illuminate\\Http\\Request), Object(Closure))
#40 /home/berandah/subdomains/panel.berandahukum.com/vendor/laravel/framework/src/Illuminate/Foundation/Http/Middleware/TransformsRequest.php(21): Illuminate\\Pipeline\\Pipeline->Illuminate\\Pipeline\\{closure}(Object(Illuminate\\Http\\Request))
#41 /home/berandah/subdomains/panel.berandahukum.com/vendor/laravel/framework/src/Illuminate/Pipeline/Pipeline.php(167): Illuminate\\Foundation\\Http\\Middleware\\TransformsRequest->handle(Object(Illuminate\\Http\\Request), Object(Closure))
#42 /home/berandah/subdomains/panel.berandahukum.com/vendor/laravel/framework/src/Illuminate/Foundation/Http/Middleware/ValidatePostSize.php(27): Illuminate\\Pipeline\\Pipeline->Illuminate\\Pipeline\\{closure}(Object(Illuminate\\Http\\Request))
#43 /home/berandah/subdomains/panel.berandahukum.com/vendor/laravel/framework/src/Illuminate/Pipeline/Pipeline.php(167): Illuminate\\Foundation\\Http\\Middleware\\ValidatePostSize->handle(Object(Illuminate\\Http\\Request), Object(Closure))
#44 /home/berandah/subdomains/panel.berandahukum.com/vendor/laravel/framework/src/Illuminate/Foundation/Http/Middleware/PreventRequestsDuringMaintenance.php(86): Illuminate\\Pipeline\\Pipeline->Illuminate\\Pipeline\\{closure}(Object(Illuminate\\Http\\Request))
#45 /home/berandah/subdomains/panel.berandahukum.com/vendor/laravel/framework/src/Illuminate/Pipeline/Pipeline.php(167): Illuminate\\Foundation\\Http\\Middleware\\PreventRequestsDuringMaintenance->handle(Object(Illuminate\\Http\\Request), Object(Closure))
#46 /home/berandah/subdomains/panel.berandahukum.com/vendor/fruitcake/laravel-cors/src/HandleCors.php(37): Illuminate\\Pipeline\\Pipeline->Illuminate\\Pipeline\\{closure}(Object(Illuminate\\Http\\Request))
#47 /home/berandah/subdomains/panel.berandahukum.com/vendor/laravel/framework/src/Illuminate/Pipeline/Pipeline.php(167): Fruitcake\\Cors\\HandleCors->handle(Object(Illuminate\\Http\\Request), Object(Closure))
#48 /home/berandah/subdomains/panel.berandahukum.com/vendor/fideloper/proxy/src/TrustProxies.php(57): Illuminate\\Pipeline\\Pipeline->Illuminate\\Pipeline\\{closure}(Object(Illuminate\\Http\\Request))
#49 /home/berandah/subdomains/panel.berandahukum.com/vendor/laravel/framework/src/Illuminate/Pipeline/Pipeline.php(167): Fideloper\\Proxy\\TrustProxies->handle(Object(Illuminate\\Http\\Request), Object(Closure))
#50 /home/berandah/subdomains/panel.berandahukum.com/vendor/laravel/framework/src/Illuminate/Pipeline/Pipeline.php(103): Illuminate\\Pipeline\\Pipeline->Illuminate\\Pipeline\\{closure}(Object(Illuminate\\Http\\Request))
#51 /home/berandah/subdomains/panel.berandahukum.com/vendor/laravel/framework/src/Illuminate/Foundation/Http/Kernel.php(141): Illuminate\\Pipeline\\Pipeline->then(Object(Closure))
#52 /home/berandah/subdomains/panel.berandahukum.com/vendor/laravel/framework/src/Illuminate/Foundation/Http/Kernel.php(110): Illuminate\\Foundation\\Http\\Kernel->sendRequestThroughRouter(Object(Illuminate\\Http\\Request))
#53 /home/berandah/subdomains/panel.berandahukum.com/public/index.php(52): Illuminate\\Foundation\\Http\\Kernel->handle(Object(Illuminate\\Http\\Request))
#54 {main}
"} 
[2026-08-20 23:00:00] local.ERROR: SQLSTATE[42S02]: Base table or view not found: 1146 Table 'berandah_pos.serial_numbers' doesn't exist (SQL: select * from `serial_numbers` where 0 = 1 and `serial_numbers`.`deleted_at` is null) {"userId":36,"exception":"[object] (Illuminate\\Database\\QueryException(code: 42S02): SQLSTATE[42S02]: Base table or view not found: 1146 Table 'berandah_pos.serial_numbers' doesn't exist (SQL: select * from `serial_numbers` where 0 = 1 and `serial_numbers`.`deleted_at` is null) at /home/berandah/subdomains/panel.berandahukum.com/vendor/laravel/framework/src/Illuminate/Database/Connection.php:678)
[stacktrace]
#0 /home/berandah/subdomains/panel.berandahukum.com/vendor/laravel/framework/src/Illuminate/Database/Connection.php(638): Illuminate\\Database\\Connection->runQueryCallback('select * from `...', Array, Object(Closure))
#1 /home/berandah/subdomains/panel.berandahukum.com/vendor/laravel/framework/src/Illuminate/Database/Connection.php(346): Illuminate\\Database\\Connection->run('select * from `...', Array, Object(Closure))
#2 /home/berandah/subdomains/panel.berandahukum.com/vendor/laravel/framework/src/Illuminate/Database/Query/Builder.php(2313): Illuminate\\Database\\Connection->select('select * from `...', Array, true)
#3 /home/berandah/subdomains/panel.berandahukum.com/vendor/laravel/framework/src/Illuminate/Database/Query/Builder.php(2301): Illuminate\\Database\\Query\\Builder->runSelect()
#4 /home/berandah/subdomains/panel.berandahukum.com/vendor/laravel/framework/src/Illuminate/Database/Query/Builder.php(2796): Illuminate\\Database\\Query\\Builder->Illuminate\\Database\\Query\\{closure}()
#5 /home/berandah/subdomains/panel.berandahukum.com/vendor/laravel/framework/src/Illuminate/Database/Query/Builder.php(2302): Illuminate\\Database\\Query\\Builder->onceWithColumns(Array, Object(Closure))
#6 /home/berandah/subdomains/panel.berandahukum.com/vendor/laravel/framework/src/Illuminate/Database/Eloquent/Builder.php(588): Illuminate\\Database\\Query\\Builder->get(Array)
#7 /home/berandah/subdomains/panel.berandahukum.com/vendor/laravel/framework/src/Illuminate/Database/Eloquent/Builder.php(572): Illuminate\\Database\\Eloquent\\Builder->getModels(Array)
#8 /home/berandah/subdomains/panel.berandahukum.com/vendor/laravel/framework/src/Illuminate/Database/Eloquent/Relations/Relation.php(188): Illuminate\\Database\\Eloquent\\Builder->get(Array)
#9 /home/berandah/subdomains/panel.berandahukum.com/vendor/laravel/framework/src/Illuminate/Database/Eloquent/Relations/Relation.php(153): Illuminate\\Database\\Eloquent\\Relations\\Relation->get()
#10 /home/berandah/subdomains/panel.berandahukum.com/vendor/laravel/framework/src/Illuminate/Database/Eloquent/Builder.php(636): Illuminate\\Database\\Eloquent\\Relations\\Relation->getEager()
#11 /home/berandah/subdomains/panel.berandahukum.com/vendor/laravel/framework/src/Illuminate/Database/Eloquent/Builder.php(605): Illuminate\\Database\\Eloquent\\Builder->eagerLoadRelation(Array, 'serial_number', Object(Closure))
#12 /home/berandah/subdomains/panel.berandahukum.com/vendor/laravel/framework/src/Illuminate/Database/Eloquent/Builder.php(573): Illuminate\\Database\\Eloquent\\Builder->eagerLoadRelations(Array)
#13 /home/berandah/subdomains/panel.berandahukum.com/vendor/laravel/framework/src/Illuminate/Database/Eloquent/Relations/Relation.php(188): Illuminate\\Database\\Eloquent\\Builder->get(Array)
#14 /home/berandah/subdomains/panel.berandahukum.com/vendor/laravel/framework/src/Illuminate/Database/Eloquent/Relations/Relation.php(153): Illuminate\\Database\\Eloquent\\Relations\\Relation->get()
#15 /home/berandah/subdomains/panel.berandahukum.com/vendor/laravel/framework/src/Illuminate/Database/Eloquent/Builder.php(636): Illuminate\\Database\\Eloquent\\Relations\\Relation->getEager()
#16 /home/berandah/subdomains/panel.berandahukum.com/vendor/laravel/framework/src/Illuminate/Database/Eloquent/Builder.php(605): Illuminate\\Database\\Eloquent\\Builder->eagerLoadRelation(Array, 'detail_penjuala...', Object(Closure))
#17 /home/berandah/subdomains/panel.berandahukum.com/vendor/laravel/framework/src/Illuminate/Database/Eloquent/Builder.php(573): Illuminate\\Database\\Eloquent\\Builder->eagerLoadRelations(Array)
#18 /home/berandah/subdomains/panel.berandahukum.com/vendor/laravel/framework/src/Illuminate/Database/Concerns/BuildsQueries.php(170): Illuminate\\Database\\Eloquent\\Builder->get(Array)
#19 /home/berandah/subdomains/panel.berandahukum.com/app/Http/Controllers/PenjualanController.php(250): Illuminate\\Database\\Eloquent\\Builder->first()
#20 /home/berandah/subdomains/panel.berandahukum.com/vendor/laravel/framework/src/Illuminate/Routing/Controller.php(54): App\\Http\\Controllers\\PenjualanController->edit('1543')
#21 /home/berandah/subdomains/panel.berandahukum.com/vendor/laravel/framework/src/Illuminate/Routing/ControllerDispatcher.php(45): Illuminate\\Routing\\Controller->callAction('edit', Array)
#22 /home/berandah/subdomains/panel.berandahukum.com/vendor/laravel/framework/src/Illuminate/Routing/Route.php(254): Illuminate\\Routing\\ControllerDispatcher->dispatch(Object(Illuminate\\Routing\\Route), Object(App\\Http\\Controllers\\PenjualanController), 'edit')
#23 /home/berandah/subdomains/panel.berandahukum.com/vendor/laravel/framework/src/Illuminate/Routing/Route.php(197): Illuminate\\Routing\\Route->runController()
#24 /home/berandah/subdomains/panel.berandahukum.com/vendor/laravel/framework/src/Illuminate/Routing/Router.php(693): Illuminate\\Routing\\Route->run()
#25 /home/berandah/subdomains/panel.berandahukum.com/vendor/laravel/framework/src/Illuminate/Pipeline/Pipeline.php(128): Illuminate\\Routing\\Router->Illuminate\\Routing\\{closure}(Object(Illuminate\\Http\\Request))
#26 /home/berandah/subdomains/panel.berandahukum.com/app/Http/Middleware/CheckBlockedIp.php(22): Illuminate\\Pipeline\\Pipeline->Illuminate\\Pipeline\\{closure}(Object(Illuminate\\Http\\Request))
#27 /home/berandah/subdomains/panel.berandahukum.com/vendor/laravel/framework/src/Illuminate/Pipeline/Pipeline.php(167): App\\Http\\Middleware\\CheckBlockedIp->handle(Object(Illuminate\\Http\\Request), Object(Closure))
#28 /home/berandah/subdomains/panel.berandahukum.com/vendor/laravel/framework/src/Illuminate/Routing/Middleware/SubstituteBindings.php(50): Illuminate\\Pipeline\\Pipeline->Illuminate\\Pipeline\\{closure}(Object(Illuminate\\Http\\Request))
#29 /home/berandah/subdomains/panel.berandahukum.com/vendor/laravel/framework/src/Illuminate/Pipeline/Pipeline.php(167): Illuminate\\Routing\\Middleware\\SubstituteBindings->handle(Object(Illuminate\\Http\\Request), Object(Closure))
#30 /home/berandah/subdomains/panel.berandahukum.com/vendor/laravel/framework/src/Illuminate/Auth/Middleware/Authenticate.php(44): Illuminate\\Pipeline\\Pipeline->Illuminate\\Pipeline\\{closure}(Object(Illuminate\\Http\\Request))
#31 /home/berandah/subdomains/panel.berandahukum.com/vendor/laravel/framework/src/Illuminate/Pipeline/Pipeline.php(167): Illuminate\\Auth\\Middleware\\Authenticate->handle(Object(Illuminate\\Http\\Request), Object(Closure))
#32 /home/berandah/subdomains/panel.berandahukum.com/vendor/laravel/framework/src/Illuminate/Foundation/Http/Middleware/VerifyCsrfToken.php(78): Illuminate\\Pipeline\\Pipeline->Illuminate\\Pipeline\\{closure}(Object(Illuminate\\Http\\Request))
#33 /home/berandah/subdomains/panel.berandahukum.com/vendor/laravel/framework/src/Illuminate/Pipeline/Pipeline.php(167): Illuminate\\Foundation\\Http\\Middleware\\VerifyCsrfToken->handle(Object(Illuminate\\Http\\Request), Object(Closure))
#34 /home/berandah/subdomains/panel.berandahukum.com/vendor/laravel/framework/src/Illuminate/View/Middleware/ShareErrorsFromSession.php(49): Illuminate\\Pipeline\\Pipeline->Illuminate\\Pipeline\\{closure}(Object(Illuminate\\Http\\Request))
#35 /home/berandah/subdomains/panel.berandahukum.com/vendor/laravel/framework/src/Illuminate/Pipeline/Pipeline.php(167): Illuminate\\View\\Middleware\\ShareErrorsFromSession->handle(Object(Illuminate\\Http\\Request), Object(Closure))
#36 /home/berandah/subdomains/panel.berandahukum.com/vendor/laravel/framework/src/Illuminate/Session/Middleware/StartSession.php(121): Illuminate\\Pipeline\\Pipeline->Illuminate\\Pipeline\\{closure}(Object(Illuminate\\Http\\Request))
#37 /home/berandah/subdomains/panel.berandahukum.com/vendor/laravel/framework/src/Illuminate/Session/Middleware/StartSession.php(63): Illuminate\\Session\\Middleware\\StartSession->handleStatefulRequest(Object(Illuminate\\Http\\Request), Object(Illuminate\\Session\\Store), Object(Closure))
#38 /home/berandah/subdomains/panel.berandahukum.com/vendor/laravel/framework/src/Illuminate/Pipeline/Pipeline.php(167): Illuminate\\Session\\Middleware\\StartSession->handle(Object(Illuminate\\Http\\Request), Object(Closure))
#39 /home/berandah/subdomains/panel.berandahukum.com/vendor/laravel/framework/src/Illuminate/Cookie/Middleware/AddQueuedCookiesToResponse.php(37): Illuminate\\Pipeline\\Pipeline->Illuminate\\Pipeline\\{closure}(Object(Illuminate\\Http\\Request))
#40 /home/berandah/subdomains/panel.berandahukum.com/vendor/laravel/framework/src/Illuminate/Pipeline/Pipeline.php(167): Illuminate\\Cookie\\Middleware\\AddQueuedCookiesToResponse->handle(Object(Illuminate\\Http\\Request), Object(Closure))
#41 /home/berandah/subdomains/panel.berandahukum.com/vendor/laravel/framework/src/Illuminate/Cookie/Middleware/EncryptCookies.php(67): Illuminate\\Pipeline\\Pipeline->Illuminate\\Pipeline\\{closure}(Object(Illuminate\\Http\\Request))
#42 /home/berandah/subdomains/panel.berandahukum.com/vendor/laravel/framework/src/Illuminate/Pipeline/Pipeline.php(167): Illuminate\\Cookie\\Middleware\\EncryptCookies->handle(Object(Illuminate\\Http\\Request), Object(Closure))
#43 /home/berandah/subdomains/panel.berandahukum.com/vendor/laravel/framework/src/Illuminate/Pipeline/Pipeline.php(103): Illuminate\\Pipeline\\Pipeline->Illuminate\\Pipeline\\{closure}(Object(Illuminate\\Http\\Request))
#44 /home/berandah/subdomains/panel.berandahukum.com/vendor/laravel/framework/src/Illuminate/Routing/Router.php(695): Illuminate\\Pipeline\\Pipeline->then(Object(Closure))
#45 /home/berandah/subdomains/panel.berandahukum.com/vendor/laravel/framework/src/Illuminate/Routing/Router.php(670): Illuminate\\Routing\\Router->runRouteWithinStack(Object(Illuminate\\Routing\\Route), Object(Illuminate\\Http\\Request))
#46 /home/berandah/subdomains/panel.berandahukum.com/vendor/laravel/framework/src/Illuminate/Routing/Router.php(636): Illuminate\\Routing\\Router->runRoute(Object(Illuminate\\Http\\Request), Object(Illuminate\\Routing\\Route))
#47 /home/berandah/subdomains/panel.berandahukum.com/vendor/laravel/framework/src/Illuminate/Routing/Router.php(625): Illuminate\\Routing\\Router->dispatchToRoute(Object(Illuminate\\Http\\Request))
#48 /home/berandah/subdomains/panel.berandahukum.com/vendor/laravel/framework/src/Illuminate/Foundation/Http/Kernel.php(166): Illuminate\\Routing\\Router->dispatch(Object(Illuminate\\Http\\Request))
#49 /home/berandah/subdomains/panel.berandahukum.com/vendor/laravel/framework/src/Illuminate/Pipeline/Pipeline.php(128): Illuminate\\Foundation\\Http\\Kernel->Illuminate\\Foundation\\Http\\{closure}(Object(Illuminate\\Http\\Request))
#50 /home/berandah/subdomains/panel.berandahukum.com/vendor/laravel/framework/src/Illuminate/Foundation/Http/Middleware/TransformsRequest.php(21): Illuminate\\Pipeline\\Pipeline->Illuminate\\Pipeline\\{closure}(Object(Illuminate\\Http\\Request))
#51 /home/berandah/subdomains/panel.berandahukum.com/vendor/laravel/framework/src/Illuminate/Pipeline/Pipeline.php(167): Illuminate\\Foundation\\Http\\Middleware\\TransformsRequest->handle(Object(Illuminate\\Http\\Request), Object(Closure))
#52 /home/berandah/subdomains/panel.berandahukum.com/vendor/laravel/framework/src/Illuminate/Foundation/Http/Middleware/TransformsRequest.php(21): Illuminate\\Pipeline\\Pipeline->Illuminate\\Pipeline\\{closure}(Object(Illuminate\\Http\\Request))
#53 /home/berandah/subdomains/panel.berandahukum.com/vendor/laravel/framework/src/Illuminate/Pipeline/Pipeline.php(167): Illuminate\\Foundation\\Http\\Middleware\\TransformsRequest->handle(Object(Illuminate\\Http\\Request), Object(Closure))
#54 /home/berandah/subdomains/panel.berandahukum.com/vendor/laravel/framework/src/Illuminate/Foundation/Http/Middleware/ValidatePostSize.php(27): Illuminate\\Pipeline\\Pipeline->Illuminate\\Pipeline\\{closure}(Object(Illuminate\\Http\\Request))
#55 /home/berandah/subdomains/panel.berandahukum.com/vendor/laravel/framework/src/Illuminate/Pipeline/Pipeline.php(167): Illuminate\\Foundation\\Http\\Middleware\\ValidatePostSize->handle(Object(Illuminate\\Http\\Request), Object(Closure))
#56 /home/berandah/subdomains/panel.berandahukum.com/vendor/laravel/framework/src/Illuminate/Foundation/Http/Middleware/PreventRequestsDuringMaintenance.php(86): Illuminate\\Pipeline\\Pipeline->Illuminate\\Pipeline\\{closure}(Object(Illuminate\\Http\\Request))
#57 /home/berandah/subdomains/panel.berandahukum.com/vendor/laravel/framework/src/Illuminate/Pipeline/Pipeline.php(167): Illuminate\\Foundation\\Http\\Middleware\\PreventRequestsDuringMaintenance->handle(Object(Illuminate\\Http\\Request), Object(Closure))
#58 /home/berandah/subdomains/panel.berandahukum.com/vendor/fruitcake/laravel-cors/src/HandleCors.php(37): Illuminate\\Pipeline\\Pipeline->Illuminate\\Pipeline\\{closure}(Object(Illuminate\\Http\\Request))
#59 /home/berandah/subdomains/panel.berandahukum.com/vendor/laravel/framework/src/Illuminate/Pipeline/Pipeline.php(167): Fruitcake\\Cors\\HandleCors->handle(Object(Illuminate\\Http\\Request), Object(Closure))
#60 /home/berandah/subdomains/panel.berandahukum.com/vendor/fideloper/proxy/src/TrustProxies.php(57): Illuminate\\Pipeline\\Pipeline->Illuminate\\Pipeline\\{closure}(Object(Illuminate\\Http\\Request))
#61 /home/berandah/subdomains/panel.berandahukum.com/vendor/laravel/framework/src/Illuminate/Pipeline/Pipeline.php(167): Fideloper\\Proxy\\TrustProxies->handle(Object(Illuminate\\Http\\Request), Object(Closure))
#62 /home/berandah/subdomains/panel.berandahukum.com/vendor/laravel/framework/src/Illuminate/Pipeline/Pipeline.php(103): Illuminate\\Pipeline\\Pipeline->Illuminate\\Pipeline\\{closure}(Object(Illuminate\\Http\\Request))
#63 /home/berandah/subdomains/panel.berandahukum.com/vendor/laravel/framework/src/Illuminate/Foundation/Http/Kernel.php(141): Illuminate\\Pipeline\\Pipeline->then(Object(Closure))
#64 /home/berandah/subdomains/panel.berandahukum.com/vendor/laravel/framework/src/Illuminate/Foundation/Http/Kernel.php(110): Illuminate\\Foundation\\Http\\Kernel->sendRequestThroughRouter(Object(Illuminate\\Http\\Request))
#65 /home/berandah/subdomains/panel.berandahukum.com/public/index.php(52): Illuminate\\Foundation\\Http\\Kernel->handle(Object(Illuminate\\Http\\Request))
#66 {main}

[previous exception] [object] (PDOException(code: 42S02): SQLSTATE[42S02]: Base table or view not found: 1146 Table 'berandah_pos.serial_numbers' doesn't exist at /home/berandah/subdomains/panel.berandahukum.com/vendor/laravel/framework/src/Illuminate/Database/Connection.php:338)
[stacktrace]
#0 /home/berandah/subdomains/panel.berandahukum.com/vendor/laravel/framework/src/Illuminate/Database/Connection.php(338): PDO->prepare('select * from `...')
#1 /home/berandah/subdomains/panel.berandahukum.com/vendor/laravel/framework/src/Illuminate/Database/Connection.php(671): Illuminate\\Database\\Connection->Illuminate\\Database\\{closure}('select * from `...', Array)
#2 /home/berandah/subdomains/panel.berandahukum.com/vendor/laravel/framework/src/Illuminate/Database/Connection.php(638): Illuminate\\Database\\Connection->runQueryCallback('select * from `...', Array, Object(Closure))
#3 /home/berandah/subdomains/panel.berandahukum.com/vendor/laravel/framework/src/Illuminate/Database/Connection.php(346): Illuminate\\Database\\Connection->run('select * from `...', Array, Object(Closure))
#4 /home/berandah/subdomains/panel.berandahukum.com/vendor/laravel/framework/src/Illuminate/Database/Query/Builder.php(2313): Illuminate\\Database\\Connection->select('select * from `...', Array, true)
#5 /home/berandah/subdomains/panel.berandahukum.com/vendor/laravel/framework/src/Illuminate/Database/Query/Builder.php(2301): Illuminate\\Database\\Query\\Builder->runSelect()
#6 /home/berandah/subdomains/panel.berandahukum.com/vendor/laravel/framework/src/Illuminate/Database/Query/Builder.php(2796): Illuminate\\Database\\Query\\Builder->Illuminate\\Database\\Query\\{closure}()
#7 /home/berandah/subdomains/panel.berandahukum.com/vendor/laravel/framework/src/Illuminate/Database/Query/Builder.php(2302): Illuminate\\Database\\Query\\Builder->onceWithColumns(Array, Object(Closure))
#8 /home/berandah/subdomains/panel.berandahukum.com/vendor/laravel/framework/src/Illuminate/Database/Eloquent/Builder.php(588): Illuminate\\Database\\Query\\Builder->get(Array)
#9 /home/berandah/subdomains/panel.berandahukum.com/vendor/laravel/framework/src/Illuminate/Database/Eloquent/Builder.php(572): Illuminate\\Database\\Eloquent\\Builder->getModels(Array)
#10 /home/berandah/subdomains/panel.berandahukum.com/vendor/laravel/framework/src/Illuminate/Database/Eloquent/Relations/Relation.php(188): Illuminate\\Database\\Eloquent\\Builder->get(Array)
#11 /home/berandah/subdomains/panel.berandahukum.com/vendor/laravel/framework/src/Illuminate/Database/Eloquent/Relations/Relation.php(153): Illuminate\\Database\\Eloquent\\Relations\\Relation->get()
#12 /home/berandah/subdomains/panel.berandahukum.com/vendor/laravel/framework/src/Illuminate/Database/Eloquent/Builder.php(636): Illuminate\\Database\\Eloquent\\Relations\\Relation->getEager()
#13 /home/berandah/subdomains/panel.berandahukum.com/vendor/laravel/framework/src/Illuminate/Database/Eloquent/Builder.php(605): Illuminate\\Database\\Eloquent\\Builder->eagerLoadRelation(Array, 'serial_number', Object(Closure))
#14 /home/berandah/subdomains/panel.berandahukum.com/vendor/laravel/framework/src/Illuminate/Database/Eloquent/Builder.php(573): Illuminate\\Database\\Eloquent\\Builder->eagerLoadRelations(Array)
#15 /home/berandah/subdomains/panel.berandahukum.com/vendor/laravel/framework/src/Illuminate/Database/Eloquent/Relations/Relation.php(188): Illuminate\\Database\\Eloquent\\Builder->get(Array)
#16 /home/berandah/subdomains/panel.berandahukum.com/vendor/laravel/framework/src/Illuminate/Database/Eloquent/Relations/Relation.php(153): Illuminate\\Database\\Eloquent\\Relations\\Relation->get()
#17 /home/berandah/subdomains/panel.berandahukum.com/vendor/laravel/framework/src/Illuminate/Database/Eloquent/Builder.php(636): Illuminate\\Database\\Eloquent\\Relations\\Relation->getEager()
#18 /home/berandah/subdomains/panel.berandahukum.com/vendor/laravel/framework/src/Illuminate/Database/Eloquent/Builder.php(605): Illuminate\\Database\\Eloquent\\Builder->eagerLoadRelation(Array, 'detail_penjuala...', Object(Closure))
#19 /home/berandah/subdomains/panel.berandahukum.com/vendor/laravel/framework/src/Illuminate/Database/Eloquent/Builder.php(573): Illuminate\\Database\\Eloquent\\Builder->eagerLoadRelations(Array)
#20 /home/berandah/subdomains/panel.berandahukum.com/vendor/laravel/framework/src/Illuminate/Database/Concerns/BuildsQueries.php(170): Illuminate\\Database\\Eloquent\\Builder->get(Array)
#21 /home/berandah/subdomains/panel.berandahukum.com/app/Http/Controllers/PenjualanController.php(250): Illuminate\\Database\\Eloquent\\Builder->first()
#22 /home/berandah/subdomains/panel.berandahukum.com/vendor/laravel/framework/src/Illuminate/Routing/Controller.php(54): App\\Http\\Controllers\\PenjualanController->edit('1543')
#23 /home/berandah/subdomains/panel.berandahukum.com/vendor/laravel/framework/src/Illuminate/Routing/ControllerDispatcher.php(45): Illuminate\\Routing\\Controller->callAction('edit', Array)
#24 /home/berandah/subdomains/panel.berandahukum.com/vendor/laravel/framework/src/Illuminate/Routing/Route.php(254): Illuminate\\Routing\\ControllerDispatcher->dispatch(Object(Illuminate\\Routing\\Route), Object(App\\Http\\Controllers\\PenjualanController), 'edit')
#25 /home/berandah/subdomains/panel.berandahukum.com/vendor/laravel/framework/src/Illuminate/Routing/Route.php(197): Illuminate\\Routing\\Route->runController()
#26 /home/berandah/subdomains/panel.berandahukum.com/vendor/laravel/framework/src/Illuminate/Routing/Router.php(693): Illuminate\\Routing\\Route->run()
#27 /home/berandah/subdomains/panel.berandahukum.com/vendor/laravel/framework/src/Illuminate/Pipeline/Pipeline.php(128): Illuminate\\Routing\\Router->Illuminate\\Routing\\{closure}(Object(Illuminate\\Http\\Request))
#28 /home/berandah/subdomains/panel.berandahukum.com/app/Http/Middleware/CheckBlockedIp.php(22): Illuminate\\Pipeline\\Pipeline->Illuminate\\Pipeline\\{closure}(Object(Illuminate\\Http\\Request))
#29 /home/berandah/subdomains/panel.berandahukum.com/vendor/laravel/framework/src/Illuminate/Pipeline/Pipeline.php(167): App\\Http\\Middleware\\CheckBlockedIp->handle(Object(Illuminate\\Http\\Request), Object(Closure))
#30 /home/berandah/subdomains/panel.berandahukum.com/vendor/laravel/framework/src/Illuminate/Routing/Middleware/SubstituteBindings.php(50): Illuminate\\Pipeline\\Pipeline->Illuminate\\Pipeline\\{closure}(Object(Illuminate\\Http\\Request))
#31 /home/berandah/subdomains/panel.berandahukum.com/vendor/laravel/framework/src/Illuminate/Pipeline/Pipeline.php(167): Illuminate\\Routing\\Middleware\\SubstituteBindings->handle(Object(Illuminate\\Http\\Request), Object(Closure))
#32 /home/berandah/subdomains/panel.berandahukum.com/vendor/laravel/framework/src/Illuminate/Auth/Middleware/Authenticate.php(44): Illuminate\\Pipeline\\Pipeline->Illuminate\\Pipeline\\{closure}(Object(Illuminate\\Http\\Request))
#33 /home/berandah/subdomains/panel.berandahukum.com/vendor/laravel/framework/src/Illuminate/Pipeline/Pipeline.php(167): Illuminate\\Auth\\Middleware\\Authenticate->handle(Object(Illuminate\\Http\\Request), Object(Closure))
#34 /home/berandah/subdomains/panel.berandahukum.com/vendor/laravel/framework/src/Illuminate/Foundation/Http/Middleware/VerifyCsrfToken.php(78): Illuminate\\Pipeline\\Pipeline->Illuminate\\Pipeline\\{closure}(Object(Illuminate\\Http\\Request))
#35 /home/berandah/subdomains/panel.berandahukum.com/vendor/laravel/framework/src/Illuminate/Pipeline/Pipeline.php(167): Illuminate\\Foundation\\Http\\Middleware\\VerifyCsrfToken->handle(Object(Illuminate\\Http\\Request), Object(Closure))
#36 /home/berandah/subdomains/panel.berandahukum.com/vendor/laravel/framework/src/Illuminate/View/Middleware/ShareErrorsFromSession.php(49): Illuminate\\Pipeline\\Pipeline->Illuminate\\Pipeline\\{closure}(Object(Illuminate\\Http\\Request))
#37 /home/berandah/subdomains/panel.berandahukum.com/vendor/laravel/framework/src/Illuminate/Pipeline/Pipeline.php(167): Illuminate\\View\\Middleware\\ShareErrorsFromSession->handle(Object(Illuminate\\Http\\Request), Object(Closure))
#38 /home/berandah/subdomains/panel.berandahukum.com/vendor/laravel/framework/src/Illuminate/Session/Middleware/StartSession.php(121): Illuminate\\Pipeline\\Pipeline->Illuminate\\Pipeline\\{closure}(Object(Illuminate\\Http\\Request))
#39 /home/berandah/subdomains/panel.berandahukum.com/vendor/laravel/framework/src/Illuminate/Session/Middleware/StartSession.php(63): Illuminate\\Session\\Middleware\\StartSession->handleStatefulRequest(Object(Illuminate\\Http\\Request), Object(Illuminate\\Session\\Store), Object(Closure))
#40 /home/berandah/subdomains/panel.berandahukum.com/vendor/laravel/framework/src/Illuminate/Pipeline/Pipeline.php(167): Illuminate\\Session\\Middleware\\StartSession->handle(Object(Illuminate\\Http\\Request), Object(Closure))
#41 /home/berandah/subdomains/panel.berandahukum.com/vendor/laravel/framework/src/Illuminate/Cookie/Middleware/AddQueuedCookiesToResponse.php(37): Illuminate\\Pipeline\\Pipeline->Illuminate\\Pipeline\\{closure}(Object(Illuminate\\Http\\Request))
#42 /home/berandah/subdomains/panel.berandahukum.com/vendor/laravel/framework/src/Illuminate/Pipeline/Pipeline.php(167): Illuminate\\Cookie\\Middleware\\AddQueuedCookiesToResponse->handle(Object(Illuminate\\Http\\Request), Object(Closure))
#43 /home/berandah/subdomains/panel.berandahukum.com/vendor/laravel/framework/src/Illuminate/Cookie/Middleware/EncryptCookies.php(67): Illuminate\\Pipeline\\Pipeline->Illuminate\\Pipeline\\{closure}(Object(Illuminate\\Http\\Request))
#44 /home/berandah/subdomains/panel.berandahukum.com/vendor/laravel/framework/src/Illuminate/Pipeline/Pipeline.php(167): Illuminate\\Cookie\\Middleware\\EncryptCookies->handle(Object(Illuminate\\Http\\Request), Object(Closure))
#45 /home/berandah/subdomains/panel.berandahukum.com/vendor/laravel/framework/src/Illuminate/Pipeline/Pipeline.php(103): Illuminate\\Pipeline\\Pipeline->Illuminate\\Pipeline\\{closure}(Object(Illuminate\\Http\\Request))
#46 /home/berandah/subdomains/panel.berandahukum.com/vendor/laravel/framework/src/Illuminate/Routing/Router.php(695): Illuminate\\Pipeline\\Pipeline->then(Object(Closure))
#47 /home/berandah/subdomains/panel.berandahukum.com/vendor/laravel/framework/src/Illuminate/Routing/Router.php(670): Illuminate\\Routing\\Router->runRouteWithinStack(Object(Illuminate\\Routing\\Route), Object(Illuminate\\Http\\Request))
#48 /home/berandah/subdomains/panel.berandahukum.com/vendor/laravel/framework/src/Illuminate/Routing/Router.php(636): Illuminate\\Routing\\Router->runRoute(Object(Illuminate\\Http\\Request), Object(Illuminate\\Routing\\Route))
#49 /home/berandah/subdomains/panel.berandahukum.com/vendor/laravel/framework/src/Illuminate/Routing/Router.php(625): Illuminate\\Routing\\Router->dispatchToRoute(Object(Illuminate\\Http\\Request))
#50 /home/berandah/subdomains/panel.berandahukum.com/vendor/laravel/framework/src/Illuminate/Foundation/Http/Kernel.php(166): Illuminate\\Routing\\Router->dispatch(Object(Illuminate\\Http\\Request))
#51 /home/berandah/subdomains/panel.berandahukum.com/vendor/laravel/framework/src/Illuminate/Pipeline/Pipeline.php(128): Illuminate\\Foundation\\Http\\Kernel->Illuminate\\Foundation\\Http\\{closure}(Object(Illuminate\\Http\\Request))
#52 /home/berandah/subdomains/panel.berandahukum.com/vendor/laravel/framework/src/Illuminate/Foundation/Http/Middleware/TransformsRequest.php(21): Illuminate\\Pipeline\\Pipeline->Illuminate\\Pipeline\\{closure}(Object(Illuminate\\Http\\Request))
#53 /home/berandah/subdomains/panel.berandahukum.com/vendor/laravel/framework/src/Illuminate/Pipeline/Pipeline.php(167): Illuminate\\Foundation\\Http\\Middleware\\TransformsRequest->handle(Object(Illuminate\\Http\\Request), Object(Closure))
#54 /home/berandah/subdomains/panel.berandahukum.com/vendor/laravel/framework/src/Illuminate/Foundation/Http/Middleware/TransformsRequest.php(21): Illuminate\\Pipeline\\Pipeline->Illuminate\\Pipeline\\{closure}(Object(Illuminate\\Http\\Request))
#55 /home/berandah/subdomains/panel.berandahukum.com/vendor/laravel/framework/src/Illuminate/Pipeline/Pipeline.php(167): Illuminate\\Foundation\\Http\\Middleware\\TransformsRequest->handle(Object(Illuminate\\Http\\Request), Object(Closure))
#56 /home/berandah/subdomains/panel.berandahukum.com/vendor/laravel/framework/src/Illuminate/Foundation/Http/Middleware/ValidatePostSize.php(27): Illuminate\\Pipeline\\Pipeline->Illuminate\\Pipeline\\{closure}(Object(Illuminate\\Http\\Request))
#57 /home/berandah/subdomains/panel.berandahukum.com/vendor/laravel/framework/src/Illuminate/Pipeline/Pipeline.php(167): Illuminate\\Foundation\\Http\\Middleware\\ValidatePostSize->handle(Object(Illuminate\\Http\\Request), Object(Closure))
#58 /home/berandah/subdomains/panel.berandahukum.com/vendor/laravel/framework/src/Illuminate/Foundation/Http/Middleware/PreventRequestsDuringMaintenance.php(86): Illuminate\\Pipeline\\Pipeline->Illuminate\\Pipeline\\{closure}(Object(Illuminate\\Http\\Request))
#59 /home/berandah/subdomains/panel.berandahukum.com/vendor/laravel/framework/src/Illuminate/Pipeline/Pipeline.php(167): Illuminate\\Foundation\\Http\\Middleware\\PreventRequestsDuringMaintenance->handle(Object(Illuminate\\Http\\Request), Object(Closure))
#60 /home/berandah/subdomains/panel.berandahukum.com/vendor/fruitcake/laravel-cors/src/HandleCors.php(37): Illuminate\\Pipeline\\Pipeline->Illuminate\\Pipeline\\{closure}(Object(Illuminate\\Http\\Request))
#61 /home/berandah/subdomains/panel.berandahukum.com/vendor/laravel/framework/src/Illuminate/Pipeline/Pipeline.php(167): Fruitcake\\Cors\\HandleCors->handle(Object(Illuminate\\Http\\Request), Object(Closure))
#62 /home/berandah/subdomains/panel.berandahukum.com/vendor/fideloper/proxy/src/TrustProxies.php(57): Illuminate\\Pipeline\\Pipeline->Illuminate\\Pipeline\\{closure}(Object(Illuminate\\Http\\Request))
#63 /home/berandah/subdomains/panel.berandahukum.com/vendor/laravel/framework/src/Illuminate/Pipeline/Pipeline.php(167): Fideloper\\Proxy\\TrustProxies->handle(Object(Illuminate\\Http\\Request), Object(Closure))
#64 /home/berandah/subdomains/panel.berandahukum.com/vendor/laravel/framework/src/Illuminate/Pipeline/Pipeline.php(103): Illuminate\\Pipeline\\Pipeline->Illuminate\\Pipeline\\{closure}(Object(Illuminate\\Http\\Request))
#65 /home/berandah/subdomains/panel.berandahukum.com/vendor/laravel/framework/src/Illuminate/Foundation/Http/Kernel.php(141): Illuminate\\Pipeline\\Pipeline->then(Object(Closure))
#66 /home/berandah/subdomains/panel.berandahukum.com/vendor/laravel/framework/src/Illuminate/Foundation/Http/Kernel.php(110): Illuminate\\Foundation\\Http\\Kernel->sendRequestThroughRouter(Object(Illuminate\\Http\\Request))
#67 /home/berandah/subdomains/panel.berandahukum.com/public/index.php(52): Illuminate\\Foundation\\Http\\Kernel->handle(Object(Illuminate\\Http\\Request))
#68 {main}
"} 
[2026-08-20 23:00:18] local.ERROR: SQLSTATE[42S01]: Base table or view already exists: 1050 Table 'users' already exists (SQL: create table `users` (`id` bigint unsigned not null auto_increment primary key, `name` varchar(255) not null, `email` varchar(255) not null, `email_verified_at` timestamp null, `password` varchar(255) not null, `status` int null, `toko_id` bigint unsigned null, `remember_token` varchar(100) null, `created_at` timestamp null, `updated_at` timestamp null, `deleted_at` timestamp null) default character set utf8mb4 collate 'utf8mb4_unicode_ci') {"exception":"[object] (Illuminate\\Database\\QueryException(code: 42S01): SQLSTATE[42S01]: Base table or view already exists: 1050 Table 'users' already exists (SQL: create table `users` (`id` bigint unsigned not null auto_increment primary key, `name` varchar(255) not null, `email` varchar(255) not null, `email_verified_at` timestamp null, `password` varchar(255) not null, `status` int null, `toko_id` bigint unsigned null, `remember_token` varchar(100) null, `created_at` timestamp null, `updated_at` timestamp null, `deleted_at` timestamp null) default character set utf8mb4 collate 'utf8mb4_unicode_ci') at /home/berandah/subdomains/panel.berandahukum.com/vendor/laravel/framework/src/Illuminate/Database/Connection.php:678)
[stacktrace]
#0 /home/berandah/subdomains/panel.berandahukum.com/vendor/laravel/framework/src/Illuminate/Database/Connection.php(638): Illuminate\\Database\\Connection->runQueryCallback('create table `u...', Array, Object(Closure))
#1 /home/berandah/subdomains/panel.berandahukum.com/vendor/laravel/framework/src/Illuminate/Database/Connection.php(472): Illuminate\\Database\\Connection->run('create table `u...', Array, Object(Closure))
#2 /home/berandah/subdomains/panel.berandahukum.com/vendor/laravel/framework/src/Illuminate/Database/Schema/Blueprint.php(109): Illuminate\\Database\\Connection->statement('create table `u...')
#3 /home/berandah/subdomains/panel.berandahukum.com/vendor/laravel/framework/src/Illuminate/Database/Schema/Builder.php(359): Illuminate\\Database\\Schema\\Blueprint->build(Object(Illuminate\\Database\\MySqlConnection), Object(Illuminate\\Database\\Schema\\Grammars\\MySqlGrammar))
#4 /home/berandah/subdomains/panel.berandahukum.com/vendor/laravel/framework/src/Illuminate/Database/Schema/Builder.php(222): Illuminate\\Database\\Schema\\Builder->build(Object(Illuminate\\Database\\Schema\\Blueprint))
#5 /home/berandah/subdomains/panel.berandahukum.com/vendor/laravel/framework/src/Illuminate/Support/Facades/Facade.php(261): Illuminate\\Database\\Schema\\Builder->create('users', Object(Closure))
#6 /home/berandah/subdomains/panel.berandahukum.com/database/migrations/2014_10_12_000000_create_users_table.php(27): Illuminate\\Support\\Facades\\Facade::__callStatic('create', Array)
#7 /home/berandah/subdomains/panel.berandahukum.com/vendor/laravel/framework/src/Illuminate/Database/Migrations/Migrator.php(392): CreateUsersTable->up()
#8 /home/berandah/subdomains/panel.berandahukum.com/vendor/laravel/framework/src/Illuminate/Database/Migrations/Migrator.php(401): Illuminate\\Database\\Migrations\\Migrator->Illuminate\\Database\\Migrations\\{closure}()
#9 /home/berandah/subdomains/panel.berandahukum.com/vendor/laravel/framework/src/Illuminate/Database/Migrations/Migrator.php(200): Illuminate\\Database\\Migrations\\Migrator->runMigration(Object(CreateUsersTable), 'up')
#10 /home/berandah/subdomains/panel.berandahukum.com/vendor/laravel/framework/src/Illuminate/Database/Migrations/Migrator.php(165): Illuminate\\Database\\Migrations\\Migrator->runUp('/home/berandah/...', 2, false)
#11 /home/berandah/subdomains/panel.berandahukum.com/vendor/laravel/framework/src/Illuminate/Database/Migrations/Migrator.php(110): Illuminate\\Database\\Migrations\\Migrator->runPending(Array, Array)
#12 /home/berandah/subdomains/panel.berandahukum.com/vendor/laravel/framework/src/Illuminate/Database/Console/Migrations/MigrateCommand.php(85): Illuminate\\Database\\Migrations\\Migrator->run(Array, Array)
#13 /home/berandah/subdomains/panel.berandahukum.com/vendor/laravel/framework/src/Illuminate/Database/Migrations/Migrator.php(541): Illuminate\\Database\\Console\\Migrations\\MigrateCommand->Illuminate\\Database\\Console\\Migrations\\{closure}()
#14 /home/berandah/subdomains/panel.berandahukum.com/vendor/laravel/framework/src/Illuminate/Database/Console/Migrations/MigrateCommand.php(94): Illuminate\\Database\\Migrations\\Migrator->usingConnection(NULL, Object(Closure))
#15 /home/berandah/subdomains/panel.berandahukum.com/vendor/laravel/framework/src/Illuminate/Container/BoundMethod.php(36): Illuminate\\Database\\Console\\Migrations\\MigrateCommand->handle()
#16 /home/berandah/subdomains/panel.berandahukum.com/vendor/laravel/framework/src/Illuminate/Container/Util.php(40): Illuminate\\Container\\BoundMethod::Illuminate\\Container\\{closure}()
#17 /home/berandah/subdomains/panel.berandahukum.com/vendor/laravel/framework/src/Illuminate/Container/BoundMethod.php(93): Illuminate\\Container\\Util::unwrapIfClosure(Object(Closure))
#18 /home/berandah/subdomains/panel.berandahukum.com/vendor/laravel/framework/src/Illuminate/Container/BoundMethod.php(37): Illuminate\\Container\\BoundMethod::callBoundMethod(Object(Illuminate\\Foundation\\Application), Array, Object(Closure))
#19 /home/berandah/subdomains/panel.berandahukum.com/vendor/laravel/framework/src/Illuminate/Container/Container.php(610): Illuminate\\Container\\BoundMethod::call(Object(Illuminate\\Foundation\\Application), Array, Array, NULL)
#20 /home/berandah/subdomains/panel.berandahukum.com/vendor/laravel/framework/src/Illuminate/Console/Command.php(136): Illuminate\\Container\\Container->call(Array)
#21 /home/berandah/subdomains/panel.berandahukum.com/vendor/symfony/console/Command/Command.php(256): Illuminate\\Console\\Command->execute(Object(Symfony\\Component\\Console\\Input\\StringInput), Object(Illuminate\\Console\\OutputStyle))
#22 /home/berandah/subdomains/panel.berandahukum.com/vendor/laravel/framework/src/Illuminate/Console/Command.php(121): Symfony\\Component\\Console\\Command\\Command->run(Object(Symfony\\Component\\Console\\Input\\StringInput), Object(Illuminate\\Console\\OutputStyle))
#23 /home/berandah/subdomains/panel.berandahukum.com/vendor/symfony/console/Application.php(971): Illuminate\\Console\\Command->run(Object(Symfony\\Component\\Console\\Input\\StringInput), Object(Symfony\\Component\\Console\\Output\\BufferedOutput))
#24 /home/berandah/subdomains/panel.berandahukum.com/vendor/symfony/console/Application.php(290): Symfony\\Component\\Console\\Application->doRunCommand(Object(Illuminate\\Database\\Console\\Migrations\\MigrateCommand), Object(Symfony\\Component\\Console\\Input\\StringInput), Object(Symfony\\Component\\Console\\Output\\BufferedOutput))
#25 /home/berandah/subdomains/panel.berandahukum.com/vendor/symfony/console/Application.php(166): Symfony\\Component\\Console\\Application->doRun(Object(Symfony\\Component\\Console\\Input\\StringInput), Object(Symfony\\Component\\Console\\Output\\BufferedOutput))
#26 /home/berandah/subdomains/panel.berandahukum.com/vendor/laravel/framework/src/Illuminate/Console/Application.php(93): Symfony\\Component\\Console\\Application->run(Object(Symfony\\Component\\Console\\Input\\StringInput), Object(Symfony\\Component\\Console\\Output\\BufferedOutput))
#27 /home/berandah/subdomains/panel.berandahukum.com/vendor/laravel/framework/src/Illuminate/Console/Application.php(185): Illuminate\\Console\\Application->run(Object(Symfony\\Component\\Console\\Input\\StringInput), Object(Symfony\\Component\\Console\\Output\\BufferedOutput))
#28 /home/berandah/subdomains/panel.berandahukum.com/vendor/laravel/framework/src/Illuminate/Foundation/Console/Kernel.php(263): Illuminate\\Console\\Application->call('migrate', Array, NULL)
#29 /home/berandah/subdomains/panel.berandahukum.com/vendor/laravel/framework/src/Illuminate/Support/Facades/Facade.php(261): Illuminate\\Foundation\\Console\\Kernel->call('migrate')
#30 /home/berandah/subdomains/panel.berandahukum.com/vendor/facade/ignition/src/Solutions/RunMigrationsSolution.php(51): Illuminate\\Support\\Facades\\Facade::__callStatic('call', Array)
#31 /home/berandah/subdomains/panel.berandahukum.com/vendor/facade/ignition/src/Http/Controllers/ExecuteSolutionController.php(19): Facade\\Ignition\\Solutions\\RunMigrationsSolution->run(Array)
#32 /home/berandah/subdomains/panel.berandahukum.com/vendor/laravel/framework/src/Illuminate/Routing/ControllerDispatcher.php(48): Facade\\Ignition\\Http\\Controllers\\ExecuteSolutionController->__invoke(Object(Facade\\Ignition\\Http\\Requests\\ExecuteSolutionRequest), Object(Facade\\Ignition\\SolutionProviders\\SolutionProviderRepository))
#33 /home/berandah/subdomains/panel.berandahukum.com/vendor/laravel/framework/src/Illuminate/Routing/Route.php(254): Illuminate\\Routing\\ControllerDispatcher->dispatch(Object(Illuminate\\Routing\\Route), Object(Facade\\Ignition\\Http\\Controllers\\ExecuteSolutionController), '__invoke')
#34 /home/berandah/subdomains/panel.berandahukum.com/vendor/laravel/framework/src/Illuminate/Routing/Route.php(197): Illuminate\\Routing\\Route->runController()
#35 /home/berandah/subdomains/panel.berandahukum.com/vendor/laravel/framework/src/Illuminate/Routing/Router.php(693): Illuminate\\Routing\\Route->run()
#36 /home/berandah/subdomains/panel.berandahukum.com/vendor/laravel/framework/src/Illuminate/Pipeline/Pipeline.php(128): Illuminate\\Routing\\Router->Illuminate\\Routing\\{closure}(Object(Illuminate\\Http\\Request))
#37 /home/berandah/subdomains/panel.berandahukum.com/vendor/facade/ignition/src/Http/Middleware/IgnitionConfigValueEnabled.php(25): Illuminate\\Pipeline\\Pipeline->Illuminate\\Pipeline\\{closure}(Object(Illuminate\\Http\\Request))
#38 /home/berandah/subdomains/panel.berandahukum.com/vendor/laravel/framework/src/Illuminate/Pipeline/Pipeline.php(167): Facade\\Ignition\\Http\\Middleware\\IgnitionConfigValueEnabled->handle(Object(Illuminate\\Http\\Request), Object(Closure), 'enableRunnableS...')
#39 /home/berandah/subdomains/panel.berandahukum.com/vendor/facade/ignition/src/Http/Middleware/IgnitionEnabled.php(23): Illuminate\\Pipeline\\Pipeline->Illuminate\\Pipeline\\{closure}(Object(Illuminate\\Http\\Request))
#40 /home/berandah/subdomains/panel.berandahukum.com/vendor/laravel/framework/src/Illuminate/Pipeline/Pipeline.php(167): Facade\\Ignition\\Http\\Middleware\\IgnitionEnabled->handle(Object(Illuminate\\Http\\Request), Object(Closure))
#41 /home/berandah/subdomains/panel.berandahukum.com/vendor/laravel/framework/src/Illuminate/Pipeline/Pipeline.php(103): Illuminate\\Pipeline\\Pipeline->Illuminate\\Pipeline\\{closure}(Object(Illuminate\\Http\\Request))
#42 /home/berandah/subdomains/panel.berandahukum.com/vendor/laravel/framework/src/Illuminate/Routing/Router.php(695): Illuminate\\Pipeline\\Pipeline->then(Object(Closure))
#43 /home/berandah/subdomains/panel.berandahukum.com/vendor/laravel/framework/src/Illuminate/Routing/Router.php(670): Illuminate\\Routing\\Router->runRouteWithinStack(Object(Illuminate\\Routing\\Route), Object(Illuminate\\Http\\Request))
#44 /home/berandah/subdomains/panel.berandahukum.com/vendor/laravel/framework/src/Illuminate/Routing/Router.php(636): Illuminate\\Routing\\Router->runRoute(Object(Illuminate\\Http\\Request), Object(Illuminate\\Routing\\Route))
#45 /home/berandah/subdomains/panel.berandahukum.com/vendor/laravel/framework/src/Illuminate/Routing/Router.php(625): Illuminate\\Routing\\Router->dispatchToRoute(Object(Illuminate\\Http\\Request))
#46 /home/berandah/subdomains/panel.berandahukum.com/vendor/laravel/framework/src/Illuminate/Foundation/Http/Kernel.php(166): Illuminate\\Routing\\Router->dispatch(Object(Illuminate\\Http\\Request))
#47 /home/berandah/subdomains/panel.berandahukum.com/vendor/laravel/framework/src/Illuminate/Pipeline/Pipeline.php(128): Illuminate\\Foundation\\Http\\Kernel->Illuminate\\Foundation\\Http\\{closure}(Object(Illuminate\\Http\\Request))
#48 /home/berandah/subdomains/panel.berandahukum.com/vendor/laravel/framework/src/Illuminate/Foundation/Http/Middleware/TransformsRequest.php(21): Illuminate\\Pipeline\\Pipeline->Illuminate\\Pipeline\\{closure}(Object(Illuminate\\Http\\Request))
#49 /home/berandah/subdomains/panel.berandahukum.com/vendor/laravel/framework/src/Illuminate/Pipeline/Pipeline.php(167): Illuminate\\Foundation\\Http\\Middleware\\TransformsRequest->handle(Object(Illuminate\\Http\\Request), Object(Closure))
#50 /home/berandah/subdomains/panel.berandahukum.com/vendor/laravel/framework/src/Illuminate/Foundation/Http/Middleware/TransformsRequest.php(21): Illuminate\\Pipeline\\Pipeline->Illuminate\\Pipeline\\{closure}(Object(Illuminate\\Http\\Request))
#51 /home/berandah/subdomains/panel.berandahukum.com/vendor/laravel/framework/src/Illuminate/Pipeline/Pipeline.php(167): Illuminate\\Foundation\\Http\\Middleware\\TransformsRequest->handle(Object(Illuminate\\Http\\Request), Object(Closure))
#52 /home/berandah/subdomains/panel.berandahukum.com/vendor/laravel/framework/src/Illuminate/Foundation/Http/Middleware/ValidatePostSize.php(27): Illuminate\\Pipeline\\Pipeline->Illuminate\\Pipeline\\{closure}(Object(Illuminate\\Http\\Request))
#53 /home/berandah/subdomains/panel.berandahukum.com/vendor/laravel/framework/src/Illuminate/Pipeline/Pipeline.php(167): Illuminate\\Foundation\\Http\\Middleware\\ValidatePostSize->handle(Object(Illuminate\\Http\\Request), Object(Closure))
#54 /home/berandah/subdomains/panel.berandahukum.com/vendor/laravel/framework/src/Illuminate/Foundation/Http/Middleware/PreventRequestsDuringMaintenance.php(86): Illuminate\\Pipeline\\Pipeline->Illuminate\\Pipeline\\{closure}(Object(Illuminate\\Http\\Request))
#55 /home/berandah/subdomains/panel.berandahukum.com/vendor/laravel/framework/src/Illuminate/Pipeline/Pipeline.php(167): Illuminate\\Foundation\\Http\\Middleware\\PreventRequestsDuringMaintenance->handle(Object(Illuminate\\Http\\Request), Object(Closure))
#56 /home/berandah/subdomains/panel.berandahukum.com/vendor/fruitcake/laravel-cors/src/HandleCors.php(37): Illuminate\\Pipeline\\Pipeline->Illuminate\\Pipeline\\{closure}(Object(Illuminate\\Http\\Request))
#57 /home/berandah/subdomains/panel.berandahukum.com/vendor/laravel/framework/src/Illuminate/Pipeline/Pipeline.php(167): Fruitcake\\Cors\\HandleCors->handle(Object(Illuminate\\Http\\Request), Object(Closure))
#58 /home/berandah/subdomains/panel.berandahukum.com/vendor/fideloper/proxy/src/TrustProxies.php(57): Illuminate\\Pipeline\\Pipeline->Illuminate\\Pipeline\\{closure}(Object(Illuminate\\Http\\Request))
#59 /home/berandah/subdomains/panel.berandahukum.com/vendor/laravel/framework/src/Illuminate/Pipeline/Pipeline.php(167): Fideloper\\Proxy\\TrustProxies->handle(Object(Illuminate\\Http\\Request), Object(Closure))
#60 /home/berandah/subdomains/panel.berandahukum.com/vendor/laravel/framework/src/Illuminate/Pipeline/Pipeline.php(103): Illuminate\\Pipeline\\Pipeline->Illuminate\\Pipeline\\{closure}(Object(Illuminate\\Http\\Request))
#61 /home/berandah/subdomains/panel.berandahukum.com/vendor/laravel/framework/src/Illuminate/Foundation/Http/Kernel.php(141): Illuminate\\Pipeline\\Pipeline->then(Object(Closure))
#62 /home/berandah/subdomains/panel.berandahukum.com/vendor/laravel/framework/src/Illuminate/Foundation/Http/Kernel.php(110): Illuminate\\Foundation\\Http\\Kernel->sendRequestThroughRouter(Object(Illuminate\\Http\\Request))
#63 /home/berandah/subdomains/panel.berandahukum.com/public/index.php(52): Illuminate\\Foundation\\Http\\Kernel->handle(Object(Illuminate\\Http\\Request))
#64 {main}

[previous exception] [object] (PDOException(code: 42S01): SQLSTATE[42S01]: Base table or view already exists: 1050 Table 'users' already exists at /home/berandah/subdomains/panel.berandahukum.com/vendor/laravel/framework/src/Illuminate/Database/Connection.php:471)
[stacktrace]
#0 /home/berandah/subdomains/panel.berandahukum.com/vendor/laravel/framework/src/Illuminate/Database/Connection.php(471): PDOStatement->execute()
#1 /home/berandah/subdomains/panel.berandahukum.com/vendor/laravel/framework/src/Illuminate/Database/Connection.php(671): Illuminate\\Database\\Connection->Illuminate\\Database\\{closure}('create table `u...', Array)
#2 /home/berandah/subdomains/panel.berandahukum.com/vendor/laravel/framework/src/Illuminate/Database/Connection.php(638): Illuminate\\Database\\Connection->runQueryCallback('create table `u...', Array, Object(Closure))
#3 /home/berandah/subdomains/panel.berandahukum.com/vendor/laravel/framework/src/Illuminate/Database/Connection.php(472): Illuminate\\Database\\Connection->run('create table `u...', Array, Object(Closure))
#4 /home/berandah/subdomains/panel.berandahukum.com/vendor/laravel/framework/src/Illuminate/Database/Schema/Blueprint.php(109): Illuminate\\Database\\Connection->statement('create table `u...')
#5 /home/berandah/subdomains/panel.berandahukum.com/vendor/laravel/framework/src/Illuminate/Database/Schema/Builder.php(359): Illuminate\\Database\\Schema\\Blueprint->build(Object(Illuminate\\Database\\MySqlConnection), Object(Illuminate\\Database\\Schema\\Grammars\\MySqlGrammar))
#6 /home/berandah/subdomains/panel.berandahukum.com/vendor/laravel/framework/src/Illuminate/Database/Schema/Builder.php(222): Illuminate\\Database\\Schema\\Builder->build(Object(Illuminate\\Database\\Schema\\Blueprint))
#7 /home/berandah/subdomains/panel.berandahukum.com/vendor/laravel/framework/src/Illuminate/Support/Facades/Facade.php(261): Illuminate\\Database\\Schema\\Builder->create('users', Object(Closure))
#8 /home/berandah/subdomains/panel.berandahukum.com/database/migrations/2014_10_12_000000_create_users_table.php(27): Illuminate\\Support\\Facades\\Facade::__callStatic('create', Array)
#9 /home/berandah/subdomains/panel.berandahukum.com/vendor/laravel/framework/src/Illuminate/Database/Migrations/Migrator.php(392): CreateUsersTable->up()
#10 /home/berandah/subdomains/panel.berandahukum.com/vendor/laravel/framework/src/Illuminate/Database/Migrations/Migrator.php(401): Illuminate\\Database\\Migrations\\Migrator->Illuminate\\Database\\Migrations\\{closure}()
#11 /home/berandah/subdomains/panel.berandahukum.com/vendor/laravel/framework/src/Illuminate/Database/Migrations/Migrator.php(200): Illuminate\\Database\\Migrations\\Migrator->runMigration(Object(CreateUsersTable), 'up')
#12 /home/berandah/subdomains/panel.berandahukum.com/vendor/laravel/framework/src/Illuminate/Database/Migrations/Migrator.php(165): Illuminate\\Database\\Migrations\\Migrator->runUp('/home/berandah/...', 2, false)
#13 /home/berandah/subdomains/panel.berandahukum.com/vendor/laravel/framework/src/Illuminate/Database/Migrations/Migrator.php(110): Illuminate\\Database\\Migrations\\Migrator->runPending(Array, Array)
#14 /home/berandah/subdomains/panel.berandahukum.com/vendor/laravel/framework/src/Illuminate/Database/Console/Migrations/MigrateCommand.php(85): Illuminate\\Database\\Migrations\\Migrator->run(Array, Array)
#15 /home/berandah/subdomains/panel.berandahukum.com/vendor/laravel/framework/src/Illuminate/Database/Migrations/Migrator.php(541): Illuminate\\Database\\Console\\Migrations\\MigrateCommand->Illuminate\\Database\\Console\\Migrations\\{closure}()
#16 /home/berandah/subdomains/panel.berandahukum.com/vendor/laravel/framework/src/Illuminate/Database/Console/Migrations/MigrateCommand.php(94): Illuminate\\Database\\Migrations\\Migrator->usingConnection(NULL, Object(Closure))
#17 /home/berandah/subdomains/panel.berandahukum.com/vendor/laravel/framework/src/Illuminate/Container/BoundMethod.php(36): Illuminate\\Database\\Console\\Migrations\\MigrateCommand->handle()
#18 /home/berandah/subdomains/panel.berandahukum.com/vendor/laravel/framework/src/Illuminate/Container/Util.php(40): Illuminate\\Container\\BoundMethod::Illuminate\\Container\\{closure}()
#19 /home/berandah/subdomains/panel.berandahukum.com/vendor/laravel/framework/src/Illuminate/Container/BoundMethod.php(93): Illuminate\\Container\\Util::unwrapIfClosure(Object(Closure))
#20 /home/berandah/subdomains/panel.berandahukum.com/vendor/laravel/framework/src/Illuminate/Container/BoundMethod.php(37): Illuminate\\Container\\BoundMethod::callBoundMethod(Object(Illuminate\\Foundation\\Application), Array, Object(Closure))
#21 /home/berandah/subdomains/panel.berandahukum.com/vendor/laravel/framework/src/Illuminate/Container/Container.php(610): Illuminate\\Container\\BoundMethod::call(Object(Illuminate\\Foundation\\Application), Array, Array, NULL)
#22 /home/berandah/subdomains/panel.berandahukum.com/vendor/laravel/framework/src/Illuminate/Console/Command.php(136): Illuminate\\Container\\Container->call(Array)
#23 /home/berandah/subdomains/panel.berandahukum.com/vendor/symfony/console/Command/Command.php(256): Illuminate\\Console\\Command->execute(Object(Symfony\\Component\\Console\\Input\\StringInput), Object(Illuminate\\Console\\OutputStyle))
#24 /home/berandah/subdomains/panel.berandahukum.com/vendor/laravel/framework/src/Illuminate/Console/Command.php(121): Symfony\\Component\\Console\\Command\\Command->run(Object(Symfony\\Component\\Console\\Input\\StringInput), Object(Illuminate\\Console\\OutputStyle))
#25 /home/berandah/subdomains/panel.berandahukum.com/vendor/symfony/console/Application.php(971): Illuminate\\Console\\Command->run(Object(Symfony\\Component\\Console\\Input\\StringInput), Object(Symfony\\Component\\Console\\Output\\BufferedOutput))
#26 /home/berandah/subdomains/panel.berandahukum.com/vendor/symfony/console/Application.php(290): Symfony\\Component\\Console\\Application->doRunCommand(Object(Illuminate\\Database\\Console\\Migrations\\MigrateCommand), Object(Symfony\\Component\\Console\\Input\\StringInput), Object(Symfony\\Component\\Console\\Output\\BufferedOutput))
#27 /home/berandah/subdomains/panel.berandahukum.com/vendor/symfony/console/Application.php(166): Symfony\\Component\\Console\\Application->doRun(Object(Symfony\\Component\\Console\\Input\\StringInput), Object(Symfony\\Component\\Console\\Output\\BufferedOutput))
#28 /home/berandah/subdomains/panel.berandahukum.com/vendor/laravel/framework/src/Illuminate/Console/Application.php(93): Symfony\\Component\\Console\\Application->run(Object(Symfony\\Component\\Console\\Input\\StringInput), Object(Symfony\\Component\\Console\\Output\\BufferedOutput))
#29 /home/berandah/subdomains/panel.berandahukum.com/vendor/laravel/framework/src/Illuminate/Console/Application.php(185): Illuminate\\Console\\Application->run(Object(Symfony\\Component\\Console\\Input\\StringInput), Object(Symfony\\Component\\Console\\Output\\BufferedOutput))
#30 /home/berandah/subdomains/panel.berandahukum.com/vendor/laravel/framework/src/Illuminate/Foundation/Console/Kernel.php(263): Illuminate\\Console\\Application->call('migrate', Array, NULL)
#31 /home/berandah/subdomains/panel.berandahukum.com/vendor/laravel/framework/src/Illuminate/Support/Facades/Facade.php(261): Illuminate\\Foundation\\Console\\Kernel->call('migrate')
#32 /home/berandah/subdomains/panel.berandahukum.com/vendor/facade/ignition/src/Solutions/RunMigrationsSolution.php(51): Illuminate\\Support\\Facades\\Facade::__callStatic('call', Array)
#33 /home/berandah/subdomains/panel.berandahukum.com/vendor/facade/ignition/src/Http/Controllers/ExecuteSolutionController.php(19): Facade\\Ignition\\Solutions\\RunMigrationsSolution->run(Array)
#34 /home/berandah/subdomains/panel.berandahukum.com/vendor/laravel/framework/src/Illuminate/Routing/ControllerDispatcher.php(48): Facade\\Ignition\\Http\\Controllers\\ExecuteSolutionController->__invoke(Object(Facade\\Ignition\\Http\\Requests\\ExecuteSolutionRequest), Object(Facade\\Ignition\\SolutionProviders\\SolutionProviderRepository))
#35 /home/berandah/subdomains/panel.berandahukum.com/vendor/laravel/framework/src/Illuminate/Routing/Route.php(254): Illuminate\\Routing\\ControllerDispatcher->dispatch(Object(Illuminate\\Routing\\Route), Object(Facade\\Ignition\\Http\\Controllers\\ExecuteSolutionController), '__invoke')
#36 /home/berandah/subdomains/panel.berandahukum.com/vendor/laravel/framework/src/Illuminate/Routing/Route.php(197): Illuminate\\Routing\\Route->runController()
#37 /home/berandah/subdomains/panel.berandahukum.com/vendor/laravel/framework/src/Illuminate/Routing/Router.php(693): Illuminate\\Routing\\Route->run()
#38 /home/berandah/subdomains/panel.berandahukum.com/vendor/laravel/framework/src/Illuminate/Pipeline/Pipeline.php(128): Illuminate\\Routing\\Router->Illuminate\\Routing\\{closure}(Object(Illuminate\\Http\\Request))
#39 /home/berandah/subdomains/panel.berandahukum.com/vendor/facade/ignition/src/Http/Middleware/IgnitionConfigValueEnabled.php(25): Illuminate\\Pipeline\\Pipeline->Illuminate\\Pipeline\\{closure}(Object(Illuminate\\Http\\Request))
#40 /home/berandah/subdomains/panel.berandahukum.com/vendor/laravel/framework/src/Illuminate/Pipeline/Pipeline.php(167): Facade\\Ignition\\Http\\Middleware\\IgnitionConfigValueEnabled->handle(Object(Illuminate\\Http\\Request), Object(Closure), 'enableRunnableS...')
#41 /home/berandah/subdomains/panel.berandahukum.com/vendor/facade/ignition/src/Http/Middleware/IgnitionEnabled.php(23): Illuminate\\Pipeline\\Pipeline->Illuminate\\Pipeline\\{closure}(Object(Illuminate\\Http\\Request))
#42 /home/berandah/subdomains/panel.berandahukum.com/vendor/laravel/framework/src/Illuminate/Pipeline/Pipeline.php(167): Facade\\Ignition\\Http\\Middleware\\IgnitionEnabled->handle(Object(Illuminate\\Http\\Request), Object(Closure))
#43 /home/berandah/subdomains/panel.berandahukum.com/vendor/laravel/framework/src/Illuminate/Pipeline/Pipeline.php(103): Illuminate\\Pipeline\\Pipeline->Illuminate\\Pipeline\\{closure}(Object(Illuminate\\Http\\Request))
#44 /home/berandah/subdomains/panel.berandahukum.com/vendor/laravel/framework/src/Illuminate/Routing/Router.php(695): Illuminate\\Pipeline\\Pipeline->then(Object(Closure))
#45 /home/berandah/subdomains/panel.berandahukum.com/vendor/laravel/framework/src/Illuminate/Routing/Router.php(670): Illuminate\\Routing\\Router->runRouteWithinStack(Object(Illuminate\\Routing\\Route), Object(Illuminate\\Http\\Request))
#46 /home/berandah/subdomains/panel.berandahukum.com/vendor/laravel/framework/src/Illuminate/Routing/Router.php(636): Illuminate\\Routing\\Router->runRoute(Object(Illuminate\\Http\\Request), Object(Illuminate\\Routing\\Route))
#47 /home/berandah/subdomains/panel.berandahukum.com/vendor/laravel/framework/src/Illuminate/Routing/Router.php(625): Illuminate\\Routing\\Router->dispatchToRoute(Object(Illuminate\\Http\\Request))
#48 /home/berandah/subdomains/panel.berandahukum.com/vendor/laravel/framework/src/Illuminate/Foundation/Http/Kernel.php(166): Illuminate\\Routing\\Router->dispatch(Object(Illuminate\\Http\\Request))
#49 /home/berandah/subdomains/panel.berandahukum.com/vendor/laravel/framework/src/Illuminate/Pipeline/Pipeline.php(128): Illuminate\\Foundation\\Http\\Kernel->Illuminate\\Foundation\\Http\\{closure}(Object(Illuminate\\Http\\Request))
#50 /home/berandah/subdomains/panel.berandahukum.com/vendor/laravel/framework/src/Illuminate/Foundation/Http/Middleware/TransformsRequest.php(21): Illuminate\\Pipeline\\Pipeline->Illuminate\\Pipeline\\{closure}(Object(Illuminate\\Http\\Request))
#51 /home/berandah/subdomains/panel.berandahukum.com/vendor/laravel/framework/src/Illuminate/Pipeline/Pipeline.php(167): Illuminate\\Foundation\\Http\\Middleware\\TransformsRequest->handle(Object(Illuminate\\Http\\Request), Object(Closure))
#52 /home/berandah/subdomains/panel.berandahukum.com/vendor/laravel/framework/src/Illuminate/Foundation/Http/Middleware/TransformsRequest.php(21): Illuminate\\Pipeline\\Pipeline->Illuminate\\Pipeline\\{closure}(Object(Illuminate\\Http\\Request))
#53 /home/berandah/subdomains/panel.berandahukum.com/vendor/laravel/framework/src/Illuminate/Pipeline/Pipeline.php(167): Illuminate\\Foundation\\Http\\Middleware\\TransformsRequest->handle(Object(Illuminate\\Http\\Request), Object(Closure))
#54 /home/berandah/subdomains/panel.berandahukum.com/vendor/laravel/framework/src/Illuminate/Foundation/Http/Middleware/ValidatePostSize.php(27): Illuminate\\Pipeline\\Pipeline->Illuminate\\Pipeline\\{closure}(Object(Illuminate\\Http\\Request))
#55 /home/berandah/subdomains/panel.berandahukum.com/vendor/laravel/framework/src/Illuminate/Pipeline/Pipeline.php(167): Illuminate\\Foundation\\Http\\Middleware\\ValidatePostSize->handle(Object(Illuminate\\Http\\Request), Object(Closure))
#56 /home/berandah/subdomains/panel.berandahukum.com/vendor/laravel/framework/src/Illuminate/Foundation/Http/Middleware/PreventRequestsDuringMaintenance.php(86): Illuminate\\Pipeline\\Pipeline->Illuminate\\Pipeline\\{closure}(Object(Illuminate\\Http\\Request))
#57 /home/berandah/subdomains/panel.berandahukum.com/vendor/laravel/framework/src/Illuminate/Pipeline/Pipeline.php(167): Illuminate\\Foundation\\Http\\Middleware\\PreventRequestsDuringMaintenance->handle(Object(Illuminate\\Http\\Request), Object(Closure))
#58 /home/berandah/subdomains/panel.berandahukum.com/vendor/fruitcake/laravel-cors/src/HandleCors.php(37): Illuminate\\Pipeline\\Pipeline->Illuminate\\Pipeline\\{closure}(Object(Illuminate\\Http\\Request))
#59 /home/berandah/subdomains/panel.berandahukum.com/vendor/laravel/framework/src/Illuminate/Pipeline/Pipeline.php(167): Fruitcake\\Cors\\HandleCors->handle(Object(Illuminate\\Http\\Request), Object(Closure))
#60 /home/berandah/subdomains/panel.berandahukum.com/vendor/fideloper/proxy/src/TrustProxies.php(57): Illuminate\\Pipeline\\Pipeline->Illuminate\\Pipeline\\{closure}(Object(Illuminate\\Http\\Request))
#61 /home/berandah/subdomains/panel.berandahukum.com/vendor/laravel/framework/src/Illuminate/Pipeline/Pipeline.php(167): Fideloper\\Proxy\\TrustProxies->handle(Object(Illuminate\\Http\\Request), Object(Closure))
#62 /home/berandah/subdomains/panel.berandahukum.com/vendor/laravel/framework/src/Illuminate/Pipeline/Pipeline.php(103): Illuminate\\Pipeline\\Pipeline->Illuminate\\Pipeline\\{closure}(Object(Illuminate\\Http\\Request))
#63 /home/berandah/subdomains/panel.berandahukum.com/vendor/laravel/framework/src/Illuminate/Foundation/Http/Kernel.php(141): Illuminate\\Pipeline\\Pipeline->then(Object(Closure))
#64 /home/berandah/subdomains/panel.berandahukum.com/vendor/laravel/framework/src/Illuminate/Foundation/Http/Kernel.php(110): Illuminate\\Foundation\\Http\\Kernel->sendRequestThroughRouter(Object(Illuminate\\Http\\Request))
#65 /home/berandah/subdomains/panel.berandahukum.com/public/index.php(52): Illuminate\\Foundation\\Http\\Kernel->handle(Object(Illuminate\\Http\\Request))
#66 {main}
"} 
[2026-08-20 23:07:46] local.ERROR: SQLSTATE[42S01]: Base table or view already exists: 1050 Table 'users' already exists (SQL: create table `users` (`id` bigint unsigned not null auto_increment primary key, `name` varchar(255) not null, `email` varchar(255) not null, `email_verified_at` timestamp null, `password` varchar(255) not null, `status` int null, `toko_id` bigint unsigned null, `remember_token` varchar(100) null, `created_at` timestamp null, `updated_at` timestamp null, `deleted_at` timestamp null) default character set utf8mb4 collate 'utf8mb4_unicode_ci') {"userId":36,"exception":"[object] (Illuminate\\Database\\QueryException(code: 42S01): SQLSTATE[42S01]: Base table or view already exists: 1050 Table 'users' already exists (SQL: create table `users` (`id` bigint unsigned not null auto_increment primary key, `name` varchar(255) not null, `email` varchar(255) not null, `email_verified_at` timestamp null, `password` varchar(255) not null, `status` int null, `toko_id` bigint unsigned null, `remember_token` varchar(100) null, `created_at` timestamp null, `updated_at` timestamp null, `deleted_at` timestamp null) default character set utf8mb4 collate 'utf8mb4_unicode_ci') at /home/berandah/subdomains/panel.berandahukum.com/vendor/laravel/framework/src/Illuminate/Database/Connection.php:678)
[stacktrace]
#0 /home/berandah/subdomains/panel.berandahukum.com/vendor/laravel/framework/src/Illuminate/Database/Connection.php(638): Illuminate\\Database\\Connection->runQueryCallback('create table `u...', Array, Object(Closure))
#1 /home/berandah/subdomains/panel.berandahukum.com/vendor/laravel/framework/src/Illuminate/Database/Connection.php(472): Illuminate\\Database\\Connection->run('create table `u...', Array, Object(Closure))
#2 /home/berandah/subdomains/panel.berandahukum.com/vendor/laravel/framework/src/Illuminate/Database/Schema/Blueprint.php(109): Illuminate\\Database\\Connection->statement('create table `u...')
#3 /home/berandah/subdomains/panel.berandahukum.com/vendor/laravel/framework/src/Illuminate/Database/Schema/Builder.php(359): Illuminate\\Database\\Schema\\Blueprint->build(Object(Illuminate\\Database\\MySqlConnection), Object(Illuminate\\Database\\Schema\\Grammars\\MySqlGrammar))
#4 /home/berandah/subdomains/panel.berandahukum.com/vendor/laravel/framework/src/Illuminate/Database/Schema/Builder.php(222): Illuminate\\Database\\Schema\\Builder->build(Object(Illuminate\\Database\\Schema\\Blueprint))
#5 /home/berandah/subdomains/panel.berandahukum.com/vendor/laravel/framework/src/Illuminate/Support/Facades/Facade.php(261): Illuminate\\Database\\Schema\\Builder->create('users', Object(Closure))
#6 /home/berandah/subdomains/panel.berandahukum.com/database/migrations/2014_10_12_000000_create_users_table.php(27): Illuminate\\Support\\Facades\\Facade::__callStatic('create', Array)
#7 /home/berandah/subdomains/panel.berandahukum.com/vendor/laravel/framework/src/Illuminate/Database/Migrations/Migrator.php(392): CreateUsersTable->up()
#8 /home/berandah/subdomains/panel.berandahukum.com/vendor/laravel/framework/src/Illuminate/Database/Migrations/Migrator.php(401): Illuminate\\Database\\Migrations\\Migrator->Illuminate\\Database\\Migrations\\{closure}()
#9 /home/berandah/subdomains/panel.berandahukum.com/vendor/laravel/framework/src/Illuminate/Database/Migrations/Migrator.php(200): Illuminate\\Database\\Migrations\\Migrator->runMigration(Object(CreateUsersTable), 'up')
#10 /home/berandah/subdomains/panel.berandahukum.com/vendor/laravel/framework/src/Illuminate/Database/Migrations/Migrator.php(165): Illuminate\\Database\\Migrations\\Migrator->runUp('/home/berandah/...', 2, false)
#11 /home/berandah/subdomains/panel.berandahukum.com/vendor/laravel/framework/src/Illuminate/Database/Migrations/Migrator.php(110): Illuminate\\Database\\Migrations\\Migrator->runPending(Array, Array)
#12 /home/berandah/subdomains/panel.berandahukum.com/vendor/laravel/framework/src/Illuminate/Database/Console/Migrations/MigrateCommand.php(85): Illuminate\\Database\\Migrations\\Migrator->run(Array, Array)
#13 /home/berandah/subdomains/panel.berandahukum.com/vendor/laravel/framework/src/Illuminate/Database/Migrations/Migrator.php(541): Illuminate\\Database\\Console\\Migrations\\MigrateCommand->Illuminate\\Database\\Console\\Migrations\\{closure}()
#14 /home/berandah/subdomains/panel.berandahukum.com/vendor/laravel/framework/src/Illuminate/Database/Console/Migrations/MigrateCommand.php(94): Illuminate\\Database\\Migrations\\Migrator->usingConnection(NULL, Object(Closure))
#15 /home/berandah/subdomains/panel.berandahukum.com/vendor/laravel/framework/src/Illuminate/Container/BoundMethod.php(36): Illuminate\\Database\\Console\\Migrations\\MigrateCommand->handle()
#16 /home/berandah/subdomains/panel.berandahukum.com/vendor/laravel/framework/src/Illuminate/Container/Util.php(40): Illuminate\\Container\\BoundMethod::Illuminate\\Container\\{closure}()
#17 /home/berandah/subdomains/panel.berandahukum.com/vendor/laravel/framework/src/Illuminate/Container/BoundMethod.php(93): Illuminate\\Container\\Util::unwrapIfClosure(Object(Closure))
#18 /home/berandah/subdomains/panel.berandahukum.com/vendor/laravel/framework/src/Illuminate/Container/BoundMethod.php(37): Illuminate\\Container\\BoundMethod::callBoundMethod(Object(Illuminate\\Foundation\\Application), Array, Object(Closure))
#19 /home/berandah/subdomains/panel.berandahukum.com/vendor/laravel/framework/src/Illuminate/Container/Container.php(610): Illuminate\\Container\\BoundMethod::call(Object(Illuminate\\Foundation\\Application), Array, Array, NULL)
#20 /home/berandah/subdomains/panel.berandahukum.com/vendor/laravel/framework/src/Illuminate/Console/Command.php(136): Illuminate\\Container\\Container->call(Array)
#21 /home/berandah/subdomains/panel.berandahukum.com/vendor/symfony/console/Command/Command.php(256): Illuminate\\Console\\Command->execute(Object(Symfony\\Component\\Console\\Input\\StringInput), Object(Illuminate\\Console\\OutputStyle))
#22 /home/berandah/subdomains/panel.berandahukum.com/vendor/laravel/framework/src/Illuminate/Console/Command.php(121): Symfony\\Component\\Console\\Command\\Command->run(Object(Symfony\\Component\\Console\\Input\\StringInput), Object(Illuminate\\Console\\OutputStyle))
#23 /home/berandah/subdomains/panel.berandahukum.com/vendor/symfony/console/Application.php(971): Illuminate\\Console\\Command->run(Object(Symfony\\Component\\Console\\Input\\StringInput), Object(Symfony\\Component\\Console\\Output\\BufferedOutput))
#24 /home/berandah/subdomains/panel.berandahukum.com/vendor/symfony/console/Application.php(290): Symfony\\Component\\Console\\Application->doRunCommand(Object(Illuminate\\Database\\Console\\Migrations\\MigrateCommand), Object(Symfony\\Component\\Console\\Input\\StringInput), Object(Symfony\\Component\\Console\\Output\\BufferedOutput))
#25 /home/berandah/subdomains/panel.berandahukum.com/vendor/symfony/console/Application.php(166): Symfony\\Component\\Console\\Application->doRun(Object(Symfony\\Component\\Console\\Input\\StringInput), Object(Symfony\\Component\\Console\\Output\\BufferedOutput))
#26 /home/berandah/subdomains/panel.berandahukum.com/vendor/laravel/framework/src/Illuminate/Console/Application.php(93): Symfony\\Component\\Console\\Application->run(Object(Symfony\\Component\\Console\\Input\\StringInput), Object(Symfony\\Component\\Console\\Output\\BufferedOutput))
#27 /home/berandah/subdomains/panel.berandahukum.com/vendor/laravel/framework/src/Illuminate/Console/Application.php(185): Illuminate\\Console\\Application->run(Object(Symfony\\Component\\Console\\Input\\StringInput), Object(Symfony\\Component\\Console\\Output\\BufferedOutput))
#28 /home/berandah/subdomains/panel.berandahukum.com/vendor/laravel/framework/src/Illuminate/Foundation/Console/Kernel.php(263): Illuminate\\Console\\Application->call('migrate', Array, NULL)
#29 /home/berandah/subdomains/panel.berandahukum.com/vendor/laravel/framework/src/Illuminate/Support/Facades/Facade.php(261): Illuminate\\Foundation\\Console\\Kernel->call('migrate')
#30 /home/berandah/subdomains/panel.berandahukum.com/routes/web.php(309): Illuminate\\Support\\Facades\\Facade::__callStatic('call', Array)
#31 /home/berandah/subdomains/panel.berandahukum.com/vendor/laravel/framework/src/Illuminate/Routing/Route.php(230): Illuminate\\Routing\\RouteFileRegistrar->{closure}()
#32 /home/berandah/subdomains/panel.berandahukum.com/vendor/laravel/framework/src/Illuminate/Routing/Route.php(200): Illuminate\\Routing\\Route->runCallable()
#33 /home/berandah/subdomains/panel.berandahukum.com/vendor/laravel/framework/src/Illuminate/Routing/Router.php(693): Illuminate\\Routing\\Route->run()
#34 /home/berandah/subdomains/panel.berandahukum.com/vendor/laravel/framework/src/Illuminate/Pipeline/Pipeline.php(128): Illuminate\\Routing\\Router->Illuminate\\Routing\\{closure}(Object(Illuminate\\Http\\Request))
#35 /home/berandah/subdomains/panel.berandahukum.com/app/Http/Middleware/CheckBlockedIp.php(22): Illuminate\\Pipeline\\Pipeline->Illuminate\\Pipeline\\{closure}(Object(Illuminate\\Http\\Request))
#36 /home/berandah/subdomains/panel.berandahukum.com/vendor/laravel/framework/src/Illuminate/Pipeline/Pipeline.php(167): App\\Http\\Middleware\\CheckBlockedIp->handle(Object(Illuminate\\Http\\Request), Object(Closure))
#37 /home/berandah/subdomains/panel.berandahukum.com/vendor/laravel/framework/src/Illuminate/Routing/Middleware/SubstituteBindings.php(50): Illuminate\\Pipeline\\Pipeline->Illuminate\\Pipeline\\{closure}(Object(Illuminate\\Http\\Request))
#38 /home/berandah/subdomains/panel.berandahukum.com/vendor/laravel/framework/src/Illuminate/Pipeline/Pipeline.php(167): Illuminate\\Routing\\Middleware\\SubstituteBindings->handle(Object(Illuminate\\Http\\Request), Object(Closure))
#39 /home/berandah/subdomains/panel.berandahukum.com/vendor/laravel/framework/src/Illuminate/Foundation/Http/Middleware/VerifyCsrfToken.php(78): Illuminate\\Pipeline\\Pipeline->Illuminate\\Pipeline\\{closure}(Object(Illuminate\\Http\\Request))
#40 /home/berandah/subdomains/panel.berandahukum.com/vendor/laravel/framework/src/Illuminate/Pipeline/Pipeline.php(167): Illuminate\\Foundation\\Http\\Middleware\\VerifyCsrfToken->handle(Object(Illuminate\\Http\\Request), Object(Closure))
#41 /home/berandah/subdomains/panel.berandahukum.com/vendor/laravel/framework/src/Illuminate/View/Middleware/ShareErrorsFromSession.php(49): Illuminate\\Pipeline\\Pipeline->Illuminate\\Pipeline\\{closure}(Object(Illuminate\\Http\\Request))
#42 /home/berandah/subdomains/panel.berandahukum.com/vendor/laravel/framework/src/Illuminate/Pipeline/Pipeline.php(167): Illuminate\\View\\Middleware\\ShareErrorsFromSession->handle(Object(Illuminate\\Http\\Request), Object(Closure))
#43 /home/berandah/subdomains/panel.berandahukum.com/vendor/laravel/framework/src/Illuminate/Session/Middleware/StartSession.php(121): Illuminate\\Pipeline\\Pipeline->Illuminate\\Pipeline\\{closure}(Object(Illuminate\\Http\\Request))
#44 /home/berandah/subdomains/panel.berandahukum.com/vendor/laravel/framework/src/Illuminate/Session/Middleware/StartSession.php(63): Illuminate\\Session\\Middleware\\StartSession->handleStatefulRequest(Object(Illuminate\\Http\\Request), Object(Illuminate\\Session\\Store), Object(Closure))
#45 /home/berandah/subdomains/panel.berandahukum.com/vendor/laravel/framework/src/Illuminate/Pipeline/Pipeline.php(167): Illuminate\\Session\\Middleware\\StartSession->handle(Object(Illuminate\\Http\\Request), Object(Closure))
#46 /home/berandah/subdomains/panel.berandahukum.com/vendor/laravel/framework/src/Illuminate/Cookie/Middleware/AddQueuedCookiesToResponse.php(37): Illuminate\\Pipeline\\Pipeline->Illuminate\\Pipeline\\{closure}(Object(Illuminate\\Http\\Request))
#47 /home/berandah/subdomains/panel.berandahukum.com/vendor/laravel/framework/src/Illuminate/Pipeline/Pipeline.php(167): Illuminate\\Cookie\\Middleware\\AddQueuedCookiesToResponse->handle(Object(Illuminate\\Http\\Request), Object(Closure))
#48 /home/berandah/subdomains/panel.berandahukum.com/vendor/laravel/framework/src/Illuminate/Cookie/Middleware/EncryptCookies.php(67): Illuminate\\Pipeline\\Pipeline->Illuminate\\Pipeline\\{closure}(Object(Illuminate\\Http\\Request))
#49 /home/berandah/subdomains/panel.berandahukum.com/vendor/laravel/framework/src/Illuminate/Pipeline/Pipeline.php(167): Illuminate\\Cookie\\Middleware\\EncryptCookies->handle(Object(Illuminate\\Http\\Request), Object(Closure))
#50 /home/berandah/subdomains/panel.berandahukum.com/vendor/laravel/framework/src/Illuminate/Pipeline/Pipeline.php(103): Illuminate\\Pipeline\\Pipeline->Illuminate\\Pipeline\\{closure}(Object(Illuminate\\Http\\Request))
#51 /home/berandah/subdomains/panel.berandahukum.com/vendor/laravel/framework/src/Illuminate/Routing/Router.php(695): Illuminate\\Pipeline\\Pipeline->then(Object(Closure))
#52 /home/berandah/subdomains/panel.berandahukum.com/vendor/laravel/framework/src/Illuminate/Routing/Router.php(670): Illuminate\\Routing\\Router->runRouteWithinStack(Object(Illuminate\\Routing\\Route), Object(Illuminate\\Http\\Request))
#53 /home/berandah/subdomains/panel.berandahukum.com/vendor/laravel/framework/src/Illuminate/Routing/Router.php(636): Illuminate\\Routing\\Router->runRoute(Object(Illuminate\\Http\\Request), Object(Illuminate\\Routing\\Route))
#54 /home/berandah/subdomains/panel.berandahukum.com/vendor/laravel/framework/src/Illuminate/Routing/Router.php(625): Illuminate\\Routing\\Router->dispatchToRoute(Object(Illuminate\\Http\\Request))
#55 /home/berandah/subdomains/panel.berandahukum.com/vendor/laravel/framework/src/Illuminate/Foundation/Http/Kernel.php(166): Illuminate\\Routing\\Router->dispatch(Object(Illuminate\\Http\\Request))
#56 /home/berandah/subdomains/panel.berandahukum.com/vendor/laravel/framework/src/Illuminate/Pipeline/Pipeline.php(128): Illuminate\\Foundation\\Http\\Kernel->Illuminate\\Foundation\\Http\\{closure}(Object(Illuminate\\Http\\Request))
#57 /home/berandah/subdomains/panel.berandahukum.com/vendor/laravel/framework/src/Illuminate/Foundation/Http/Middleware/TransformsRequest.php(21): Illuminate\\Pipeline\\Pipeline->Illuminate\\Pipeline\\{closure}(Object(Illuminate\\Http\\Request))
#58 /home/berandah/subdomains/panel.berandahukum.com/vendor/laravel/framework/src/Illuminate/Pipeline/Pipeline.php(167): Illuminate\\Foundation\\Http\\Middleware\\TransformsRequest->handle(Object(Illuminate\\Http\\Request), Object(Closure))
#59 /home/berandah/subdomains/panel.berandahukum.com/vendor/laravel/framework/src/Illuminate/Foundation/Http/Middleware/TransformsRequest.php(21): Illuminate\\Pipeline\\Pipeline->Illuminate\\Pipeline\\{closure}(Object(Illuminate\\Http\\Request))
#60 /home/berandah/subdomains/panel.berandahukum.com/vendor/laravel/framework/src/Illuminate/Pipeline/Pipeline.php(167): Illuminate\\Foundation\\Http\\Middleware\\TransformsRequest->handle(Object(Illuminate\\Http\\Request), Object(Closure))
#61 /home/berandah/subdomains/panel.berandahukum.com/vendor/laravel/framework/src/Illuminate/Foundation/Http/Middleware/ValidatePostSize.php(27): Illuminate\\Pipeline\\Pipeline->Illuminate\\Pipeline\\{closure}(Object(Illuminate\\Http\\Request))
#62 /home/berandah/subdomains/panel.berandahukum.com/vendor/laravel/framework/src/Illuminate/Pipeline/Pipeline.php(167): Illuminate\\Foundation\\Http\\Middleware\\ValidatePostSize->handle(Object(Illuminate\\Http\\Request), Object(Closure))
#63 /home/berandah/subdomains/panel.berandahukum.com/vendor/laravel/framework/src/Illuminate/Foundation/Http/Middleware/PreventRequestsDuringMaintenance.php(86): Illuminate\\Pipeline\\Pipeline->Illuminate\\Pipeline\\{closure}(Object(Illuminate\\Http\\Request))
#64 /home/berandah/subdomains/panel.berandahukum.com/vendor/laravel/framework/src/Illuminate/Pipeline/Pipeline.php(167): Illuminate\\Foundation\\Http\\Middleware\\PreventRequestsDuringMaintenance->handle(Object(Illuminate\\Http\\Request), Object(Closure))
#65 /home/berandah/subdomains/panel.berandahukum.com/vendor/fruitcake/laravel-cors/src/HandleCors.php(37): Illuminate\\Pipeline\\Pipeline->Illuminate\\Pipeline\\{closure}(Object(Illuminate\\Http\\Request))
#66 /home/berandah/subdomains/panel.berandahukum.com/vendor/laravel/framework/src/Illuminate/Pipeline/Pipeline.php(167): Fruitcake\\Cors\\HandleCors->handle(Object(Illuminate\\Http\\Request), Object(Closure))
#67 /home/berandah/subdomains/panel.berandahukum.com/vendor/fideloper/proxy/src/TrustProxies.php(57): Illuminate\\Pipeline\\Pipeline->Illuminate\\Pipeline\\{closure}(Object(Illuminate\\Http\\Request))
#68 /home/berandah/subdomains/panel.berandahukum.com/vendor/laravel/framework/src/Illuminate/Pipeline/Pipeline.php(167): Fideloper\\Proxy\\TrustProxies->handle(Object(Illuminate\\Http\\Request), Object(Closure))
#69 /home/berandah/subdomains/panel.berandahukum.com/vendor/laravel/framework/src/Illuminate/Pipeline/Pipeline.php(103): Illuminate\\Pipeline\\Pipeline->Illuminate\\Pipeline\\{closure}(Object(Illuminate\\Http\\Request))
#70 /home/berandah/subdomains/panel.berandahukum.com/vendor/laravel/framework/src/Illuminate/Foundation/Http/Kernel.php(141): Illuminate\\Pipeline\\Pipeline->then(Object(Closure))
#71 /home/berandah/subdomains/panel.berandahukum.com/vendor/laravel/framework/src/Illuminate/Foundation/Http/Kernel.php(110): Illuminate\\Foundation\\Http\\Kernel->sendRequestThroughRouter(Object(Illuminate\\Http\\Request))
#72 /home/berandah/subdomains/panel.berandahukum.com/public/index.php(52): Illuminate\\Foundation\\Http\\Kernel->handle(Object(Illuminate\\Http\\Request))
#73 {main}

[previous exception] [object] (PDOException(code: 42S01): SQLSTATE[42S01]: Base table or view already exists: 1050 Table 'users' already exists at /home/berandah/subdomains/panel.berandahukum.com/vendor/laravel/framework/src/Illuminate/Database/Connection.php:471)
[stacktrace]
#0 /home/berandah/subdomains/panel.berandahukum.com/vendor/laravel/framework/src/Illuminate/Database/Connection.php(471): PDOStatement->execute()
#1 /home/berandah/subdomains/panel.berandahukum.com/vendor/laravel/framework/src/Illuminate/Database/Connection.php(671): Illuminate\\Database\\Connection->Illuminate\\Database\\{closure}('create table `u...', Array)
#2 /home/berandah/subdomains/panel.berandahukum.com/vendor/laravel/framework/src/Illuminate/Database/Connection.php(638): Illuminate\\Database\\Connection->runQueryCallback('create table `u...', Array, Object(Closure))
#3 /home/berandah/subdomains/panel.berandahukum.com/vendor/laravel/framework/src/Illuminate/Database/Connection.php(472): Illuminate\\Database\\Connection->run('create table `u...', Array, Object(Closure))
#4 /home/berandah/subdomains/panel.berandahukum.com/vendor/laravel/framework/src/Illuminate/Database/Schema/Blueprint.php(109): Illuminate\\Database\\Connection->statement('create table `u...')
#5 /home/berandah/subdomains/panel.berandahukum.com/vendor/laravel/framework/src/Illuminate/Database/Schema/Builder.php(359): Illuminate\\Database\\Schema\\Blueprint->build(Object(Illuminate\\Database\\MySqlConnection), Object(Illuminate\\Database\\Schema\\Grammars\\MySqlGrammar))
#6 /home/berandah/subdomains/panel.berandahukum.com/vendor/laravel/framework/src/Illuminate/Database/Schema/Builder.php(222): Illuminate\\Database\\Schema\\Builder->build(Object(Illuminate\\Database\\Schema\\Blueprint))
#7 /home/berandah/subdomains/panel.berandahukum.com/vendor/laravel/framework/src/Illuminate/Support/Facades/Facade.php(261): Illuminate\\Database\\Schema\\Builder->create('users', Object(Closure))
#8 /home/berandah/subdomains/panel.berandahukum.com/database/migrations/2014_10_12_000000_create_users_table.php(27): Illuminate\\Support\\Facades\\Facade::__callStatic('create', Array)
#9 /home/berandah/subdomains/panel.berandahukum.com/vendor/laravel/framework/src/Illuminate/Database/Migrations/Migrator.php(392): CreateUsersTable->up()
#10 /home/berandah/subdomains/panel.berandahukum.com/vendor/laravel/framework/src/Illuminate/Database/Migrations/Migrator.php(401): Illuminate\\Database\\Migrations\\Migrator->Illuminate\\Database\\Migrations\\{closure}()
#11 /home/berandah/subdomains/panel.berandahukum.com/vendor/laravel/framework/src/Illuminate/Database/Migrations/Migrator.php(200): Illuminate\\Database\\Migrations\\Migrator->runMigration(Object(CreateUsersTable), 'up')
#12 /home/berandah/subdomains/panel.berandahukum.com/vendor/laravel/framework/src/Illuminate/Database/Migrations/Migrator.php(165): Illuminate\\Database\\Migrations\\Migrator->runUp('/home/berandah/...', 2, false)
#13 /home/berandah/subdomains/panel.berandahukum.com/vendor/laravel/framework/src/Illuminate/Database/Migrations/Migrator.php(110): Illuminate\\Database\\Migrations\\Migrator->runPending(Array, Array)
#14 /home/berandah/subdomains/panel.berandahukum.com/vendor/laravel/framework/src/Illuminate/Database/Console/Migrations/MigrateCommand.php(85): Illuminate\\Database\\Migrations\\Migrator->run(Array, Array)
#15 /home/berandah/subdomains/panel.berandahukum.com/vendor/laravel/framework/src/Illuminate/Database/Migrations/Migrator.php(541): Illuminate\\Database\\Console\\Migrations\\MigrateCommand->Illuminate\\Database\\Console\\Migrations\\{closure}()
#16 /home/berandah/subdomains/panel.berandahukum.com/vendor/laravel/framework/src/Illuminate/Database/Console/Migrations/MigrateCommand.php(94): Illuminate\\Database\\Migrations\\Migrator->usingConnection(NULL, Object(Closure))
#17 /home/berandah/subdomains/panel.berandahukum.com/vendor/laravel/framework/src/Illuminate/Container/BoundMethod.php(36): Illuminate\\Database\\Console\\Migrations\\MigrateCommand->handle()
#18 /home/berandah/subdomains/panel.berandahukum.com/vendor/laravel/framework/src/Illuminate/Container/Util.php(40): Illuminate\\Container\\BoundMethod::Illuminate\\Container\\{closure}()
#19 /home/berandah/subdomains/panel.berandahukum.com/vendor/laravel/framework/src/Illuminate/Container/BoundMethod.php(93): Illuminate\\Container\\Util::unwrapIfClosure(Object(Closure))
#20 /home/berandah/subdomains/panel.berandahukum.com/vendor/laravel/framework/src/Illuminate/Container/BoundMethod.php(37): Illuminate\\Container\\BoundMethod::callBoundMethod(Object(Illuminate\\Foundation\\Application), Array, Object(Closure))
#21 /home/berandah/subdomains/panel.berandahukum.com/vendor/laravel/framework/src/Illuminate/Container/Container.php(610): Illuminate\\Container\\BoundMethod::call(Object(Illuminate\\Foundation\\Application), Array, Array, NULL)
#22 /home/berandah/subdomains/panel.berandahukum.com/vendor/laravel/framework/src/Illuminate/Console/Command.php(136): Illuminate\\Container\\Container->call(Array)
#23 /home/berandah/subdomains/panel.berandahukum.com/vendor/symfony/console/Command/Command.php(256): Illuminate\\Console\\Command->execute(Object(Symfony\\Component\\Console\\Input\\StringInput), Object(Illuminate\\Console\\OutputStyle))
#24 /home/berandah/subdomains/panel.berandahukum.com/vendor/laravel/framework/src/Illuminate/Console/Command.php(121): Symfony\\Component\\Console\\Command\\Command->run(Object(Symfony\\Component\\Console\\Input\\StringInput), Object(Illuminate\\Console\\OutputStyle))
#25 /home/berandah/subdomains/panel.berandahukum.com/vendor/symfony/console/Application.php(971): Illuminate\\Console\\Command->run(Object(Symfony\\Component\\Console\\Input\\StringInput), Object(Symfony\\Component\\Console\\Output\\BufferedOutput))
#26 /home/berandah/subdomains/panel.berandahukum.com/vendor/symfony/console/Application.php(290): Symfony\\Component\\Console\\Application->doRunCommand(Object(Illuminate\\Database\\Console\\Migrations\\MigrateCommand), Object(Symfony\\Component\\Console\\Input\\StringInput), Object(Symfony\\Component\\Console\\Output\\BufferedOutput))
#27 /home/berandah/subdomains/panel.berandahukum.com/vendor/symfony/console/Application.php(166): Symfony\\Component\\Console\\Application->doRun(Object(Symfony\\Component\\Console\\Input\\StringInput), Object(Symfony\\Component\\Console\\Output\\BufferedOutput))
#28 /home/berandah/subdomains/panel.berandahukum.com/vendor/laravel/framework/src/Illuminate/Console/Application.php(93): Symfony\\Component\\Console\\Application->run(Object(Symfony\\Component\\Console\\Input\\StringInput), Object(Symfony\\Component\\Console\\Output\\BufferedOutput))
#29 /home/berandah/subdomains/panel.berandahukum.com/vendor/laravel/framework/src/Illuminate/Console/Application.php(185): Illuminate\\Console\\Application->run(Object(Symfony\\Component\\Console\\Input\\StringInput), Object(Symfony\\Component\\Console\\Output\\BufferedOutput))
#30 /home/berandah/subdomains/panel.berandahukum.com/vendor/laravel/framework/src/Illuminate/Foundation/Console/Kernel.php(263): Illuminate\\Console\\Application->call('migrate', Array, NULL)
#31 /home/berandah/subdomains/panel.berandahukum.com/vendor/laravel/framework/src/Illuminate/Support/Facades/Facade.php(261): Illuminate\\Foundation\\Console\\Kernel->call('migrate')
#32 /home/berandah/subdomains/panel.berandahukum.com/routes/web.php(309): Illuminate\\Support\\Facades\\Facade::__callStatic('call', Array)
#33 /home/berandah/subdomains/panel.berandahukum.com/vendor/laravel/framework/src/Illuminate/Routing/Route.php(230): Illuminate\\Routing\\RouteFileRegistrar->{closure}()
#34 /home/berandah/subdomains/panel.berandahukum.com/vendor/laravel/framework/src/Illuminate/Routing/Route.php(200): Illuminate\\Routing\\Route->runCallable()
#35 /home/berandah/subdomains/panel.berandahukum.com/vendor/laravel/framework/src/Illuminate/Routing/Router.php(693): Illuminate\\Routing\\Route->run()
#36 /home/berandah/subdomains/panel.berandahukum.com/vendor/laravel/framework/src/Illuminate/Pipeline/Pipeline.php(128): Illuminate\\Routing\\Router->Illuminate\\Routing\\{closure}(Object(Illuminate\\Http\\Request))
#37 /home/berandah/subdomains/panel.berandahukum.com/app/Http/Middleware/CheckBlockedIp.php(22): Illuminate\\Pipeline\\Pipeline->Illuminate\\Pipeline\\{closure}(Object(Illuminate\\Http\\Request))
#38 /home/berandah/subdomains/panel.berandahukum.com/vendor/laravel/framework/src/Illuminate/Pipeline/Pipeline.php(167): App\\Http\\Middleware\\CheckBlockedIp->handle(Object(Illuminate\\Http\\Request), Object(Closure))
#39 /home/berandah/subdomains/panel.berandahukum.com/vendor/laravel/framework/src/Illuminate/Routing/Middleware/SubstituteBindings.php(50): Illuminate\\Pipeline\\Pipeline->Illuminate\\Pipeline\\{closure}(Object(Illuminate\\Http\\Request))
#40 /home/berandah/subdomains/panel.berandahukum.com/vendor/laravel/framework/src/Illuminate/Pipeline/Pipeline.php(167): Illuminate\\Routing\\Middleware\\SubstituteBindings->handle(Object(Illuminate\\Http\\Request), Object(Closure))
#41 /home/berandah/subdomains/panel.berandahukum.com/vendor/laravel/framework/src/Illuminate/Foundation/Http/Middleware/VerifyCsrfToken.php(78): Illuminate\\Pipeline\\Pipeline->Illuminate\\Pipeline\\{closure}(Object(Illuminate\\Http\\Request))
#42 /home/berandah/subdomains/panel.berandahukum.com/vendor/laravel/framework/src/Illuminate/Pipeline/Pipeline.php(167): Illuminate\\Foundation\\Http\\Middleware\\VerifyCsrfToken->handle(Object(Illuminate\\Http\\Request), Object(Closure))
#43 /home/berandah/subdomains/panel.berandahukum.com/vendor/laravel/framework/src/Illuminate/View/Middleware/ShareErrorsFromSession.php(49): Illuminate\\Pipeline\\Pipeline->Illuminate\\Pipeline\\{closure}(Object(Illuminate\\Http\\Request))
#44 /home/berandah/subdomains/panel.berandahukum.com/vendor/laravel/framework/src/Illuminate/Pipeline/Pipeline.php(167): Illuminate\\View\\Middleware\\ShareErrorsFromSession->handle(Object(Illuminate\\Http\\Request), Object(Closure))
#45 /home/berandah/subdomains/panel.berandahukum.com/vendor/laravel/framework/src/Illuminate/Session/Middleware/StartSession.php(121): Illuminate\\Pipeline\\Pipeline->Illuminate\\Pipeline\\{closure}(Object(Illuminate\\Http\\Request))
#46 /home/berandah/subdomains/panel.berandahukum.com/vendor/laravel/framework/src/Illuminate/Session/Middleware/StartSession.php(63): Illuminate\\Session\\Middleware\\StartSession->handleStatefulRequest(Object(Illuminate\\Http\\Request), Object(Illuminate\\Session\\Store), Object(Closure))
#47 /home/berandah/subdomains/panel.berandahukum.com/vendor/laravel/framework/src/Illuminate/Pipeline/Pipeline.php(167): Illuminate\\Session\\Middleware\\StartSession->handle(Object(Illuminate\\Http\\Request), Object(Closure))
#48 /home/berandah/subdomains/panel.berandahukum.com/vendor/laravel/framework/src/Illuminate/Cookie/Middleware/AddQueuedCookiesToResponse.php(37): Illuminate\\Pipeline\\Pipeline->Illuminate\\Pipeline\\{closure}(Object(Illuminate\\Http\\Request))
#49 /home/berandah/subdomains/panel.berandahukum.com/vendor/laravel/framework/src/Illuminate/Pipeline/Pipeline.php(167): Illuminate\\Cookie\\Middleware\\AddQueuedCookiesToResponse->handle(Object(Illuminate\\Http\\Request), Object(Closure))
#50 /home/berandah/subdomains/panel.berandahukum.com/vendor/laravel/framework/src/Illuminate/Cookie/Middleware/EncryptCookies.php(67): Illuminate\\Pipeline\\Pipeline->Illuminate\\Pipeline\\{closure}(Object(Illuminate\\Http\\Request))
#51 /home/berandah/subdomains/panel.berandahukum.com/vendor/laravel/framework/src/Illuminate/Pipeline/Pipeline.php(167): Illuminate\\Cookie\\Middleware\\EncryptCookies->handle(Object(Illuminate\\Http\\Request), Object(Closure))
#52 /home/berandah/subdomains/panel.berandahukum.com/vendor/laravel/framework/src/Illuminate/Pipeline/Pipeline.php(103): Illuminate\\Pipeline\\Pipeline->Illuminate\\Pipeline\\{closure}(Object(Illuminate\\Http\\Request))
#53 /home/berandah/subdomains/panel.berandahukum.com/vendor/laravel/framework/src/Illuminate/Routing/Router.php(695): Illuminate\\Pipeline\\Pipeline->then(Object(Closure))
#54 /home/berandah/subdomains/panel.berandahukum.com/vendor/laravel/framework/src/Illuminate/Routing/Router.php(670): Illuminate\\Routing\\Router->runRouteWithinStack(Object(Illuminate\\Routing\\Route), Object(Illuminate\\Http\\Request))
#55 /home/berandah/subdomains/panel.berandahukum.com/vendor/laravel/framework/src/Illuminate/Routing/Router.php(636): Illuminate\\Routing\\Router->runRoute(Object(Illuminate\\Http\\Request), Object(Illuminate\\Routing\\Route))
#56 /home/berandah/subdomains/panel.berandahukum.com/vendor/laravel/framework/src/Illuminate/Routing/Router.php(625): Illuminate\\Routing\\Router->dispatchToRoute(Object(Illuminate\\Http\\Request))
#57 /home/berandah/subdomains/panel.berandahukum.com/vendor/laravel/framework/src/Illuminate/Foundation/Http/Kernel.php(166): Illuminate\\Routing\\Router->dispatch(Object(Illuminate\\Http\\Request))
#58 /home/berandah/subdomains/panel.berandahukum.com/vendor/laravel/framework/src/Illuminate/Pipeline/Pipeline.php(128): Illuminate\\Foundation\\Http\\Kernel->Illuminate\\Foundation\\Http\\{closure}(Object(Illuminate\\Http\\Request))
#59 /home/berandah/subdomains/panel.berandahukum.com/vendor/laravel/framework/src/Illuminate/Foundation/Http/Middleware/TransformsRequest.php(21): Illuminate\\Pipeline\\Pipeline->Illuminate\\Pipeline\\{closure}(Object(Illuminate\\Http\\Request))
#60 /home/berandah/subdomains/panel.berandahukum.com/vendor/laravel/framework/src/Illuminate/Pipeline/Pipeline.php(167): Illuminate\\Foundation\\Http\\Middleware\\TransformsRequest->handle(Object(Illuminate\\Http\\Request), Object(Closure))
#61 /home/berandah/subdomains/panel.berandahukum.com/vendor/laravel/framework/src/Illuminate/Foundation/Http/Middleware/TransformsRequest.php(21): Illuminate\\Pipeline\\Pipeline->Illuminate\\Pipeline\\{closure}(Object(Illuminate\\Http\\Request))
#62 /home/berandah/subdomains/panel.berandahukum.com/vendor/laravel/framework/src/Illuminate/Pipeline/Pipeline.php(167): Illuminate\\Foundation\\Http\\Middleware\\TransformsRequest->handle(Object(Illuminate\\Http\\Request), Object(Closure))
#63 /home/berandah/subdomains/panel.berandahukum.com/vendor/laravel/framework/src/Illuminate/Foundation/Http/Middleware/ValidatePostSize.php(27): Illuminate\\Pipeline\\Pipeline->Illuminate\\Pipeline\\{closure}(Object(Illuminate\\Http\\Request))
#64 /home/berandah/subdomains/panel.berandahukum.com/vendor/laravel/framework/src/Illuminate/Pipeline/Pipeline.php(167): Illuminate\\Foundation\\Http\\Middleware\\ValidatePostSize->handle(Object(Illuminate\\Http\\Request), Object(Closure))
#65 /home/berandah/subdomains/panel.berandahukum.com/vendor/laravel/framework/src/Illuminate/Foundation/Http/Middleware/PreventRequestsDuringMaintenance.php(86): Illuminate\\Pipeline\\Pipeline->Illuminate\\Pipeline\\{closure}(Object(Illuminate\\Http\\Request))
#66 /home/berandah/subdomains/panel.berandahukum.com/vendor/laravel/framework/src/Illuminate/Pipeline/Pipeline.php(167): Illuminate\\Foundation\\Http\\Middleware\\PreventRequestsDuringMaintenance->handle(Object(Illuminate\\Http\\Request), Object(Closure))
#67 /home/berandah/subdomains/panel.berandahukum.com/vendor/fruitcake/laravel-cors/src/HandleCors.php(37): Illuminate\\Pipeline\\Pipeline->Illuminate\\Pipeline\\{closure}(Object(Illuminate\\Http\\Request))
#68 /home/berandah/subdomains/panel.berandahukum.com/vendor/laravel/framework/src/Illuminate/Pipeline/Pipeline.php(167): Fruitcake\\Cors\\HandleCors->handle(Object(Illuminate\\Http\\Request), Object(Closure))
#69 /home/berandah/subdomains/panel.berandahukum.com/vendor/fideloper/proxy/src/TrustProxies.php(57): Illuminate\\Pipeline\\Pipeline->Illuminate\\Pipeline\\{closure}(Object(Illuminate\\Http\\Request))
#70 /home/berandah/subdomains/panel.berandahukum.com/vendor/laravel/framework/src/Illuminate/Pipeline/Pipeline.php(167): Fideloper\\Proxy\\TrustProxies->handle(Object(Illuminate\\Http\\Request), Object(Closure))
#71 /home/berandah/subdomains/panel.berandahukum.com/vendor/laravel/framework/src/Illuminate/Pipeline/Pipeline.php(103): Illuminate\\Pipeline\\Pipeline->Illuminate\\Pipeline\\{closure}(Object(Illuminate\\Http\\Request))
#72 /home/berandah/subdomains/panel.berandahukum.com/vendor/laravel/framework/src/Illuminate/Foundation/Http/Kernel.php(141): Illuminate\\Pipeline\\Pipeline->then(Object(Closure))
#73 /home/berandah/subdomains/panel.berandahukum.com/vendor/laravel/framework/src/Illuminate/Foundation/Http/Kernel.php(110): Illuminate\\Foundation\\Http\\Kernel->sendRequestThroughRouter(Object(Illuminate\\Http\\Request))
#74 /home/berandah/subdomains/panel.berandahukum.com/public/index.php(52): Illuminate\\Foundation\\Http\\Kernel->handle(Object(Illuminate\\Http\\Request))
#75 {main}
"} 
[2026-08-20 23:12:45] local.ERROR: SQLSTATE[42S01]: Base table or view already exists: 1050 Table 'password_resets' already exists (SQL: create table `password_resets` (`email` varchar(255) not null, `token` varchar(255) not null, `created_at` timestamp null) default character set utf8mb4 collate 'utf8mb4_unicode_ci') {"userId":36,"exception":"[object] (Illuminate\\Database\\QueryException(code: 42S01): SQLSTATE[42S01]: Base table or view already exists: 1050 Table 'password_resets' already exists (SQL: create table `password_resets` (`email` varchar(255) not null, `token` varchar(255) not null, `created_at` timestamp null) default character set utf8mb4 collate 'utf8mb4_unicode_ci') at /home/berandah/subdomains/panel.berandahukum.com/vendor/laravel/framework/src/Illuminate/Database/Connection.php:678)
[stacktrace]
#0 /home/berandah/subdomains/panel.berandahukum.com/vendor/laravel/framework/src/Illuminate/Database/Connection.php(638): Illuminate\\Database\\Connection->runQueryCallback('create table `p...', Array, Object(Closure))
#1 /home/berandah/subdomains/panel.berandahukum.com/vendor/laravel/framework/src/Illuminate/Database/Connection.php(472): Illuminate\\Database\\Connection->run('create table `p...', Array, Object(Closure))
#2 /home/berandah/subdomains/panel.berandahukum.com/vendor/laravel/framework/src/Illuminate/Database/Schema/Blueprint.php(109): Illuminate\\Database\\Connection->statement('create table `p...')
#3 /home/berandah/subdomains/panel.berandahukum.com/vendor/laravel/framework/src/Illuminate/Database/Schema/Builder.php(359): Illuminate\\Database\\Schema\\Blueprint->build(Object(Illuminate\\Database\\MySqlConnection), Object(Illuminate\\Database\\Schema\\Grammars\\MySqlGrammar))
#4 /home/berandah/subdomains/panel.berandahukum.com/vendor/laravel/framework/src/Illuminate/Database/Schema/Builder.php(222): Illuminate\\Database\\Schema\\Builder->build(Object(Illuminate\\Database\\Schema\\Blueprint))
#5 /home/berandah/subdomains/panel.berandahukum.com/vendor/laravel/framework/src/Illuminate/Support/Facades/Facade.php(261): Illuminate\\Database\\Schema\\Builder->create('password_resets', Object(Closure))
#6 /home/berandah/subdomains/panel.berandahukum.com/database/migrations/2014_10_12_100000_create_password_resets_table.php(20): Illuminate\\Support\\Facades\\Facade::__callStatic('create', Array)
#7 /home/berandah/subdomains/panel.berandahukum.com/vendor/laravel/framework/src/Illuminate/Database/Migrations/Migrator.php(392): CreatePasswordResetsTable->up()
#8 /home/berandah/subdomains/panel.berandahukum.com/vendor/laravel/framework/src/Illuminate/Database/Migrations/Migrator.php(401): Illuminate\\Database\\Migrations\\Migrator->Illuminate\\Database\\Migrations\\{closure}()
#9 /home/berandah/subdomains/panel.berandahukum.com/vendor/laravel/framework/src/Illuminate/Database/Migrations/Migrator.php(200): Illuminate\\Database\\Migrations\\Migrator->runMigration(Object(CreatePasswordResetsTable), 'up')
#10 /home/berandah/subdomains/panel.berandahukum.com/vendor/laravel/framework/src/Illuminate/Database/Migrations/Migrator.php(165): Illuminate\\Database\\Migrations\\Migrator->runUp('/home/berandah/...', 2, false)
#11 /home/berandah/subdomains/panel.berandahukum.com/vendor/laravel/framework/src/Illuminate/Database/Migrations/Migrator.php(110): Illuminate\\Database\\Migrations\\Migrator->runPending(Array, Array)
#12 /home/berandah/subdomains/panel.berandahukum.com/vendor/laravel/framework/src/Illuminate/Database/Console/Migrations/MigrateCommand.php(85): Illuminate\\Database\\Migrations\\Migrator->run(Array, Array)
#13 /home/berandah/subdomains/panel.berandahukum.com/vendor/laravel/framework/src/Illuminate/Database/Migrations/Migrator.php(541): Illuminate\\Database\\Console\\Migrations\\MigrateCommand->Illuminate\\Database\\Console\\Migrations\\{closure}()
#14 /home/berandah/subdomains/panel.berandahukum.com/vendor/laravel/framework/src/Illuminate/Database/Console/Migrations/MigrateCommand.php(94): Illuminate\\Database\\Migrations\\Migrator->usingConnection(NULL, Object(Closure))
#15 /home/berandah/subdomains/panel.berandahukum.com/vendor/laravel/framework/src/Illuminate/Container/BoundMethod.php(36): Illuminate\\Database\\Console\\Migrations\\MigrateCommand->handle()
#16 /home/berandah/subdomains/panel.berandahukum.com/vendor/laravel/framework/src/Illuminate/Container/Util.php(40): Illuminate\\Container\\BoundMethod::Illuminate\\Container\\{closure}()
#17 /home/berandah/subdomains/panel.berandahukum.com/vendor/laravel/framework/src/Illuminate/Container/BoundMethod.php(93): Illuminate\\Container\\Util::unwrapIfClosure(Object(Closure))
#18 /home/berandah/subdomains/panel.berandahukum.com/vendor/laravel/framework/src/Illuminate/Container/BoundMethod.php(37): Illuminate\\Container\\BoundMethod::callBoundMethod(Object(Illuminate\\Foundation\\Application), Array, Object(Closure))
#19 /home/berandah/subdomains/panel.berandahukum.com/vendor/laravel/framework/src/Illuminate/Container/Container.php(610): Illuminate\\Container\\BoundMethod::call(Object(Illuminate\\Foundation\\Application), Array, Array, NULL)
#20 /home/berandah/subdomains/panel.berandahukum.com/vendor/laravel/framework/src/Illuminate/Console/Command.php(136): Illuminate\\Container\\Container->call(Array)
#21 /home/berandah/subdomains/panel.berandahukum.com/vendor/symfony/console/Command/Command.php(256): Illuminate\\Console\\Command->execute(Object(Symfony\\Component\\Console\\Input\\StringInput), Object(Illuminate\\Console\\OutputStyle))
#22 /home/berandah/subdomains/panel.berandahukum.com/vendor/laravel/framework/src/Illuminate/Console/Command.php(121): Symfony\\Component\\Console\\Command\\Command->run(Object(Symfony\\Component\\Console\\Input\\StringInput), Object(Illuminate\\Console\\OutputStyle))
#23 /home/berandah/subdomains/panel.berandahukum.com/vendor/symfony/console/Application.php(971): Illuminate\\Console\\Command->run(Object(Symfony\\Component\\Console\\Input\\StringInput), Object(Symfony\\Component\\Console\\Output\\BufferedOutput))
#24 /home/berandah/subdomains/panel.berandahukum.com/vendor/symfony/console/Application.php(290): Symfony\\Component\\Console\\Application->doRunCommand(Object(Illuminate\\Database\\Console\\Migrations\\MigrateCommand), Object(Symfony\\Component\\Console\\Input\\StringInput), Object(Symfony\\Component\\Console\\Output\\BufferedOutput))
#25 /home/berandah/subdomains/panel.berandahukum.com/vendor/symfony/console/Application.php(166): Symfony\\Component\\Console\\Application->doRun(Object(Symfony\\Component\\Console\\Input\\StringInput), Object(Symfony\\Component\\Console\\Output\\BufferedOutput))
#26 /home/berandah/subdomains/panel.berandahukum.com/vendor/laravel/framework/src/Illuminate/Console/Application.php(93): Symfony\\Component\\Console\\Application->run(Object(Symfony\\Component\\Console\\Input\\StringInput), Object(Symfony\\Component\\Console\\Output\\BufferedOutput))
#27 /home/berandah/subdomains/panel.berandahukum.com/vendor/laravel/framework/src/Illuminate/Console/Application.php(185): Illuminate\\Console\\Application->run(Object(Symfony\\Component\\Console\\Input\\StringInput), Object(Symfony\\Component\\Console\\Output\\BufferedOutput))
#28 /home/berandah/subdomains/panel.berandahukum.com/vendor/laravel/framework/src/Illuminate/Foundation/Console/Kernel.php(263): Illuminate\\Console\\Application->call('migrate', Array, NULL)
#29 /home/berandah/subdomains/panel.berandahukum.com/vendor/laravel/framework/src/Illuminate/Support/Facades/Facade.php(261): Illuminate\\Foundation\\Console\\Kernel->call('migrate')
#30 /home/berandah/subdomains/panel.berandahukum.com/routes/web.php(309): Illuminate\\Support\\Facades\\Facade::__callStatic('call', Array)
#31 /home/berandah/subdomains/panel.berandahukum.com/vendor/laravel/framework/src/Illuminate/Routing/Route.php(230): Illuminate\\Routing\\RouteFileRegistrar->{closure}()
#32 /home/berandah/subdomains/panel.berandahukum.com/vendor/laravel/framework/src/Illuminate/Routing/Route.php(200): Illuminate\\Routing\\Route->runCallable()
#33 /home/berandah/subdomains/panel.berandahukum.com/vendor/laravel/framework/src/Illuminate/Routing/Router.php(693): Illuminate\\Routing\\Route->run()
#34 /home/berandah/subdomains/panel.berandahukum.com/vendor/laravel/framework/src/Illuminate/Pipeline/Pipeline.php(128): Illuminate\\Routing\\Router->Illuminate\\Routing\\{closure}(Object(Illuminate\\Http\\Request))
#35 /home/berandah/subdomains/panel.berandahukum.com/app/Http/Middleware/CheckBlockedIp.php(22): Illuminate\\Pipeline\\Pipeline->Illuminate\\Pipeline\\{closure}(Object(Illuminate\\Http\\Request))
#36 /home/berandah/subdomains/panel.berandahukum.com/vendor/laravel/framework/src/Illuminate/Pipeline/Pipeline.php(167): App\\Http\\Middleware\\CheckBlockedIp->handle(Object(Illuminate\\Http\\Request), Object(Closure))
#37 /home/berandah/subdomains/panel.berandahukum.com/vendor/laravel/framework/src/Illuminate/Routing/Middleware/SubstituteBindings.php(50): Illuminate\\Pipeline\\Pipeline->Illuminate\\Pipeline\\{closure}(Object(Illuminate\\Http\\Request))
#38 /home/berandah/subdomains/panel.berandahukum.com/vendor/laravel/framework/src/Illuminate/Pipeline/Pipeline.php(167): Illuminate\\Routing\\Middleware\\SubstituteBindings->handle(Object(Illuminate\\Http\\Request), Object(Closure))
#39 /home/berandah/subdomains/panel.berandahukum.com/vendor/laravel/framework/src/Illuminate/Foundation/Http/Middleware/VerifyCsrfToken.php(78): Illuminate\\Pipeline\\Pipeline->Illuminate\\Pipeline\\{closure}(Object(Illuminate\\Http\\Request))
#40 /home/berandah/subdomains/panel.berandahukum.com/vendor/laravel/framework/src/Illuminate/Pipeline/Pipeline.php(167): Illuminate\\Foundation\\Http\\Middleware\\VerifyCsrfToken->handle(Object(Illuminate\\Http\\Request), Object(Closure))
#41 /home/berandah/subdomains/panel.berandahukum.com/vendor/laravel/framework/src/Illuminate/View/Middleware/ShareErrorsFromSession.php(49): Illuminate\\Pipeline\\Pipeline->Illuminate\\Pipeline\\{closure}(Object(Illuminate\\Http\\Request))
#42 /home/berandah/subdomains/panel.berandahukum.com/vendor/laravel/framework/src/Illuminate/Pipeline/Pipeline.php(167): Illuminate\\View\\Middleware\\ShareErrorsFromSession->handle(Object(Illuminate\\Http\\Request), Object(Closure))
#43 /home/berandah/subdomains/panel.berandahukum.com/vendor/laravel/framework/src/Illuminate/Session/Middleware/StartSession.php(121): Illuminate\\Pipeline\\Pipeline->Illuminate\\Pipeline\\{closure}(Object(Illuminate\\Http\\Request))
#44 /home/berandah/subdomains/panel.berandahukum.com/vendor/laravel/framework/src/Illuminate/Session/Middleware/StartSession.php(63): Illuminate\\Session\\Middleware\\StartSession->handleStatefulRequest(Object(Illuminate\\Http\\Request), Object(Illuminate\\Session\\Store), Object(Closure))
#45 /home/berandah/subdomains/panel.berandahukum.com/vendor/laravel/framework/src/Illuminate/Pipeline/Pipeline.php(167): Illuminate\\Session\\Middleware\\StartSession->handle(Object(Illuminate\\Http\\Request), Object(Closure))
#46 /home/berandah/subdomains/panel.berandahukum.com/vendor/laravel/framework/src/Illuminate/Cookie/Middleware/AddQueuedCookiesToResponse.php(37): Illuminate\\Pipeline\\Pipeline->Illuminate\\Pipeline\\{closure}(Object(Illuminate\\Http\\Request))
#47 /home/berandah/subdomains/panel.berandahukum.com/vendor/laravel/framework/src/Illuminate/Pipeline/Pipeline.php(167): Illuminate\\Cookie\\Middleware\\AddQueuedCookiesToResponse->handle(Object(Illuminate\\Http\\Request), Object(Closure))
#48 /home/berandah/subdomains/panel.berandahukum.com/vendor/laravel/framework/src/Illuminate/Cookie/Middleware/EncryptCookies.php(67): Illuminate\\Pipeline\\Pipeline->Illuminate\\Pipeline\\{closure}(Object(Illuminate\\Http\\Request))
#49 /home/berandah/subdomains/panel.berandahukum.com/vendor/laravel/framework/src/Illuminate/Pipeline/Pipeline.php(167): Illuminate\\Cookie\\Middleware\\EncryptCookies->handle(Object(Illuminate\\Http\\Request), Object(Closure))
#50 /home/berandah/subdomains/panel.berandahukum.com/vendor/laravel/framework/src/Illuminate/Pipeline/Pipeline.php(103): Illuminate\\Pipeline\\Pipeline->Illuminate\\Pipeline\\{closure}(Object(Illuminate\\Http\\Request))
#51 /home/berandah/subdomains/panel.berandahukum.com/vendor/laravel/framework/src/Illuminate/Routing/Router.php(695): Illuminate\\Pipeline\\Pipeline->then(Object(Closure))
#52 /home/berandah/subdomains/panel.berandahukum.com/vendor/laravel/framework/src/Illuminate/Routing/Router.php(670): Illuminate\\Routing\\Router->runRouteWithinStack(Object(Illuminate\\Routing\\Route), Object(Illuminate\\Http\\Request))
#53 /home/berandah/subdomains/panel.berandahukum.com/vendor/laravel/framework/src/Illuminate/Routing/Router.php(636): Illuminate\\Routing\\Router->runRoute(Object(Illuminate\\Http\\Request), Object(Illuminate\\Routing\\Route))
#54 /home/berandah/subdomains/panel.berandahukum.com/vendor/laravel/framework/src/Illuminate/Routing/Router.php(625): Illuminate\\Routing\\Router->dispatchToRoute(Object(Illuminate\\Http\\Request))
#55 /home/berandah/subdomains/panel.berandahukum.com/vendor/laravel/framework/src/Illuminate/Foundation/Http/Kernel.php(166): Illuminate\\Routing\\Router->dispatch(Object(Illuminate\\Http\\Request))
#56 /home/berandah/subdomains/panel.berandahukum.com/vendor/laravel/framework/src/Illuminate/Pipeline/Pipeline.php(128): Illuminate\\Foundation\\Http\\Kernel->Illuminate\\Foundation\\Http\\{closure}(Object(Illuminate\\Http\\Request))
#57 /home/berandah/subdomains/panel.berandahukum.com/vendor/laravel/framework/src/Illuminate/Foundation/Http/Middleware/TransformsRequest.php(21): Illuminate\\Pipeline\\Pipeline->Illuminate\\Pipeline\\{closure}(Object(Illuminate\\Http\\Request))
#58 /home/berandah/subdomains/panel.berandahukum.com/vendor/laravel/framework/src/Illuminate/Pipeline/Pipeline.php(167): Illuminate\\Foundation\\Http\\Middleware\\TransformsRequest->handle(Object(Illuminate\\Http\\Request), Object(Closure))
#59 /home/berandah/subdomains/panel.berandahukum.com/vendor/laravel/framework/src/Illuminate/Foundation/Http/Middleware/TransformsRequest.php(21): Illuminate\\Pipeline\\Pipeline->Illuminate\\Pipeline\\{closure}(Object(Illuminate\\Http\\Request))
#60 /home/berandah/subdomains/panel.berandahukum.com/vendor/laravel/framework/src/Illuminate/Pipeline/Pipeline.php(167): Illuminate\\Foundation\\Http\\Middleware\\TransformsRequest->handle(Object(Illuminate\\Http\\Request), Object(Closure))
#61 /home/berandah/subdomains/panel.berandahukum.com/vendor/laravel/framework/src/Illuminate/Foundation/Http/Middleware/ValidatePostSize.php(27): Illuminate\\Pipeline\\Pipeline->Illuminate\\Pipeline\\{closure}(Object(Illuminate\\Http\\Request))
#62 /home/berandah/subdomains/panel.berandahukum.com/vendor/laravel/framework/src/Illuminate/Pipeline/Pipeline.php(167): Illuminate\\Foundation\\Http\\Middleware\\ValidatePostSize->handle(Object(Illuminate\\Http\\Request), Object(Closure))
#63 /home/berandah/subdomains/panel.berandahukum.com/vendor/laravel/framework/src/Illuminate/Foundation/Http/Middleware/PreventRequestsDuringMaintenance.php(86): Illuminate\\Pipeline\\Pipeline->Illuminate\\Pipeline\\{closure}(Object(Illuminate\\Http\\Request))
#64 /home/berandah/subdomains/panel.berandahukum.com/vendor/laravel/framework/src/Illuminate/Pipeline/Pipeline.php(167): Illuminate\\Foundation\\Http\\Middleware\\PreventRequestsDuringMaintenance->handle(Object(Illuminate\\Http\\Request), Object(Closure))
#65 /home/berandah/subdomains/panel.berandahukum.com/vendor/fruitcake/laravel-cors/src/HandleCors.php(37): Illuminate\\Pipeline\\Pipeline->Illuminate\\Pipeline\\{closure}(Object(Illuminate\\Http\\Request))
#66 /home/berandah/subdomains/panel.berandahukum.com/vendor/laravel/framework/src/Illuminate/Pipeline/Pipeline.php(167): Fruitcake\\Cors\\HandleCors->handle(Object(Illuminate\\Http\\Request), Object(Closure))
#67 /home/berandah/subdomains/panel.berandahukum.com/vendor/fideloper/proxy/src/TrustProxies.php(57): Illuminate\\Pipeline\\Pipeline->Illuminate\\Pipeline\\{closure}(Object(Illuminate\\Http\\Request))
#68 /home/berandah/subdomains/panel.berandahukum.com/vendor/laravel/framework/src/Illuminate/Pipeline/Pipeline.php(167): Fideloper\\Proxy\\TrustProxies->handle(Object(Illuminate\\Http\\Request), Object(Closure))
#69 /home/berandah/subdomains/panel.berandahukum.com/vendor/laravel/framework/src/Illuminate/Pipeline/Pipeline.php(103): Illuminate\\Pipeline\\Pipeline->Illuminate\\Pipeline\\{closure}(Object(Illuminate\\Http\\Request))
#70 /home/berandah/subdomains/panel.berandahukum.com/vendor/laravel/framework/src/Illuminate/Foundation/Http/Kernel.php(141): Illuminate\\Pipeline\\Pipeline->then(Object(Closure))
#71 /home/berandah/subdomains/panel.berandahukum.com/vendor/laravel/framework/src/Illuminate/Foundation/Http/Kernel.php(110): Illuminate\\Foundation\\Http\\Kernel->sendRequestThroughRouter(Object(Illuminate\\Http\\Request))
#72 /home/berandah/subdomains/panel.berandahukum.com/public/index.php(52): Illuminate\\Foundation\\Http\\Kernel->handle(Object(Illuminate\\Http\\Request))
#73 {main}

[previous exception] [object] (PDOException(code: 42S01): SQLSTATE[42S01]: Base table or view already exists: 1050 Table 'password_resets' already exists at /home/berandah/subdomains/panel.berandahukum.com/vendor/laravel/framework/src/Illuminate/Database/Connection.php:471)
[stacktrace]
#0 /home/berandah/subdomains/panel.berandahukum.com/vendor/laravel/framework/src/Illuminate/Database/Connection.php(471): PDOStatement->execute()
#1 /home/berandah/subdomains/panel.berandahukum.com/vendor/laravel/framework/src/Illuminate/Database/Connection.php(671): Illuminate\\Database\\Connection->Illuminate\\Database\\{closure}('create table `p...', Array)
#2 /home/berandah/subdomains/panel.berandahukum.com/vendor/laravel/framework/src/Illuminate/Database/Connection.php(638): Illuminate\\Database\\Connection->runQueryCallback('create table `p...', Array, Object(Closure))
#3 /home/berandah/subdomains/panel.berandahukum.com/vendor/laravel/framework/src/Illuminate/Database/Connection.php(472): Illuminate\\Database\\Connection->run('create table `p...', Array, Object(Closure))
#4 /home/berandah/subdomains/panel.berandahukum.com/vendor/laravel/framework/src/Illuminate/Database/Schema/Blueprint.php(109): Illuminate\\Database\\Connection->statement('create table `p...')
#5 /home/berandah/subdomains/panel.berandahukum.com/vendor/laravel/framework/src/Illuminate/Database/Schema/Builder.php(359): Illuminate\\Database\\Schema\\Blueprint->build(Object(Illuminate\\Database\\MySqlConnection), Object(Illuminate\\Database\\Schema\\Grammars\\MySqlGrammar))
#6 /home/berandah/subdomains/panel.berandahukum.com/vendor/laravel/framework/src/Illuminate/Database/Schema/Builder.php(222): Illuminate\\Database\\Schema\\Builder->build(Object(Illuminate\\Database\\Schema\\Blueprint))
#7 /home/berandah/subdomains/panel.berandahukum.com/vendor/laravel/framework/src/Illuminate/Support/Facades/Facade.php(261): Illuminate\\Database\\Schema\\Builder->create('password_resets', Object(Closure))
#8 /home/berandah/subdomains/panel.berandahukum.com/database/migrations/2014_10_12_100000_create_password_resets_table.php(20): Illuminate\\Support\\Facades\\Facade::__callStatic('create', Array)
#9 /home/berandah/subdomains/panel.berandahukum.com/vendor/laravel/framework/src/Illuminate/Database/Migrations/Migrator.php(392): CreatePasswordResetsTable->up()
#10 /home/berandah/subdomains/panel.berandahukum.com/vendor/laravel/framework/src/Illuminate/Database/Migrations/Migrator.php(401): Illuminate\\Database\\Migrations\\Migrator->Illuminate\\Database\\Migrations\\{closure}()
#11 /home/berandah/subdomains/panel.berandahukum.com/vendor/laravel/framework/src/Illuminate/Database/Migrations/Migrator.php(200): Illuminate\\Database\\Migrations\\Migrator->runMigration(Object(CreatePasswordResetsTable), 'up')
#12 /home/berandah/subdomains/panel.berandahukum.com/vendor/laravel/framework/src/Illuminate/Database/Migrations/Migrator.php(165): Illuminate\\Database\\Migrations\\Migrator->runUp('/home/berandah/...', 2, false)
#13 /home/berandah/subdomains/panel.berandahukum.com/vendor/laravel/framework/src/Illuminate/Database/Migrations/Migrator.php(110): Illuminate\\Database\\Migrations\\Migrator->runPending(Array, Array)
#14 /home/berandah/subdomains/panel.berandahukum.com/vendor/laravel/framework/src/Illuminate/Database/Console/Migrations/MigrateCommand.php(85): Illuminate\\Database\\Migrations\\Migrator->run(Array, Array)
#15 /home/berandah/subdomains/panel.berandahukum.com/vendor/laravel/framework/src/Illuminate/Database/Migrations/Migrator.php(541): Illuminate\\Database\\Console\\Migrations\\MigrateCommand->Illuminate\\Database\\Console\\Migrations\\{closure}()
#16 /home/berandah/subdomains/panel.berandahukum.com/vendor/laravel/framework/src/Illuminate/Database/Console/Migrations/MigrateCommand.php(94): Illuminate\\Database\\Migrations\\Migrator->usingConnection(NULL, Object(Closure))
#17 /home/berandah/subdomains/panel.berandahukum.com/vendor/laravel/framework/src/Illuminate/Container/BoundMethod.php(36): Illuminate\\Database\\Console\\Migrations\\MigrateCommand->handle()
#18 /home/berandah/subdomains/panel.berandahukum.com/vendor/laravel/framework/src/Illuminate/Container/Util.php(40): Illuminate\\Container\\BoundMethod::Illuminate\\Container\\{closure}()
#19 /home/berandah/subdomains/panel.berandahukum.com/vendor/laravel/framework/src/Illuminate/Container/BoundMethod.php(93): Illuminate\\Container\\Util::unwrapIfClosure(Object(Closure))
#20 /home/berandah/subdomains/panel.berandahukum.com/vendor/laravel/framework/src/Illuminate/Container/BoundMethod.php(37): Illuminate\\Container\\BoundMethod::callBoundMethod(Object(Illuminate\\Foundation\\Application), Array, Object(Closure))
#21 /home/berandah/subdomains/panel.berandahukum.com/vendor/laravel/framework/src/Illuminate/Container/Container.php(610): Illuminate\\Container\\BoundMethod::call(Object(Illuminate\\Foundation\\Application), Array, Array, NULL)
#22 /home/berandah/subdomains/panel.berandahukum.com/vendor/laravel/framework/src/Illuminate/Console/Command.php(136): Illuminate\\Container\\Container->call(Array)
#23 /home/berandah/subdomains/panel.berandahukum.com/vendor/symfony/console/Command/Command.php(256): Illuminate\\Console\\Command->execute(Object(Symfony\\Component\\Console\\Input\\StringInput), Object(Illuminate\\Console\\OutputStyle))
#24 /home/berandah/subdomains/panel.berandahukum.com/vendor/laravel/framework/src/Illuminate/Console/Command.php(121): Symfony\\Component\\Console\\Command\\Command->run(Object(Symfony\\Component\\Console\\Input\\StringInput), Object(Illuminate\\Console\\OutputStyle))
#25 /home/berandah/subdomains/panel.berandahukum.com/vendor/symfony/console/Application.php(971): Illuminate\\Console\\Command->run(Object(Symfony\\Component\\Console\\Input\\StringInput), Object(Symfony\\Component\\Console\\Output\\BufferedOutput))
#26 /home/berandah/subdomains/panel.berandahukum.com/vendor/symfony/console/Application.php(290): Symfony\\Component\\Console\\Application->doRunCommand(Object(Illuminate\\Database\\Console\\Migrations\\MigrateCommand), Object(Symfony\\Component\\Console\\Input\\StringInput), Object(Symfony\\Component\\Console\\Output\\BufferedOutput))
#27 /home/berandah/subdomains/panel.berandahukum.com/vendor/symfony/console/Application.php(166): Symfony\\Component\\Console\\Application->doRun(Object(Symfony\\Component\\Console\\Input\\StringInput), Object(Symfony\\Component\\Console\\Output\\BufferedOutput))
#28 /home/berandah/subdomains/panel.berandahukum.com/vendor/laravel/framework/src/Illuminate/Console/Application.php(93): Symfony\\Component\\Console\\Application->run(Object(Symfony\\Component\\Console\\Input\\StringInput), Object(Symfony\\Component\\Console\\Output\\BufferedOutput))
#29 /home/berandah/subdomains/panel.berandahukum.com/vendor/laravel/framework/src/Illuminate/Console/Application.php(185): Illuminate\\Console\\Application->run(Object(Symfony\\Component\\Console\\Input\\StringInput), Object(Symfony\\Component\\Console\\Output\\BufferedOutput))
#30 /home/berandah/subdomains/panel.berandahukum.com/vendor/laravel/framework/src/Illuminate/Foundation/Console/Kernel.php(263): Illuminate\\Console\\Application->call('migrate', Array, NULL)
#31 /home/berandah/subdomains/panel.berandahukum.com/vendor/laravel/framework/src/Illuminate/Support/Facades/Facade.php(261): Illuminate\\Foundation\\Console\\Kernel->call('migrate')
#32 /home/berandah/subdomains/panel.berandahukum.com/routes/web.php(309): Illuminate\\Support\\Facades\\Facade::__callStatic('call', Array)
#33 /home/berandah/subdomains/panel.berandahukum.com/vendor/laravel/framework/src/Illuminate/Routing/Route.php(230): Illuminate\\Routing\\RouteFileRegistrar->{closure}()
#34 /home/berandah/subdomains/panel.berandahukum.com/vendor/laravel/framework/src/Illuminate/Routing/Route.php(200): Illuminate\\Routing\\Route->runCallable()
#35 /home/berandah/subdomains/panel.berandahukum.com/vendor/laravel/framework/src/Illuminate/Routing/Router.php(693): Illuminate\\Routing\\Route->run()
#36 /home/berandah/subdomains/panel.berandahukum.com/vendor/laravel/framework/src/Illuminate/Pipeline/Pipeline.php(128): Illuminate\\Routing\\Router->Illuminate\\Routing\\{closure}(Object(Illuminate\\Http\\Request))
#37 /home/berandah/subdomains/panel.berandahukum.com/app/Http/Middleware/CheckBlockedIp.php(22): Illuminate\\Pipeline\\Pipeline->Illuminate\\Pipeline\\{closure}(Object(Illuminate\\Http\\Request))
#38 /home/berandah/subdomains/panel.berandahukum.com/vendor/laravel/framework/src/Illuminate/Pipeline/Pipeline.php(167): App\\Http\\Middleware\\CheckBlockedIp->handle(Object(Illuminate\\Http\\Request), Object(Closure))
#39 /home/berandah/subdomains/panel.berandahukum.com/vendor/laravel/framework/src/Illuminate/Routing/Middleware/SubstituteBindings.php(50): Illuminate\\Pipeline\\Pipeline->Illuminate\\Pipeline\\{closure}(Object(Illuminate\\Http\\Request))
#40 /home/berandah/subdomains/panel.berandahukum.com/vendor/laravel/framework/src/Illuminate/Pipeline/Pipeline.php(167): Illuminate\\Routing\\Middleware\\SubstituteBindings->handle(Object(Illuminate\\Http\\Request), Object(Closure))
#41 /home/berandah/subdomains/panel.berandahukum.com/vendor/laravel/framework/src/Illuminate/Foundation/Http/Middleware/VerifyCsrfToken.php(78): Illuminate\\Pipeline\\Pipeline->Illuminate\\Pipeline\\{closure}(Object(Illuminate\\Http\\Request))
#42 /home/berandah/subdomains/panel.berandahukum.com/vendor/laravel/framework/src/Illuminate/Pipeline/Pipeline.php(167): Illuminate\\Foundation\\Http\\Middleware\\VerifyCsrfToken->handle(Object(Illuminate\\Http\\Request), Object(Closure))
#43 /home/berandah/subdomains/panel.berandahukum.com/vendor/laravel/framework/src/Illuminate/View/Middleware/ShareErrorsFromSession.php(49): Illuminate\\Pipeline\\Pipeline->Illuminate\\Pipeline\\{closure}(Object(Illuminate\\Http\\Request))
#44 /home/berandah/subdomains/panel.berandahukum.com/vendor/laravel/framework/src/Illuminate/Pipeline/Pipeline.php(167): Illuminate\\View\\Middleware\\ShareErrorsFromSession->handle(Object(Illuminate\\Http\\Request), Object(Closure))
#45 /home/berandah/subdomains/panel.berandahukum.com/vendor/laravel/framework/src/Illuminate/Session/Middleware/StartSession.php(121): Illuminate\\Pipeline\\Pipeline->Illuminate\\Pipeline\\{closure}(Object(Illuminate\\Http\\Request))
#46 /home/berandah/subdomains/panel.berandahukum.com/vendor/laravel/framework/src/Illuminate/Session/Middleware/StartSession.php(63): Illuminate\\Session\\Middleware\\StartSession->handleStatefulRequest(Object(Illuminate\\Http\\Request), Object(Illuminate\\Session\\Store), Object(Closure))
#47 /home/berandah/subdomains/panel.berandahukum.com/vendor/laravel/framework/src/Illuminate/Pipeline/Pipeline.php(167): Illuminate\\Session\\Middleware\\StartSession->handle(Object(Illuminate\\Http\\Request), Object(Closure))
#48 /home/berandah/subdomains/panel.berandahukum.com/vendor/laravel/framework/src/Illuminate/Cookie/Middleware/AddQueuedCookiesToResponse.php(37): Illuminate\\Pipeline\\Pipeline->Illuminate\\Pipeline\\{closure}(Object(Illuminate\\Http\\Request))
#49 /home/berandah/subdomains/panel.berandahukum.com/vendor/laravel/framework/src/Illuminate/Pipeline/Pipeline.php(167): Illuminate\\Cookie\\Middleware\\AddQueuedCookiesToResponse->handle(Object(Illuminate\\Http\\Request), Object(Closure))
#50 /home/berandah/subdomains/panel.berandahukum.com/vendor/laravel/framework/src/Illuminate/Cookie/Middleware/EncryptCookies.php(67): Illuminate\\Pipeline\\Pipeline->Illuminate\\Pipeline\\{closure}(Object(Illuminate\\Http\\Request))
#51 /home/berandah/subdomains/panel.berandahukum.com/vendor/laravel/framework/src/Illuminate/Pipeline/Pipeline.php(167): Illuminate\\Cookie\\Middleware\\EncryptCookies->handle(Object(Illuminate\\Http\\Request), Object(Closure))
#52 /home/berandah/subdomains/panel.berandahukum.com/vendor/laravel/framework/src/Illuminate/Pipeline/Pipeline.php(103): Illuminate\\Pipeline\\Pipeline->Illuminate\\Pipeline\\{closure}(Object(Illuminate\\Http\\Request))
#53 /home/berandah/subdomains/panel.berandahukum.com/vendor/laravel/framework/src/Illuminate/Routing/Router.php(695): Illuminate\\Pipeline\\Pipeline->then(Object(Closure))
#54 /home/berandah/subdomains/panel.berandahukum.com/vendor/laravel/framework/src/Illuminate/Routing/Router.php(670): Illuminate\\Routing\\Router->runRouteWithinStack(Object(Illuminate\\Routing\\Route), Object(Illuminate\\Http\\Request))
#55 /home/berandah/subdomains/panel.berandahukum.com/vendor/laravel/framework/src/Illuminate/Routing/Router.php(636): Illuminate\\Routing\\Router->runRoute(Object(Illuminate\\Http\\Request), Object(Illuminate\\Routing\\Route))
#56 /home/berandah/subdomains/panel.berandahukum.com/vendor/laravel/framework/src/Illuminate/Routing/Router.php(625): Illuminate\\Routing\\Router->dispatchToRoute(Object(Illuminate\\Http\\Request))
#57 /home/berandah/subdomains/panel.berandahukum.com/vendor/laravel/framework/src/Illuminate/Foundation/Http/Kernel.php(166): Illuminate\\Routing\\Router->dispatch(Object(Illuminate\\Http\\Request))
#58 /home/berandah/subdomains/panel.berandahukum.com/vendor/laravel/framework/src/Illuminate/Pipeline/Pipeline.php(128): Illuminate\\Foundation\\Http\\Kernel->Illuminate\\Foundation\\Http\\{closure}(Object(Illuminate\\Http\\Request))
#59 /home/berandah/subdomains/panel.berandahukum.com/vendor/laravel/framework/src/Illuminate/Foundation/Http/Middleware/TransformsRequest.php(21): Illuminate\\Pipeline\\Pipeline->Illuminate\\Pipeline\\{closure}(Object(Illuminate\\Http\\Request))
#60 /home/berandah/subdomains/panel.berandahukum.com/vendor/laravel/framework/src/Illuminate/Pipeline/Pipeline.php(167): Illuminate\\Foundation\\Http\\Middleware\\TransformsRequest->handle(Object(Illuminate\\Http\\Request), Object(Closure))
#61 /home/berandah/subdomains/panel.berandahukum.com/vendor/laravel/framework/src/Illuminate/Foundation/Http/Middleware/TransformsRequest.php(21): Illuminate\\Pipeline\\Pipeline->Illuminate\\Pipeline\\{closure}(Object(Illuminate\\Http\\Request))
#62 /home/berandah/subdomains/panel.berandahukum.com/vendor/laravel/framework/src/Illuminate/Pipeline/Pipeline.php(167): Illuminate\\Foundation\\Http\\Middleware\\TransformsRequest->handle(Object(Illuminate\\Http\\Request), Object(Closure))
#63 /home/berandah/subdomains/panel.berandahukum.com/vendor/laravel/framework/src/Illuminate/Foundation/Http/Middleware/ValidatePostSize.php(27): Illuminate\\Pipeline\\Pipeline->Illuminate\\Pipeline\\{closure}(Object(Illuminate\\Http\\Request))
#64 /home/berandah/subdomains/panel.berandahukum.com/vendor/laravel/framework/src/Illuminate/Pipeline/Pipeline.php(167): Illuminate\\Foundation\\Http\\Middleware\\ValidatePostSize->handle(Object(Illuminate\\Http\\Request), Object(Closure))
#65 /home/berandah/subdomains/panel.berandahukum.com/vendor/laravel/framework/src/Illuminate/Foundation/Http/Middleware/PreventRequestsDuringMaintenance.php(86): Illuminate\\Pipeline\\Pipeline->Illuminate\\Pipeline\\{closure}(Object(Illuminate\\Http\\Request))
#66 /home/berandah/subdomains/panel.berandahukum.com/vendor/laravel/framework/src/Illuminate/Pipeline/Pipeline.php(167): Illuminate\\Foundation\\Http\\Middleware\\PreventRequestsDuringMaintenance->handle(Object(Illuminate\\Http\\Request), Object(Closure))
#67 /home/berandah/subdomains/panel.berandahukum.com/vendor/fruitcake/laravel-cors/src/HandleCors.php(37): Illuminate\\Pipeline\\Pipeline->Illuminate\\Pipeline\\{closure}(Object(Illuminate\\Http\\Request))
#68 /home/berandah/subdomains/panel.berandahukum.com/vendor/laravel/framework/src/Illuminate/Pipeline/Pipeline.php(167): Fruitcake\\Cors\\HandleCors->handle(Object(Illuminate\\Http\\Request), Object(Closure))
#69 /home/berandah/subdomains/panel.berandahukum.com/vendor/fideloper/proxy/src/TrustProxies.php(57): Illuminate\\Pipeline\\Pipeline->Illuminate\\Pipeline\\{closure}(Object(Illuminate\\Http\\Request))
#70 /home/berandah/subdomains/panel.berandahukum.com/vendor/laravel/framework/src/Illuminate/Pipeline/Pipeline.php(167): Fideloper\\Proxy\\TrustProxies->handle(Object(Illuminate\\Http\\Request), Object(Closure))
#71 /home/berandah/subdomains/panel.berandahukum.com/vendor/laravel/framework/src/Illuminate/Pipeline/Pipeline.php(103): Illuminate\\Pipeline\\Pipeline->Illuminate\\Pipeline\\{closure}(Object(Illuminate\\Http\\Request))
#72 /home/berandah/subdomains/panel.berandahukum.com/vendor/laravel/framework/src/Illuminate/Foundation/Http/Kernel.php(141): Illuminate\\Pipeline\\Pipeline->then(Object(Closure))
#73 /home/berandah/subdomains/panel.berandahukum.com/vendor/laravel/framework/src/Illuminate/Foundation/Http/Kernel.php(110): Illuminate\\Foundation\\Http\\Kernel->sendRequestThroughRouter(Object(Illuminate\\Http\\Request))
#74 /home/berandah/subdomains/panel.berandahukum.com/public/index.php(52): Illuminate\\Foundation\\Http\\Kernel->handle(Object(Illuminate\\Http\\Request))
#75 {main}
"} 
[2026-08-20 23:16:51] local.ERROR: SQLSTATE[42S02]: Base table or view not found: 1146 Table 'berandah_pos.serial_numbers' doesn't exist (SQL: select * from `serial_numbers` where 0 = 1 and `serial_numbers`.`deleted_at` is null) {"userId":36,"exception":"[object] (Illuminate\\Database\\QueryException(code: 42S02): SQLSTATE[42S02]: Base table or view not found: 1146 Table 'berandah_pos.serial_numbers' doesn't exist (SQL: select * from `serial_numbers` where 0 = 1 and `serial_numbers`.`deleted_at` is null) at /home/berandah/subdomains/panel.berandahukum.com/vendor/laravel/framework/src/Illuminate/Database/Connection.php:678)
[stacktrace]
#0 /home/berandah/subdomains/panel.berandahukum.com/vendor/laravel/framework/src/Illuminate/Database/Connection.php(638): Illuminate\\Database\\Connection->runQueryCallback('select * from `...', Array, Object(Closure))
#1 /home/berandah/subdomains/panel.berandahukum.com/vendor/laravel/framework/src/Illuminate/Database/Connection.php(346): Illuminate\\Database\\Connection->run('select * from `...', Array, Object(Closure))
#2 /home/berandah/subdomains/panel.berandahukum.com/vendor/laravel/framework/src/Illuminate/Database/Query/Builder.php(2313): Illuminate\\Database\\Connection->select('select * from `...', Array, true)
#3 /home/berandah/subdomains/panel.berandahukum.com/vendor/laravel/framework/src/Illuminate/Database/Query/Builder.php(2301): Illuminate\\Database\\Query\\Builder->runSelect()
#4 /home/berandah/subdomains/panel.berandahukum.com/vendor/laravel/framework/src/Illuminate/Database/Query/Builder.php(2796): Illuminate\\Database\\Query\\Builder->Illuminate\\Database\\Query\\{closure}()
#5 /home/berandah/subdomains/panel.berandahukum.com/vendor/laravel/framework/src/Illuminate/Database/Query/Builder.php(2302): Illuminate\\Database\\Query\\Builder->onceWithColumns(Array, Object(Closure))
#6 /home/berandah/subdomains/panel.berandahukum.com/vendor/laravel/framework/src/Illuminate/Database/Eloquent/Builder.php(588): Illuminate\\Database\\Query\\Builder->get(Array)
#7 /home/berandah/subdomains/panel.berandahukum.com/vendor/laravel/framework/src/Illuminate/Database/Eloquent/Builder.php(572): Illuminate\\Database\\Eloquent\\Builder->getModels(Array)
#8 /home/berandah/subdomains/panel.berandahukum.com/vendor/laravel/framework/src/Illuminate/Database/Eloquent/Relations/Relation.php(188): Illuminate\\Database\\Eloquent\\Builder->get(Array)
#9 /home/berandah/subdomains/panel.berandahukum.com/vendor/laravel/framework/src/Illuminate/Database/Eloquent/Relations/Relation.php(153): Illuminate\\Database\\Eloquent\\Relations\\Relation->get()
#10 /home/berandah/subdomains/panel.berandahukum.com/vendor/laravel/framework/src/Illuminate/Database/Eloquent/Builder.php(636): Illuminate\\Database\\Eloquent\\Relations\\Relation->getEager()
#11 /home/berandah/subdomains/panel.berandahukum.com/vendor/laravel/framework/src/Illuminate/Database/Eloquent/Builder.php(605): Illuminate\\Database\\Eloquent\\Builder->eagerLoadRelation(Array, 'serial_number', Object(Closure))
#12 /home/berandah/subdomains/panel.berandahukum.com/vendor/laravel/framework/src/Illuminate/Database/Eloquent/Builder.php(573): Illuminate\\Database\\Eloquent\\Builder->eagerLoadRelations(Array)
#13 /home/berandah/subdomains/panel.berandahukum.com/vendor/laravel/framework/src/Illuminate/Database/Eloquent/Relations/Relation.php(188): Illuminate\\Database\\Eloquent\\Builder->get(Array)
#14 /home/berandah/subdomains/panel.berandahukum.com/vendor/laravel/framework/src/Illuminate/Database/Eloquent/Relations/Relation.php(153): Illuminate\\Database\\Eloquent\\Relations\\Relation->get()
#15 /home/berandah/subdomains/panel.berandahukum.com/vendor/laravel/framework/src/Illuminate/Database/Eloquent/Builder.php(636): Illuminate\\Database\\Eloquent\\Relations\\Relation->getEager()
#16 /home/berandah/subdomains/panel.berandahukum.com/vendor/laravel/framework/src/Illuminate/Database/Eloquent/Builder.php(605): Illuminate\\Database\\Eloquent\\Builder->eagerLoadRelation(Array, 'detail_penjuala...', Object(Closure))
#17 /home/berandah/subdomains/panel.berandahukum.com/vendor/laravel/framework/src/Illuminate/Database/Eloquent/Builder.php(573): Illuminate\\Database\\Eloquent\\Builder->eagerLoadRelations(Array)
#18 /home/berandah/subdomains/panel.berandahukum.com/vendor/laravel/framework/src/Illuminate/Database/Concerns/BuildsQueries.php(170): Illuminate\\Database\\Eloquent\\Builder->get(Array)
#19 /home/berandah/subdomains/panel.berandahukum.com/app/Http/Controllers/PenjualanController.php(250): Illuminate\\Database\\Eloquent\\Builder->first()
#20 /home/berandah/subdomains/panel.berandahukum.com/vendor/laravel/framework/src/Illuminate/Routing/Controller.php(54): App\\Http\\Controllers\\PenjualanController->edit('1543')
#21 /home/berandah/subdomains/panel.berandahukum.com/vendor/laravel/framework/src/Illuminate/Routing/ControllerDispatcher.php(45): Illuminate\\Routing\\Controller->callAction('edit', Array)
#22 /home/berandah/subdomains/panel.berandahukum.com/vendor/laravel/framework/src/Illuminate/Routing/Route.php(254): Illuminate\\Routing\\ControllerDispatcher->dispatch(Object(Illuminate\\Routing\\Route), Object(App\\Http\\Controllers\\PenjualanController), 'edit')
#23 /home/berandah/subdomains/panel.berandahukum.com/vendor/laravel/framework/src/Illuminate/Routing/Route.php(197): Illuminate\\Routing\\Route->runController()
#24 /home/berandah/subdomains/panel.berandahukum.com/vendor/laravel/framework/src/Illuminate/Routing/Router.php(693): Illuminate\\Routing\\Route->run()
#25 /home/berandah/subdomains/panel.berandahukum.com/vendor/laravel/framework/src/Illuminate/Pipeline/Pipeline.php(128): Illuminate\\Routing\\Router->Illuminate\\Routing\\{closure}(Object(Illuminate\\Http\\Request))
#26 /home/berandah/subdomains/panel.berandahukum.com/app/Http/Middleware/CheckBlockedIp.php(22): Illuminate\\Pipeline\\Pipeline->Illuminate\\Pipeline\\{closure}(Object(Illuminate\\Http\\Request))
#27 /home/berandah/subdomains/panel.berandahukum.com/vendor/laravel/framework/src/Illuminate/Pipeline/Pipeline.php(167): App\\Http\\Middleware\\CheckBlockedIp->handle(Object(Illuminate\\Http\\Request), Object(Closure))
#28 /home/berandah/subdomains/panel.berandahukum.com/vendor/laravel/framework/src/Illuminate/Routing/Middleware/SubstituteBindings.php(50): Illuminate\\Pipeline\\Pipeline->Illuminate\\Pipeline\\{closure}(Object(Illuminate\\Http\\Request))
#29 /home/berandah/subdomains/panel.berandahukum.com/vendor/laravel/framework/src/Illuminate/Pipeline/Pipeline.php(167): Illuminate\\Routing\\Middleware\\SubstituteBindings->handle(Object(Illuminate\\Http\\Request), Object(Closure))
#30 /home/berandah/subdomains/panel.berandahukum.com/vendor/laravel/framework/src/Illuminate/Auth/Middleware/Authenticate.php(44): Illuminate\\Pipeline\\Pipeline->Illuminate\\Pipeline\\{closure}(Object(Illuminate\\Http\\Request))
#31 /home/berandah/subdomains/panel.berandahukum.com/vendor/laravel/framework/src/Illuminate/Pipeline/Pipeline.php(167): Illuminate\\Auth\\Middleware\\Authenticate->handle(Object(Illuminate\\Http\\Request), Object(Closure))
#32 /home/berandah/subdomains/panel.berandahukum.com/vendor/laravel/framework/src/Illuminate/Foundation/Http/Middleware/VerifyCsrfToken.php(78): Illuminate\\Pipeline\\Pipeline->Illuminate\\Pipeline\\{closure}(Object(Illuminate\\Http\\Request))
#33 /home/berandah/subdomains/panel.berandahukum.com/vendor/laravel/framework/src/Illuminate/Pipeline/Pipeline.php(167): Illuminate\\Foundation\\Http\\Middleware\\VerifyCsrfToken->handle(Object(Illuminate\\Http\\Request), Object(Closure))
#34 /home/berandah/subdomains/panel.berandahukum.com/vendor/laravel/framework/src/Illuminate/View/Middleware/ShareErrorsFromSession.php(49): Illuminate\\Pipeline\\Pipeline->Illuminate\\Pipeline\\{closure}(Object(Illuminate\\Http\\Request))
#35 /home/berandah/subdomains/panel.berandahukum.com/vendor/laravel/framework/src/Illuminate/Pipeline/Pipeline.php(167): Illuminate\\View\\Middleware\\ShareErrorsFromSession->handle(Object(Illuminate\\Http\\Request), Object(Closure))
#36 /home/berandah/subdomains/panel.berandahukum.com/vendor/laravel/framework/src/Illuminate/Session/Middleware/StartSession.php(121): Illuminate\\Pipeline\\Pipeline->Illuminate\\Pipeline\\{closure}(Object(Illuminate\\Http\\Request))
#37 /home/berandah/subdomains/panel.berandahukum.com/vendor/laravel/framework/src/Illuminate/Session/Middleware/StartSession.php(63): Illuminate\\Session\\Middleware\\StartSession->handleStatefulRequest(Object(Illuminate\\Http\\Request), Object(Illuminate\\Session\\Store), Object(Closure))
#38 /home/berandah/subdomains/panel.berandahukum.com/vendor/laravel/framework/src/Illuminate/Pipeline/Pipeline.php(167): Illuminate\\Session\\Middleware\\StartSession->handle(Object(Illuminate\\Http\\Request), Object(Closure))
#39 /home/berandah/subdomains/panel.berandahukum.com/vendor/laravel/framework/src/Illuminate/Cookie/Middleware/AddQueuedCookiesToResponse.php(37): Illuminate\\Pipeline\\Pipeline->Illuminate\\Pipeline\\{closure}(Object(Illuminate\\Http\\Request))
#40 /home/berandah/subdomains/panel.berandahukum.com/vendor/laravel/framework/src/Illuminate/Pipeline/Pipeline.php(167): Illuminate\\Cookie\\Middleware\\AddQueuedCookiesToResponse->handle(Object(Illuminate\\Http\\Request), Object(Closure))
#41 /home/berandah/subdomains/panel.berandahukum.com/vendor/laravel/framework/src/Illuminate/Cookie/Middleware/EncryptCookies.php(67): Illuminate\\Pipeline\\Pipeline->Illuminate\\Pipeline\\{closure}(Object(Illuminate\\Http\\Request))
#42 /home/berandah/subdomains/panel.berandahukum.com/vendor/laravel/framework/src/Illuminate/Pipeline/Pipeline.php(167): Illuminate\\Cookie\\Middleware\\EncryptCookies->handle(Object(Illuminate\\Http\\Request), Object(Closure))
#43 /home/berandah/subdomains/panel.berandahukum.com/vendor/laravel/framework/src/Illuminate/Pipeline/Pipeline.php(103): Illuminate\\Pipeline\\Pipeline->Illuminate\\Pipeline\\{closure}(Object(Illuminate\\Http\\Request))
#44 /home/berandah/subdomains/panel.berandahukum.com/vendor/laravel/framework/src/Illuminate/Routing/Router.php(695): Illuminate\\Pipeline\\Pipeline->then(Object(Closure))
#45 /home/berandah/subdomains/panel.berandahukum.com/vendor/laravel/framework/src/Illuminate/Routing/Router.php(670): Illuminate\\Routing\\Router->runRouteWithinStack(Object(Illuminate\\Routing\\Route), Object(Illuminate\\Http\\Request))
#46 /home/berandah/subdomains/panel.berandahukum.com/vendor/laravel/framework/src/Illuminate/Routing/Router.php(636): Illuminate\\Routing\\Router->runRoute(Object(Illuminate\\Http\\Request), Object(Illuminate\\Routing\\Route))
#47 /home/berandah/subdomains/panel.berandahukum.com/vendor/laravel/framework/src/Illuminate/Routing/Router.php(625): Illuminate\\Routing\\Router->dispatchToRoute(Object(Illuminate\\Http\\Request))
#48 /home/berandah/subdomains/panel.berandahukum.com/vendor/laravel/framework/src/Illuminate/Foundation/Http/Kernel.php(166): Illuminate\\Routing\\Router->dispatch(Object(Illuminate\\Http\\Request))
#49 /home/berandah/subdomains/panel.berandahukum.com/vendor/laravel/framework/src/Illuminate/Pipeline/Pipeline.php(128): Illuminate\\Foundation\\Http\\Kernel->Illuminate\\Foundation\\Http\\{closure}(Object(Illuminate\\Http\\Request))
#50 /home/berandah/subdomains/panel.berandahukum.com/vendor/laravel/framework/src/Illuminate/Foundation/Http/Middleware/TransformsRequest.php(21): Illuminate\\Pipeline\\Pipeline->Illuminate\\Pipeline\\{closure}(Object(Illuminate\\Http\\Request))
#51 /home/berandah/subdomains/panel.berandahukum.com/vendor/laravel/framework/src/Illuminate/Pipeline/Pipeline.php(167): Illuminate\\Foundation\\Http\\Middleware\\TransformsRequest->handle(Object(Illuminate\\Http\\Request), Object(Closure))
#52 /home/berandah/subdomains/panel.berandahukum.com/vendor/laravel/framework/src/Illuminate/Foundation/Http/Middleware/TransformsRequest.php(21): Illuminate\\Pipeline\\Pipeline->Illuminate\\Pipeline\\{closure}(Object(Illuminate\\Http\\Request))
#53 /home/berandah/subdomains/panel.berandahukum.com/vendor/laravel/framework/src/Illuminate/Pipeline/Pipeline.php(167): Illuminate\\Foundation\\Http\\Middleware\\TransformsRequest->handle(Object(Illuminate\\Http\\Request), Object(Closure))
#54 /home/berandah/subdomains/panel.berandahukum.com/vendor/laravel/framework/src/Illuminate/Foundation/Http/Middleware/ValidatePostSize.php(27): Illuminate\\Pipeline\\Pipeline->Illuminate\\Pipeline\\{closure}(Object(Illuminate\\Http\\Request))
#55 /home/berandah/subdomains/panel.berandahukum.com/vendor/laravel/framework/src/Illuminate/Pipeline/Pipeline.php(167): Illuminate\\Foundation\\Http\\Middleware\\ValidatePostSize->handle(Object(Illuminate\\Http\\Request), Object(Closure))
#56 /home/berandah/subdomains/panel.berandahukum.com/vendor/laravel/framework/src/Illuminate/Foundation/Http/Middleware/PreventRequestsDuringMaintenance.php(86): Illuminate\\Pipeline\\Pipeline->Illuminate\\Pipeline\\{closure}(Object(Illuminate\\Http\\Request))
#57 /home/berandah/subdomains/panel.berandahukum.com/vendor/laravel/framework/src/Illuminate/Pipeline/Pipeline.php(167): Illuminate\\Foundation\\Http\\Middleware\\PreventRequestsDuringMaintenance->handle(Object(Illuminate\\Http\\Request), Object(Closure))
#58 /home/berandah/subdomains/panel.berandahukum.com/vendor/fruitcake/laravel-cors/src/HandleCors.php(37): Illuminate\\Pipeline\\Pipeline->Illuminate\\Pipeline\\{closure}(Object(Illuminate\\Http\\Request))
#59 /home/berandah/subdomains/panel.berandahukum.com/vendor/laravel/framework/src/Illuminate/Pipeline/Pipeline.php(167): Fruitcake\\Cors\\HandleCors->handle(Object(Illuminate\\Http\\Request), Object(Closure))
#60 /home/berandah/subdomains/panel.berandahukum.com/vendor/fideloper/proxy/src/TrustProxies.php(57): Illuminate\\Pipeline\\Pipeline->Illuminate\\Pipeline\\{closure}(Object(Illuminate\\Http\\Request))
#61 /home/berandah/subdomains/panel.berandahukum.com/vendor/laravel/framework/src/Illuminate/Pipeline/Pipeline.php(167): Fideloper\\Proxy\\TrustProxies->handle(Object(Illuminate\\Http\\Request), Object(Closure))
#62 /home/berandah/subdomains/panel.berandahukum.com/vendor/laravel/framework/src/Illuminate/Pipeline/Pipeline.php(103): Illuminate\\Pipeline\\Pipeline->Illuminate\\Pipeline\\{closure}(Object(Illuminate\\Http\\Request))
#63 /home/berandah/subdomains/panel.berandahukum.com/vendor/laravel/framework/src/Illuminate/Foundation/Http/Kernel.php(141): Illuminate\\Pipeline\\Pipeline->then(Object(Closure))
#64 /home/berandah/subdomains/panel.berandahukum.com/vendor/laravel/framework/src/Illuminate/Foundation/Http/Kernel.php(110): Illuminate\\Foundation\\Http\\Kernel->sendRequestThroughRouter(Object(Illuminate\\Http\\Request))
#65 /home/berandah/subdomains/panel.berandahukum.com/public/index.php(52): Illuminate\\Foundation\\Http\\Kernel->handle(Object(Illuminate\\Http\\Request))
#66 {main}

[previous exception] [object] (PDOException(code: 42S02): SQLSTATE[42S02]: Base table or view not found: 1146 Table 'berandah_pos.serial_numbers' doesn't exist at /home/berandah/subdomains/panel.berandahukum.com/vendor/laravel/framework/src/Illuminate/Database/Connection.php:338)
[stacktrace]
#0 /home/berandah/subdomains/panel.berandahukum.com/vendor/laravel/framework/src/Illuminate/Database/Connection.php(338): PDO->prepare('select * from `...')
#1 /home/berandah/subdomains/panel.berandahukum.com/vendor/laravel/framework/src/Illuminate/Database/Connection.php(671): Illuminate\\Database\\Connection->Illuminate\\Database\\{closure}('select * from `...', Array)
#2 /home/berandah/subdomains/panel.berandahukum.com/vendor/laravel/framework/src/Illuminate/Database/Connection.php(638): Illuminate\\Database\\Connection->runQueryCallback('select * from `...', Array, Object(Closure))
#3 /home/berandah/subdomains/panel.berandahukum.com/vendor/laravel/framework/src/Illuminate/Database/Connection.php(346): Illuminate\\Database\\Connection->run('select * from `...', Array, Object(Closure))
#4 /home/berandah/subdomains/panel.berandahukum.com/vendor/laravel/framework/src/Illuminate/Database/Query/Builder.php(2313): Illuminate\\Database\\Connection->select('select * from `...', Array, true)
#5 /home/berandah/subdomains/panel.berandahukum.com/vendor/laravel/framework/src/Illuminate/Database/Query/Builder.php(2301): Illuminate\\Database\\Query\\Builder->runSelect()
#6 /home/berandah/subdomains/panel.berandahukum.com/vendor/laravel/framework/src/Illuminate/Database/Query/Builder.php(2796): Illuminate\\Database\\Query\\Builder->Illuminate\\Database\\Query\\{closure}()
#7 /home/berandah/subdomains/panel.berandahukum.com/vendor/laravel/framework/src/Illuminate/Database/Query/Builder.php(2302): Illuminate\\Database\\Query\\Builder->onceWithColumns(Array, Object(Closure))
#8 /home/berandah/subdomains/panel.berandahukum.com/vendor/laravel/framework/src/Illuminate/Database/Eloquent/Builder.php(588): Illuminate\\Database\\Query\\Builder->get(Array)
#9 /home/berandah/subdomains/panel.berandahukum.com/vendor/laravel/framework/src/Illuminate/Database/Eloquent/Builder.php(572): Illuminate\\Database\\Eloquent\\Builder->getModels(Array)
#10 /home/berandah/subdomains/panel.berandahukum.com/vendor/laravel/framework/src/Illuminate/Database/Eloquent/Relations/Relation.php(188): Illuminate\\Database\\Eloquent\\Builder->get(Array)
#11 /home/berandah/subdomains/panel.berandahukum.com/vendor/laravel/framework/src/Illuminate/Database/Eloquent/Relations/Relation.php(153): Illuminate\\Database\\Eloquent\\Relations\\Relation->get()
#12 /home/berandah/subdomains/panel.berandahukum.com/vendor/laravel/framework/src/Illuminate/Database/Eloquent/Builder.php(636): Illuminate\\Database\\Eloquent\\Relations\\Relation->getEager()
#13 /home/berandah/subdomains/panel.berandahukum.com/vendor/laravel/framework/src/Illuminate/Database/Eloquent/Builder.php(605): Illuminate\\Database\\Eloquent\\Builder->eagerLoadRelation(Array, 'serial_number', Object(Closure))
#14 /home/berandah/subdomains/panel.berandahukum.com/vendor/laravel/framework/src/Illuminate/Database/Eloquent/Builder.php(573): Illuminate\\Database\\Eloquent\\Builder->eagerLoadRelations(Array)
#15 /home/berandah/subdomains/panel.berandahukum.com/vendor/laravel/framework/src/Illuminate/Database/Eloquent/Relations/Relation.php(188): Illuminate\\Database\\Eloquent\\Builder->get(Array)
#16 /home/berandah/subdomains/panel.berandahukum.com/vendor/laravel/framework/src/Illuminate/Database/Eloquent/Relations/Relation.php(153): Illuminate\\Database\\Eloquent\\Relations\\Relation->get()
#17 /home/berandah/subdomains/panel.berandahukum.com/vendor/laravel/framework/src/Illuminate/Database/Eloquent/Builder.php(636): Illuminate\\Database\\Eloquent\\Relations\\Relation->getEager()
#18 /home/berandah/subdomains/panel.berandahukum.com/vendor/laravel/framework/src/Illuminate/Database/Eloquent/Builder.php(605): Illuminate\\Database\\Eloquent\\Builder->eagerLoadRelation(Array, 'detail_penjuala...', Object(Closure))
#19 /home/berandah/subdomains/panel.berandahukum.com/vendor/laravel/framework/src/Illuminate/Database/Eloquent/Builder.php(573): Illuminate\\Database\\Eloquent\\Builder->eagerLoadRelations(Array)
#20 /home/berandah/subdomains/panel.berandahukum.com/vendor/laravel/framework/src/Illuminate/Database/Concerns/BuildsQueries.php(170): Illuminate\\Database\\Eloquent\\Builder->get(Array)
#21 /home/berandah/subdomains/panel.berandahukum.com/app/Http/Controllers/PenjualanController.php(250): Illuminate\\Database\\Eloquent\\Builder->first()
#22 /home/berandah/subdomains/panel.berandahukum.com/vendor/laravel/framework/src/Illuminate/Routing/Controller.php(54): App\\Http\\Controllers\\PenjualanController->edit('1543')
#23 /home/berandah/subdomains/panel.berandahukum.com/vendor/laravel/framework/src/Illuminate/Routing/ControllerDispatcher.php(45): Illuminate\\Routing\\Controller->callAction('edit', Array)
#24 /home/berandah/subdomains/panel.berandahukum.com/vendor/laravel/framework/src/Illuminate/Routing/Route.php(254): Illuminate\\Routing\\ControllerDispatcher->dispatch(Object(Illuminate\\Routing\\Route), Object(App\\Http\\Controllers\\PenjualanController), 'edit')
#25 /home/berandah/subdomains/panel.berandahukum.com/vendor/laravel/framework/src/Illuminate/Routing/Route.php(197): Illuminate\\Routing\\Route->runController()
#26 /home/berandah/subdomains/panel.berandahukum.com/vendor/laravel/framework/src/Illuminate/Routing/Router.php(693): Illuminate\\Routing\\Route->run()
#27 /home/berandah/subdomains/panel.berandahukum.com/vendor/laravel/framework/src/Illuminate/Pipeline/Pipeline.php(128): Illuminate\\Routing\\Router->Illuminate\\Routing\\{closure}(Object(Illuminate\\Http\\Request))
#28 /home/berandah/subdomains/panel.berandahukum.com/app/Http/Middleware/CheckBlockedIp.php(22): Illuminate\\Pipeline\\Pipeline->Illuminate\\Pipeline\\{closure}(Object(Illuminate\\Http\\Request))
#29 /home/berandah/subdomains/panel.berandahukum.com/vendor/laravel/framework/src/Illuminate/Pipeline/Pipeline.php(167): App\\Http\\Middleware\\CheckBlockedIp->handle(Object(Illuminate\\Http\\Request), Object(Closure))
#30 /home/berandah/subdomains/panel.berandahukum.com/vendor/laravel/framework/src/Illuminate/Routing/Middleware/SubstituteBindings.php(50): Illuminate\\Pipeline\\Pipeline->Illuminate\\Pipeline\\{closure}(Object(Illuminate\\Http\\Request))
#31 /home/berandah/subdomains/panel.berandahukum.com/vendor/laravel/framework/src/Illuminate/Pipeline/Pipeline.php(167): Illuminate\\Routing\\Middleware\\SubstituteBindings->handle(Object(Illuminate\\Http\\Request), Object(Closure))
#32 /home/berandah/subdomains/panel.berandahukum.com/vendor/laravel/framework/src/Illuminate/Auth/Middleware/Authenticate.php(44): Illuminate\\Pipeline\\Pipeline->Illuminate\\Pipeline\\{closure}(Object(Illuminate\\Http\\Request))
#33 /home/berandah/subdomains/panel.berandahukum.com/vendor/laravel/framework/src/Illuminate/Pipeline/Pipeline.php(167): Illuminate\\Auth\\Middleware\\Authenticate->handle(Object(Illuminate\\Http\\Request), Object(Closure))
#34 /home/berandah/subdomains/panel.berandahukum.com/vendor/laravel/framework/src/Illuminate/Foundation/Http/Middleware/VerifyCsrfToken.php(78): Illuminate\\Pipeline\\Pipeline->Illuminate\\Pipeline\\{closure}(Object(Illuminate\\Http\\Request))
#35 /home/berandah/subdomains/panel.berandahukum.com/vendor/laravel/framework/src/Illuminate/Pipeline/Pipeline.php(167): Illuminate\\Foundation\\Http\\Middleware\\VerifyCsrfToken->handle(Object(Illuminate\\Http\\Request), Object(Closure))
#36 /home/berandah/subdomains/panel.berandahukum.com/vendor/laravel/framework/src/Illuminate/View/Middleware/ShareErrorsFromSession.php(49): Illuminate\\Pipeline\\Pipeline->Illuminate\\Pipeline\\{closure}(Object(Illuminate\\Http\\Request))
#37 /home/berandah/subdomains/panel.berandahukum.com/vendor/laravel/framework/src/Illuminate/Pipeline/Pipeline.php(167): Illuminate\\View\\Middleware\\ShareErrorsFromSession->handle(Object(Illuminate\\Http\\Request), Object(Closure))
#38 /home/berandah/subdomains/panel.berandahukum.com/vendor/laravel/framework/src/Illuminate/Session/Middleware/StartSession.php(121): Illuminate\\Pipeline\\Pipeline->Illuminate\\Pipeline\\{closure}(Object(Illuminate\\Http\\Request))
#39 /home/berandah/subdomains/panel.berandahukum.com/vendor/laravel/framework/src/Illuminate/Session/Middleware/StartSession.php(63): Illuminate\\Session\\Middleware\\StartSession->handleStatefulRequest(Object(Illuminate\\Http\\Request), Object(Illuminate\\Session\\Store), Object(Closure))
#40 /home/berandah/subdomains/panel.berandahukum.com/vendor/laravel/framework/src/Illuminate/Pipeline/Pipeline.php(167): Illuminate\\Session\\Middleware\\StartSession->handle(Object(Illuminate\\Http\\Request), Object(Closure))
#41 /home/berandah/subdomains/panel.berandahukum.com/vendor/laravel/framework/src/Illuminate/Cookie/Middleware/AddQueuedCookiesToResponse.php(37): Illuminate\\Pipeline\\Pipeline->Illuminate\\Pipeline\\{closure}(Object(Illuminate\\Http\\Request))
#42 /home/berandah/subdomains/panel.berandahukum.com/vendor/laravel/framework/src/Illuminate/Pipeline/Pipeline.php(167): Illuminate\\Cookie\\Middleware\\AddQueuedCookiesToResponse->handle(Object(Illuminate\\Http\\Request), Object(Closure))
#43 /home/berandah/subdomains/panel.berandahukum.com/vendor/laravel/framework/src/Illuminate/Cookie/Middleware/EncryptCookies.php(67): Illuminate\\Pipeline\\Pipeline->Illuminate\\Pipeline\\{closure}(Object(Illuminate\\Http\\Request))
#44 /home/berandah/subdomains/panel.berandahukum.com/vendor/laravel/framework/src/Illuminate/Pipeline/Pipeline.php(167): Illuminate\\Cookie\\Middleware\\EncryptCookies->handle(Object(Illuminate\\Http\\Request), Object(Closure))
#45 /home/berandah/subdomains/panel.berandahukum.com/vendor/laravel/framework/src/Illuminate/Pipeline/Pipeline.php(103): Illuminate\\Pipeline\\Pipeline->Illuminate\\Pipeline\\{closure}(Object(Illuminate\\Http\\Request))
#46 /home/berandah/subdomains/panel.berandahukum.com/vendor/laravel/framework/src/Illuminate/Routing/Router.php(695): Illuminate\\Pipeline\\Pipeline->then(Object(Closure))
#47 /home/berandah/subdomains/panel.berandahukum.com/vendor/laravel/framework/src/Illuminate/Routing/Router.php(670): Illuminate\\Routing\\Router->runRouteWithinStack(Object(Illuminate\\Routing\\Route), Object(Illuminate\\Http\\Request))
#48 /home/berandah/subdomains/panel.berandahukum.com/vendor/laravel/framework/src/Illuminate/Routing/Router.php(636): Illuminate\\Routing\\Router->runRoute(Object(Illuminate\\Http\\Request), Object(Illuminate\\Routing\\Route))
#49 /home/berandah/subdomains/panel.berandahukum.com/vendor/laravel/framework/src/Illuminate/Routing/Router.php(625): Illuminate\\Routing\\Router->dispatchToRoute(Object(Illuminate\\Http\\Request))
#50 /home/berandah/subdomains/panel.berandahukum.com/vendor/laravel/framework/src/Illuminate/Foundation/Http/Kernel.php(166): Illuminate\\Routing\\Router->dispatch(Object(Illuminate\\Http\\Request))
#51 /home/berandah/subdomains/panel.berandahukum.com/vendor/laravel/framework/src/Illuminate/Pipeline/Pipeline.php(128): Illuminate\\Foundation\\Http\\Kernel->Illuminate\\Foundation\\Http\\{closure}(Object(Illuminate\\Http\\Request))
#52 /home/berandah/subdomains/panel.berandahukum.com/vendor/laravel/framework/src/Illuminate/Foundation/Http/Middleware/TransformsRequest.php(21): Illuminate\\Pipeline\\Pipeline->Illuminate\\Pipeline\\{closure}(Object(Illuminate\\Http\\Request))
#53 /home/berandah/subdomains/panel.berandahukum.com/vendor/laravel/framework/src/Illuminate/Pipeline/Pipeline.php(167): Illuminate\\Foundation\\Http\\Middleware\\TransformsRequest->handle(Object(Illuminate\\Http\\Request), Object(Closure))
#54 /home/berandah/subdomains/panel.berandahukum.com/vendor/laravel/framework/src/Illuminate/Foundation/Http/Middleware/TransformsRequest.php(21): Illuminate\\Pipeline\\Pipeline->Illuminate\\Pipeline\\{closure}(Object(Illuminate\\Http\\Request))
#55 /home/berandah/subdomains/panel.berandahukum.com/vendor/laravel/framework/src/Illuminate/Pipeline/Pipeline.php(167): Illuminate\\Foundation\\Http\\Middleware\\TransformsRequest->handle(Object(Illuminate\\Http\\Request), Object(Closure))
#56 /home/berandah/subdomains/panel.berandahukum.com/vendor/laravel/framework/src/Illuminate/Foundation/Http/Middleware/ValidatePostSize.php(27): Illuminate\\Pipeline\\Pipeline->Illuminate\\Pipeline\\{closure}(Object(Illuminate\\Http\\Request))
#57 /home/berandah/subdomains/panel.berandahukum.com/vendor/laravel/framework/src/Illuminate/Pipeline/Pipeline.php(167): Illuminate\\Foundation\\Http\\Middleware\\ValidatePostSize->handle(Object(Illuminate\\Http\\Request), Object(Closure))
#58 /home/berandah/subdomains/panel.berandahukum.com/vendor/laravel/framework/src/Illuminate/Foundation/Http/Middleware/PreventRequestsDuringMaintenance.php(86): Illuminate\\Pipeline\\Pipeline->Illuminate\\Pipeline\\{closure}(Object(Illuminate\\Http\\Request))
#59 /home/berandah/subdomains/panel.berandahukum.com/vendor/laravel/framework/src/Illuminate/Pipeline/Pipeline.php(167): Illuminate\\Foundation\\Http\\Middleware\\PreventRequestsDuringMaintenance->handle(Object(Illuminate\\Http\\Request), Object(Closure))
#60 /home/berandah/subdomains/panel.berandahukum.com/vendor/fruitcake/laravel-cors/src/HandleCors.php(37): Illuminate\\Pipeline\\Pipeline->Illuminate\\Pipeline\\{closure}(Object(Illuminate\\Http\\Request))
#61 /home/berandah/subdomains/panel.berandahukum.com/vendor/laravel/framework/src/Illuminate/Pipeline/Pipeline.php(167): Fruitcake\\Cors\\HandleCors->handle(Object(Illuminate\\Http\\Request), Object(Closure))
#62 /home/berandah/subdomains/panel.berandahukum.com/vendor/fideloper/proxy/src/TrustProxies.php(57): Illuminate\\Pipeline\\Pipeline->Illuminate\\Pipeline\\{closure}(Object(Illuminate\\Http\\Request))
#63 /home/berandah/subdomains/panel.berandahukum.com/vendor/laravel/framework/src/Illuminate/Pipeline/Pipeline.php(167): Fideloper\\Proxy\\TrustProxies->handle(Object(Illuminate\\Http\\Request), Object(Closure))
#64 /home/berandah/subdomains/panel.berandahukum.com/vendor/laravel/framework/src/Illuminate/Pipeline/Pipeline.php(103): Illuminate\\Pipeline\\Pipeline->Illuminate\\Pipeline\\{closure}(Object(Illuminate\\Http\\Request))
#65 /home/berandah/subdomains/panel.berandahukum.com/vendor/laravel/framework/src/Illuminate/Foundation/Http/Kernel.php(141): Illuminate\\Pipeline\\Pipeline->then(Object(Closure))
#66 /home/berandah/subdomains/panel.berandahukum.com/vendor/laravel/framework/src/Illuminate/Foundation/Http/Kernel.php(110): Illuminate\\Foundation\\Http\\Kernel->sendRequestThroughRouter(Object(Illuminate\\Http\\Request))
#67 /home/berandah/subdomains/panel.berandahukum.com/public/index.php(52): Illuminate\\Foundation\\Http\\Kernel->handle(Object(Illuminate\\Http\\Request))
#68 {main}
"} 
[2026-08-27 09:07:27] local.ERROR: Undefined variable: data_sn {"userId":35,"exception":"[object] (ErrorException(code: 0): Undefined variable: data_sn at /home/berandah/subdomains/panel.berandahukum.com/app/Http/Controllers/PenjualanController.php:572)
[stacktrace]
#0 /home/berandah/subdomains/panel.berandahukum.com/app/Http/Controllers/PenjualanController.php(572): Illuminate\\Foundation\\Bootstrap\\HandleExceptions->handleError(8, 'Undefined varia...', '/home/berandah/...', 572, Array)
#1 /home/berandah/subdomains/panel.berandahukum.com/vendor/laravel/framework/src/Illuminate/Routing/Controller.php(54): App\\Http\\Controllers\\PenjualanController->download('1543')
#2 /home/berandah/subdomains/panel.berandahukum.com/vendor/laravel/framework/src/Illuminate/Routing/ControllerDispatcher.php(45): Illuminate\\Routing\\Controller->callAction('download', Array)
#3 /home/berandah/subdomains/panel.berandahukum.com/vendor/laravel/framework/src/Illuminate/Routing/Route.php(254): Illuminate\\Routing\\ControllerDispatcher->dispatch(Object(Illuminate\\Routing\\Route), Object(App\\Http\\Controllers\\PenjualanController), 'download')
#4 /home/berandah/subdomains/panel.berandahukum.com/vendor/laravel/framework/src/Illuminate/Routing/Route.php(197): Illuminate\\Routing\\Route->runController()
#5 /home/berandah/subdomains/panel.berandahukum.com/vendor/laravel/framework/src/Illuminate/Routing/Router.php(693): Illuminate\\Routing\\Route->run()
#6 /home/berandah/subdomains/panel.berandahukum.com/vendor/laravel/framework/src/Illuminate/Pipeline/Pipeline.php(128): Illuminate\\Routing\\Router->Illuminate\\Routing\\{closure}(Object(Illuminate\\Http\\Request))
#7 /home/berandah/subdomains/panel.berandahukum.com/app/Http/Middleware/CheckBlockedIp.php(22): Illuminate\\Pipeline\\Pipeline->Illuminate\\Pipeline\\{closure}(Object(Illuminate\\Http\\Request))
#8 /home/berandah/subdomains/panel.berandahukum.com/vendor/laravel/framework/src/Illuminate/Pipeline/Pipeline.php(167): App\\Http\\Middleware\\CheckBlockedIp->handle(Object(Illuminate\\Http\\Request), Object(Closure))
#9 /home/berandah/subdomains/panel.berandahukum.com/vendor/laravel/framework/src/Illuminate/Routing/Middleware/SubstituteBindings.php(50): Illuminate\\Pipeline\\Pipeline->Illuminate\\Pipeline\\{closure}(Object(Illuminate\\Http\\Request))
#10 /home/berandah/subdomains/panel.berandahukum.com/vendor/laravel/framework/src/Illuminate/Pipeline/Pipeline.php(167): Illuminate\\Routing\\Middleware\\SubstituteBindings->handle(Object(Illuminate\\Http\\Request), Object(Closure))
#11 /home/berandah/subdomains/panel.berandahukum.com/vendor/laravel/framework/src/Illuminate/Auth/Middleware/Authenticate.php(44): Illuminate\\Pipeline\\Pipeline->Illuminate\\Pipeline\\{closure}(Object(Illuminate\\Http\\Request))
#12 /home/berandah/subdomains/panel.berandahukum.com/vendor/laravel/framework/src/Illuminate/Pipeline/Pipeline.php(167): Illuminate\\Auth\\Middleware\\Authenticate->handle(Object(Illuminate\\Http\\Request), Object(Closure))
#13 /home/berandah/subdomains/panel.berandahukum.com/vendor/laravel/framework/src/Illuminate/Foundation/Http/Middleware/VerifyCsrfToken.php(78): Illuminate\\Pipeline\\Pipeline->Illuminate\\Pipeline\\{closure}(Object(Illuminate\\Http\\Request))
#14 /home/berandah/subdomains/panel.berandahukum.com/vendor/laravel/framework/src/Illuminate/Pipeline/Pipeline.php(167): Illuminate\\Foundation\\Http\\Middleware\\VerifyCsrfToken->handle(Object(Illuminate\\Http\\Request), Object(Closure))
#15 /home/berandah/subdomains/panel.berandahukum.com/vendor/laravel/framework/src/Illuminate/View/Middleware/ShareErrorsFromSession.php(49): Illuminate\\Pipeline\\Pipeline->Illuminate\\Pipeline\\{closure}(Object(Illuminate\\Http\\Request))
#16 /home/berandah/subdomains/panel.berandahukum.com/vendor/laravel/framework/src/Illuminate/Pipeline/Pipeline.php(167): Illuminate\\View\\Middleware\\ShareErrorsFromSession->handle(Object(Illuminate\\Http\\Request), Object(Closure))
#17 /home/berandah/subdomains/panel.berandahukum.com/vendor/laravel/framework/src/Illuminate/Session/Middleware/StartSession.php(121): Illuminate\\Pipeline\\Pipeline->Illuminate\\Pipeline\\{closure}(Object(Illuminate\\Http\\Request))
#18 /home/berandah/subdomains/panel.berandahukum.com/vendor/laravel/framework/src/Illuminate/Session/Middleware/StartSession.php(63): Illuminate\\Session\\Middleware\\StartSession->handleStatefulRequest(Object(Illuminate\\Http\\Request), Object(Illuminate\\Session\\Store), Object(Closure))
#19 /home/berandah/subdomains/panel.berandahukum.com/vendor/laravel/framework/src/Illuminate/Pipeline/Pipeline.php(167): Illuminate\\Session\\Middleware\\StartSession->handle(Object(Illuminate\\Http\\Request), Object(Closure))
#20 /home/berandah/subdomains/panel.berandahukum.com/vendor/laravel/framework/src/Illuminate/Cookie/Middleware/AddQueuedCookiesToResponse.php(37): Illuminate\\Pipeline\\Pipeline->Illuminate\\Pipeline\\{closure}(Object(Illuminate\\Http\\Request))
#21 /home/berandah/subdomains/panel.berandahukum.com/vendor/laravel/framework/src/Illuminate/Pipeline/Pipeline.php(167): Illuminate\\Cookie\\Middleware\\AddQueuedCookiesToResponse->handle(Object(Illuminate\\Http\\Request), Object(Closure))
#22 /home/berandah/subdomains/panel.berandahukum.com/vendor/laravel/framework/src/Illuminate/Cookie/Middleware/EncryptCookies.php(67): Illuminate\\Pipeline\\Pipeline->Illuminate\\Pipeline\\{closure}(Object(Illuminate\\Http\\Request))
#23 /home/berandah/subdomains/panel.berandahukum.com/vendor/laravel/framework/src/Illuminate/Pipeline/Pipeline.php(167): Illuminate\\Cookie\\Middleware\\EncryptCookies->handle(Object(Illuminate\\Http\\Request), Object(Closure))
#24 /home/berandah/subdomains/panel.berandahukum.com/vendor/laravel/framework/src/Illuminate/Pipeline/Pipeline.php(103): Illuminate\\Pipeline\\Pipeline->Illuminate\\Pipeline\\{closure}(Object(Illuminate\\Http\\Request))
#25 /home/berandah/subdomains/panel.berandahukum.com/vendor/laravel/framework/src/Illuminate/Routing/Router.php(695): Illuminate\\Pipeline\\Pipeline->then(Object(Closure))
#26 /home/berandah/subdomains/panel.berandahukum.com/vendor/laravel/framework/src/Illuminate/Routing/Router.php(670): Illuminate\\Routing\\Router->runRouteWithinStack(Object(Illuminate\\Routing\\Route), Object(Illuminate\\Http\\Request))
#27 /home/berandah/subdomains/panel.berandahukum.com/vendor/laravel/framework/src/Illuminate/Routing/Router.php(636): Illuminate\\Routing\\Router->runRoute(Object(Illuminate\\Http\\Request), Object(Illuminate\\Routing\\Route))
#28 /home/berandah/subdomains/panel.berandahukum.com/vendor/laravel/framework/src/Illuminate/Routing/Router.php(625): Illuminate\\Routing\\Router->dispatchToRoute(Object(Illuminate\\Http\\Request))
#29 /home/berandah/subdomains/panel.berandahukum.com/vendor/laravel/framework/src/Illuminate/Foundation/Http/Kernel.php(166): Illuminate\\Routing\\Router->dispatch(Object(Illuminate\\Http\\Request))
#30 /home/berandah/subdomains/panel.berandahukum.com/vendor/laravel/framework/src/Illuminate/Pipeline/Pipeline.php(128): Illuminate\\Foundation\\Http\\Kernel->Illuminate\\Foundation\\Http\\{closure}(Object(Illuminate\\Http\\Request))
#31 /home/berandah/subdomains/panel.berandahukum.com/vendor/laravel/framework/src/Illuminate/Foundation/Http/Middleware/TransformsRequest.php(21): Illuminate\\Pipeline\\Pipeline->Illuminate\\Pipeline\\{closure}(Object(Illuminate\\Http\\Request))
#32 /home/berandah/subdomains/panel.berandahukum.com/vendor/laravel/framework/src/Illuminate/Pipeline/Pipeline.php(167): Illuminate\\Foundation\\Http\\Middleware\\TransformsRequest->handle(Object(Illuminate\\Http\\Request), Object(Closure))
#33 /home/berandah/subdomains/panel.berandahukum.com/vendor/laravel/framework/src/Illuminate/Foundation/Http/Middleware/TransformsRequest.php(21): Illuminate\\Pipeline\\Pipeline->Illuminate\\Pipeline\\{closure}(Object(Illuminate\\Http\\Request))
#34 /home/berandah/subdomains/panel.berandahukum.com/vendor/laravel/framework/src/Illuminate/Pipeline/Pipeline.php(167): Illuminate\\Foundation\\Http\\Middleware\\TransformsRequest->handle(Object(Illuminate\\Http\\Request), Object(Closure))
#35 /home/berandah/subdomains/panel.berandahukum.com/vendor/laravel/framework/src/Illuminate/Foundation/Http/Middleware/ValidatePostSize.php(27): Illuminate\\Pipeline\\Pipeline->Illuminate\\Pipeline\\{closure}(Object(Illuminate\\Http\\Request))
#36 /home/berandah/subdomains/panel.berandahukum.com/vendor/laravel/framework/src/Illuminate/Pipeline/Pipeline.php(167): Illuminate\\Foundation\\Http\\Middleware\\ValidatePostSize->handle(Object(Illuminate\\Http\\Request), Object(Closure))
#37 /home/berandah/subdomains/panel.berandahukum.com/vendor/laravel/framework/src/Illuminate/Foundation/Http/Middleware/PreventRequestsDuringMaintenance.php(86): Illuminate\\Pipeline\\Pipeline->Illuminate\\Pipeline\\{closure}(Object(Illuminate\\Http\\Request))
#38 /home/berandah/subdomains/panel.berandahukum.com/vendor/laravel/framework/src/Illuminate/Pipeline/Pipeline.php(167): Illuminate\\Foundation\\Http\\Middleware\\PreventRequestsDuringMaintenance->handle(Object(Illuminate\\Http\\Request), Object(Closure))
#39 /home/berandah/subdomains/panel.berandahukum.com/vendor/fruitcake/laravel-cors/src/HandleCors.php(37): Illuminate\\Pipeline\\Pipeline->Illuminate\\Pipeline\\{closure}(Object(Illuminate\\Http\\Request))
#40 /home/berandah/subdomains/panel.berandahukum.com/vendor/laravel/framework/src/Illuminate/Pipeline/Pipeline.php(167): Fruitcake\\Cors\\HandleCors->handle(Object(Illuminate\\Http\\Request), Object(Closure))
#41 /home/berandah/subdomains/panel.berandahukum.com/vendor/fideloper/proxy/src/TrustProxies.php(57): Illuminate\\Pipeline\\Pipeline->Illuminate\\Pipeline\\{closure}(Object(Illuminate\\Http\\Request))
#42 /home/berandah/subdomains/panel.berandahukum.com/vendor/laravel/framework/src/Illuminate/Pipeline/Pipeline.php(167): Fideloper\\Proxy\\TrustProxies->handle(Object(Illuminate\\Http\\Request), Object(Closure))
#43 /home/berandah/subdomains/panel.berandahukum.com/vendor/laravel/framework/src/Illuminate/Pipeline/Pipeline.php(103): Illuminate\\Pipeline\\Pipeline->Illuminate\\Pipeline\\{closure}(Object(Illuminate\\Http\\Request))
#44 /home/berandah/subdomains/panel.berandahukum.com/vendor/laravel/framework/src/Illuminate/Foundation/Http/Kernel.php(141): Illuminate\\Pipeline\\Pipeline->then(Object(Closure))
#45 /home/berandah/subdomains/panel.berandahukum.com/vendor/laravel/framework/src/Illuminate/Foundation/Http/Kernel.php(110): Illuminate\\Foundation\\Http\\Kernel->sendRequestThroughRouter(Object(Illuminate\\Http\\Request))
#46 /home/berandah/subdomains/panel.berandahukum.com/public/index.php(52): Illuminate\\Foundation\\Http\\Kernel->handle(Object(Illuminate\\Http\\Request))
#47 {main}
"} 
[2026-08-27 09:07:59] local.ERROR: Undefined variable: data_sn {"userId":35,"exception":"[object] (ErrorException(code: 0): Undefined variable: data_sn at /home/berandah/subdomains/panel.berandahukum.com/app/Http/Controllers/PenjualanController.php:593)
[stacktrace]
#0 /home/berandah/subdomains/panel.berandahukum.com/app/Http/Controllers/PenjualanController.php(593): Illuminate\\Foundation\\Bootstrap\\HandleExceptions->handleError(8, 'Undefined varia...', '/home/berandah/...', 593, Array)
#1 /home/berandah/subdomains/panel.berandahukum.com/vendor/laravel/framework/src/Illuminate/Routing/Controller.php(54): App\\Http\\Controllers\\PenjualanController->surat_jalan('1543')
#2 /home/berandah/subdomains/panel.berandahukum.com/vendor/laravel/framework/src/Illuminate/Routing/ControllerDispatcher.php(45): Illuminate\\Routing\\Controller->callAction('surat_jalan', Array)
#3 /home/berandah/subdomains/panel.berandahukum.com/vendor/laravel/framework/src/Illuminate/Routing/Route.php(254): Illuminate\\Routing\\ControllerDispatcher->dispatch(Object(Illuminate\\Routing\\Route), Object(App\\Http\\Controllers\\PenjualanController), 'surat_jalan')
#4 /home/berandah/subdomains/panel.berandahukum.com/vendor/laravel/framework/src/Illuminate/Routing/Route.php(197): Illuminate\\Routing\\Route->runController()
#5 /home/berandah/subdomains/panel.berandahukum.com/vendor/laravel/framework/src/Illuminate/Routing/Router.php(693): Illuminate\\Routing\\Route->run()
#6 /home/berandah/subdomains/panel.berandahukum.com/vendor/laravel/framework/src/Illuminate/Pipeline/Pipeline.php(128): Illuminate\\Routing\\Router->Illuminate\\Routing\\{closure}(Object(Illuminate\\Http\\Request))
#7 /home/berandah/subdomains/panel.berandahukum.com/app/Http/Middleware/CheckBlockedIp.php(22): Illuminate\\Pipeline\\Pipeline->Illuminate\\Pipeline\\{closure}(Object(Illuminate\\Http\\Request))
#8 /home/berandah/subdomains/panel.berandahukum.com/vendor/laravel/framework/src/Illuminate/Pipeline/Pipeline.php(167): App\\Http\\Middleware\\CheckBlockedIp->handle(Object(Illuminate\\Http\\Request), Object(Closure))
#9 /home/berandah/subdomains/panel.berandahukum.com/vendor/laravel/framework/src/Illuminate/Routing/Middleware/SubstituteBindings.php(50): Illuminate\\Pipeline\\Pipeline->Illuminate\\Pipeline\\{closure}(Object(Illuminate\\Http\\Request))
#10 /home/berandah/subdomains/panel.berandahukum.com/vendor/laravel/framework/src/Illuminate/Pipeline/Pipeline.php(167): Illuminate\\Routing\\Middleware\\SubstituteBindings->handle(Object(Illuminate\\Http\\Request), Object(Closure))
#11 /home/berandah/subdomains/panel.berandahukum.com/vendor/laravel/framework/src/Illuminate/Auth/Middleware/Authenticate.php(44): Illuminate\\Pipeline\\Pipeline->Illuminate\\Pipeline\\{closure}(Object(Illuminate\\Http\\Request))
#12 /home/berandah/subdomains/panel.berandahukum.com/vendor/laravel/framework/src/Illuminate/Pipeline/Pipeline.php(167): Illuminate\\Auth\\Middleware\\Authenticate->handle(Object(Illuminate\\Http\\Request), Object(Closure))
#13 /home/berandah/subdomains/panel.berandahukum.com/vendor/laravel/framework/src/Illuminate/Foundation/Http/Middleware/VerifyCsrfToken.php(78): Illuminate\\Pipeline\\Pipeline->Illuminate\\Pipeline\\{closure}(Object(Illuminate\\Http\\Request))
#14 /home/berandah/subdomains/panel.berandahukum.com/vendor/laravel/framework/src/Illuminate/Pipeline/Pipeline.php(167): Illuminate\\Foundation\\Http\\Middleware\\VerifyCsrfToken->handle(Object(Illuminate\\Http\\Request), Object(Closure))
#15 /home/berandah/subdomains/panel.berandahukum.com/vendor/laravel/framework/src/Illuminate/View/Middleware/ShareErrorsFromSession.php(49): Illuminate\\Pipeline\\Pipeline->Illuminate\\Pipeline\\{closure}(Object(Illuminate\\Http\\Request))
#16 /home/berandah/subdomains/panel.berandahukum.com/vendor/laravel/framework/src/Illuminate/Pipeline/Pipeline.php(167): Illuminate\\View\\Middleware\\ShareErrorsFromSession->handle(Object(Illuminate\\Http\\Request), Object(Closure))
#17 /home/berandah/subdomains/panel.berandahukum.com/vendor/laravel/framework/src/Illuminate/Session/Middleware/StartSession.php(121): Illuminate\\Pipeline\\Pipeline->Illuminate\\Pipeline\\{closure}(Object(Illuminate\\Http\\Request))
#18 /home/berandah/subdomains/panel.berandahukum.com/vendor/laravel/framework/src/Illuminate/Session/Middleware/StartSession.php(63): Illuminate\\Session\\Middleware\\StartSession->handleStatefulRequest(Object(Illuminate\\Http\\Request), Object(Illuminate\\Session\\Store), Object(Closure))
#19 /home/berandah/subdomains/panel.berandahukum.com/vendor/laravel/framework/src/Illuminate/Pipeline/Pipeline.php(167): Illuminate\\Session\\Middleware\\StartSession->handle(Object(Illuminate\\Http\\Request), Object(Closure))
#20 /home/berandah/subdomains/panel.berandahukum.com/vendor/laravel/framework/src/Illuminate/Cookie/Middleware/AddQueuedCookiesToResponse.php(37): Illuminate\\Pipeline\\Pipeline->Illuminate\\Pipeline\\{closure}(Object(Illuminate\\Http\\Request))
#21 /home/berandah/subdomains/panel.berandahukum.com/vendor/laravel/framework/src/Illuminate/Pipeline/Pipeline.php(167): Illuminate\\Cookie\\Middleware\\AddQueuedCookiesToResponse->handle(Object(Illuminate\\Http\\Request), Object(Closure))
#22 /home/berandah/subdomains/panel.berandahukum.com/vendor/laravel/framework/src/Illuminate/Cookie/Middleware/EncryptCookies.php(67): Illuminate\\Pipeline\\Pipeline->Illuminate\\Pipeline\\{closure}(Object(Illuminate\\Http\\Request))
#23 /home/berandah/subdomains/panel.berandahukum.com/vendor/laravel/framework/src/Illuminate/Pipeline/Pipeline.php(167): Illuminate\\Cookie\\Middleware\\EncryptCookies->handle(Object(Illuminate\\Http\\Request), Object(Closure))
#24 /home/berandah/subdomains/panel.berandahukum.com/vendor/laravel/framework/src/Illuminate/Pipeline/Pipeline.php(103): Illuminate\\Pipeline\\Pipeline->Illuminate\\Pipeline\\{closure}(Object(Illuminate\\Http\\Request))
#25 /home/berandah/subdomains/panel.berandahukum.com/vendor/laravel/framework/src/Illuminate/Routing/Router.php(695): Illuminate\\Pipeline\\Pipeline->then(Object(Closure))
#26 /home/berandah/subdomains/panel.berandahukum.com/vendor/laravel/framework/src/Illuminate/Routing/Router.php(670): Illuminate\\Routing\\Router->runRouteWithinStack(Object(Illuminate\\Routing\\Route), Object(Illuminate\\Http\\Request))
#27 /home/berandah/subdomains/panel.berandahukum.com/vendor/laravel/framework/src/Illuminate/Routing/Router.php(636): Illuminate\\Routing\\Router->runRoute(Object(Illuminate\\Http\\Request), Object(Illuminate\\Routing\\Route))
#28 /home/berandah/subdomains/panel.berandahukum.com/vendor/laravel/framework/src/Illuminate/Routing/Router.php(625): Illuminate\\Routing\\Router->dispatchToRoute(Object(Illuminate\\Http\\Request))
#29 /home/berandah/subdomains/panel.berandahukum.com/vendor/laravel/framework/src/Illuminate/Foundation/Http/Kernel.php(166): Illuminate\\Routing\\Router->dispatch(Object(Illuminate\\Http\\Request))
#30 /home/berandah/subdomains/panel.berandahukum.com/vendor/laravel/framework/src/Illuminate/Pipeline/Pipeline.php(128): Illuminate\\Foundation\\Http\\Kernel->Illuminate\\Foundation\\Http\\{closure}(Object(Illuminate\\Http\\Request))
#31 /home/berandah/subdomains/panel.berandahukum.com/vendor/laravel/framework/src/Illuminate/Foundation/Http/Middleware/TransformsRequest.php(21): Illuminate\\Pipeline\\Pipeline->Illuminate\\Pipeline\\{closure}(Object(Illuminate\\Http\\Request))
#32 /home/berandah/subdomains/panel.berandahukum.com/vendor/laravel/framework/src/Illuminate/Pipeline/Pipeline.php(167): Illuminate\\Foundation\\Http\\Middleware\\TransformsRequest->handle(Object(Illuminate\\Http\\Request), Object(Closure))
#33 /home/berandah/subdomains/panel.berandahukum.com/vendor/laravel/framework/src/Illuminate/Foundation/Http/Middleware/TransformsRequest.php(21): Illuminate\\Pipeline\\Pipeline->Illuminate\\Pipeline\\{closure}(Object(Illuminate\\Http\\Request))
#34 /home/berandah/subdomains/panel.berandahukum.com/vendor/laravel/framework/src/Illuminate/Pipeline/Pipeline.php(167): Illuminate\\Foundation\\Http\\Middleware\\TransformsRequest->handle(Object(Illuminate\\Http\\Request), Object(Closure))
#35 /home/berandah/subdomains/panel.berandahukum.com/vendor/laravel/framework/src/Illuminate/Foundation/Http/Middleware/ValidatePostSize.php(27): Illuminate\\Pipeline\\Pipeline->Illuminate\\Pipeline\\{closure}(Object(Illuminate\\Http\\Request))
#36 /home/berandah/subdomains/panel.berandahukum.com/vendor/laravel/framework/src/Illuminate/Pipeline/Pipeline.php(167): Illuminate\\Foundation\\Http\\Middleware\\ValidatePostSize->handle(Object(Illuminate\\Http\\Request), Object(Closure))
#37 /home/berandah/subdomains/panel.berandahukum.com/vendor/laravel/framework/src/Illuminate/Foundation/Http/Middleware/PreventRequestsDuringMaintenance.php(86): Illuminate\\Pipeline\\Pipeline->Illuminate\\Pipeline\\{closure}(Object(Illuminate\\Http\\Request))
#38 /home/berandah/subdomains/panel.berandahukum.com/vendor/laravel/framework/src/Illuminate/Pipeline/Pipeline.php(167): Illuminate\\Foundation\\Http\\Middleware\\PreventRequestsDuringMaintenance->handle(Object(Illuminate\\Http\\Request), Object(Closure))
#39 /home/berandah/subdomains/panel.berandahukum.com/vendor/fruitcake/laravel-cors/src/HandleCors.php(37): Illuminate\\Pipeline\\Pipeline->Illuminate\\Pipeline\\{closure}(Object(Illuminate\\Http\\Request))
#40 /home/berandah/subdomains/panel.berandahukum.com/vendor/laravel/framework/src/Illuminate/Pipeline/Pipeline.php(167): Fruitcake\\Cors\\HandleCors->handle(Object(Illuminate\\Http\\Request), Object(Closure))
#41 /home/berandah/subdomains/panel.berandahukum.com/vendor/fideloper/proxy/src/TrustProxies.php(57): Illuminate\\Pipeline\\Pipeline->Illuminate\\Pipeline\\{closure}(Object(Illuminate\\Http\\Request))
#42 /home/berandah/subdomains/panel.berandahukum.com/vendor/laravel/framework/src/Illuminate/Pipeline/Pipeline.php(167): Fideloper\\Proxy\\TrustProxies->handle(Object(Illuminate\\Http\\Request), Object(Closure))
#43 /home/berandah/subdomains/panel.berandahukum.com/vendor/laravel/framework/src/Illuminate/Pipeline/Pipeline.php(103): Illuminate\\Pipeline\\Pipeline->Illuminate\\Pipeline\\{closure}(Object(Illuminate\\Http\\Request))
#44 /home/berandah/subdomains/panel.berandahukum.com/vendor/laravel/framework/src/Illuminate/Foundation/Http/Kernel.php(141): Illuminate\\Pipeline\\Pipeline->then(Object(Closure))
#45 /home/berandah/subdomains/panel.berandahukum.com/vendor/laravel/framework/src/Illuminate/Foundation/Http/Kernel.php(110): Illuminate\\Foundation\\Http\\Kernel->sendRequestThroughRouter(Object(Illuminate\\Http\\Request))
#46 /home/berandah/subdomains/panel.berandahukum.com/public/index.php(52): Illuminate\\Foundation\\Http\\Kernel->handle(Object(Illuminate\\Http\\Request))
#47 {main}
"} 
[2026-08-27 14:47:45] local.ERROR: Undefined variable: data_sn {"userId":35,"exception":"[object] (ErrorException(code: 0): Undefined variable: data_sn at /home/berandah/subdomains/panel.berandahukum.com/app/Http/Controllers/PenjualanController.php:572)
[stacktrace]
#0 /home/berandah/subdomains/panel.berandahukum.com/app/Http/Controllers/PenjualanController.php(572): Illuminate\\Foundation\\Bootstrap\\HandleExceptions->handleError(8, 'Undefined varia...', '/home/berandah/...', 572, Array)
#1 /home/berandah/subdomains/panel.berandahukum.com/vendor/laravel/framework/src/Illuminate/Routing/Controller.php(54): App\\Http\\Controllers\\PenjualanController->download('1543')
#2 /home/berandah/subdomains/panel.berandahukum.com/vendor/laravel/framework/src/Illuminate/Routing/ControllerDispatcher.php(45): Illuminate\\Routing\\Controller->callAction('download', Array)
#3 /home/berandah/subdomains/panel.berandahukum.com/vendor/laravel/framework/src/Illuminate/Routing/Route.php(254): Illuminate\\Routing\\ControllerDispatcher->dispatch(Object(Illuminate\\Routing\\Route), Object(App\\Http\\Controllers\\PenjualanController), 'download')
#4 /home/berandah/subdomains/panel.berandahukum.com/vendor/laravel/framework/src/Illuminate/Routing/Route.php(197): Illuminate\\Routing\\Route->runController()
#5 /home/berandah/subdomains/panel.berandahukum.com/vendor/laravel/framework/src/Illuminate/Routing/Router.php(693): Illuminate\\Routing\\Route->run()
#6 /home/berandah/subdomains/panel.berandahukum.com/vendor/laravel/framework/src/Illuminate/Pipeline/Pipeline.php(128): Illuminate\\Routing\\Router->Illuminate\\Routing\\{closure}(Object(Illuminate\\Http\\Request))
#7 /home/berandah/subdomains/panel.berandahukum.com/app/Http/Middleware/CheckBlockedIp.php(22): Illuminate\\Pipeline\\Pipeline->Illuminate\\Pipeline\\{closure}(Object(Illuminate\\Http\\Request))
#8 /home/berandah/subdomains/panel.berandahukum.com/vendor/laravel/framework/src/Illuminate/Pipeline/Pipeline.php(167): App\\Http\\Middleware\\CheckBlockedIp->handle(Object(Illuminate\\Http\\Request), Object(Closure))
#9 /home/berandah/subdomains/panel.berandahukum.com/vendor/laravel/framework/src/Illuminate/Routing/Middleware/SubstituteBindings.php(50): Illuminate\\Pipeline\\Pipeline->Illuminate\\Pipeline\\{closure}(Object(Illuminate\\Http\\Request))
#10 /home/berandah/subdomains/panel.berandahukum.com/vendor/laravel/framework/src/Illuminate/Pipeline/Pipeline.php(167): Illuminate\\Routing\\Middleware\\SubstituteBindings->handle(Object(Illuminate\\Http\\Request), Object(Closure))
#11 /home/berandah/subdomains/panel.berandahukum.com/vendor/laravel/framework/src/Illuminate/Auth/Middleware/Authenticate.php(44): Illuminate\\Pipeline\\Pipeline->Illuminate\\Pipeline\\{closure}(Object(Illuminate\\Http\\Request))
#12 /home/berandah/subdomains/panel.berandahukum.com/vendor/laravel/framework/src/Illuminate/Pipeline/Pipeline.php(167): Illuminate\\Auth\\Middleware\\Authenticate->handle(Object(Illuminate\\Http\\Request), Object(Closure))
#13 /home/berandah/subdomains/panel.berandahukum.com/vendor/laravel/framework/src/Illuminate/Foundation/Http/Middleware/VerifyCsrfToken.php(78): Illuminate\\Pipeline\\Pipeline->Illuminate\\Pipeline\\{closure}(Object(Illuminate\\Http\\Request))
#14 /home/berandah/subdomains/panel.berandahukum.com/vendor/laravel/framework/src/Illuminate/Pipeline/Pipeline.php(167): Illuminate\\Foundation\\Http\\Middleware\\VerifyCsrfToken->handle(Object(Illuminate\\Http\\Request), Object(Closure))
#15 /home/berandah/subdomains/panel.berandahukum.com/vendor/laravel/framework/src/Illuminate/View/Middleware/ShareErrorsFromSession.php(49): Illuminate\\Pipeline\\Pipeline->Illuminate\\Pipeline\\{closure}(Object(Illuminate\\Http\\Request))
#16 /home/berandah/subdomains/panel.berandahukum.com/vendor/laravel/framework/src/Illuminate/Pipeline/Pipeline.php(167): Illuminate\\View\\Middleware\\ShareErrorsFromSession->handle(Object(Illuminate\\Http\\Request), Object(Closure))
#17 /home/berandah/subdomains/panel.berandahukum.com/vendor/laravel/framework/src/Illuminate/Session/Middleware/StartSession.php(121): Illuminate\\Pipeline\\Pipeline->Illuminate\\Pipeline\\{closure}(Object(Illuminate\\Http\\Request))
#18 /home/berandah/subdomains/panel.berandahukum.com/vendor/laravel/framework/src/Illuminate/Session/Middleware/StartSession.php(63): Illuminate\\Session\\Middleware\\StartSession->handleStatefulRequest(Object(Illuminate\\Http\\Request), Object(Illuminate\\Session\\Store), Object(Closure))
#19 /home/berandah/subdomains/panel.berandahukum.com/vendor/laravel/framework/src/Illuminate/Pipeline/Pipeline.php(167): Illuminate\\Session\\Middleware\\StartSession->handle(Object(Illuminate\\Http\\Request), Object(Closure))
#20 /home/berandah/subdomains/panel.berandahukum.com/vendor/laravel/framework/src/Illuminate/Cookie/Middleware/AddQueuedCookiesToResponse.php(37): Illuminate\\Pipeline\\Pipeline->Illuminate\\Pipeline\\{closure}(Object(Illuminate\\Http\\Request))
#21 /home/berandah/subdomains/panel.berandahukum.com/vendor/laravel/framework/src/Illuminate/Pipeline/Pipeline.php(167): Illuminate\\Cookie\\Middleware\\AddQueuedCookiesToResponse->handle(Object(Illuminate\\Http\\Request), Object(Closure))
#22 /home/berandah/subdomains/panel.berandahukum.com/vendor/laravel/framework/src/Illuminate/Cookie/Middleware/EncryptCookies.php(67): Illuminate\\Pipeline\\Pipeline->Illuminate\\Pipeline\\{closure}(Object(Illuminate\\Http\\Request))
#23 /home/berandah/subdomains/panel.berandahukum.com/vendor/laravel/framework/src/Illuminate/Pipeline/Pipeline.php(167): Illuminate\\Cookie\\Middleware\\EncryptCookies->handle(Object(Illuminate\\Http\\Request), Object(Closure))
#24 /home/berandah/subdomains/panel.berandahukum.com/vendor/laravel/framework/src/Illuminate/Pipeline/Pipeline.php(103): Illuminate\\Pipeline\\Pipeline->Illuminate\\Pipeline\\{closure}(Object(Illuminate\\Http\\Request))
#25 /home/berandah/subdomains/panel.berandahukum.com/vendor/laravel/framework/src/Illuminate/Routing/Router.php(695): Illuminate\\Pipeline\\Pipeline->then(Object(Closure))
#26 /home/berandah/subdomains/panel.berandahukum.com/vendor/laravel/framework/src/Illuminate/Routing/Router.php(670): Illuminate\\Routing\\Router->runRouteWithinStack(Object(Illuminate\\Routing\\Route), Object(Illuminate\\Http\\Request))
#27 /home/berandah/subdomains/panel.berandahukum.com/vendor/laravel/framework/src/Illuminate/Routing/Router.php(636): Illuminate\\Routing\\Router->runRoute(Object(Illuminate\\Http\\Request), Object(Illuminate\\Routing\\Route))
#28 /home/berandah/subdomains/panel.berandahukum.com/vendor/laravel/framework/src/Illuminate/Routing/Router.php(625): Illuminate\\Routing\\Router->dispatchToRoute(Object(Illuminate\\Http\\Request))
#29 /home/berandah/subdomains/panel.berandahukum.com/vendor/laravel/framework/src/Illuminate/Foundation/Http/Kernel.php(166): Illuminate\\Routing\\Router->dispatch(Object(Illuminate\\Http\\Request))
#30 /home/berandah/subdomains/panel.berandahukum.com/vendor/laravel/framework/src/Illuminate/Pipeline/Pipeline.php(128): Illuminate\\Foundation\\Http\\Kernel->Illuminate\\Foundation\\Http\\{closure}(Object(Illuminate\\Http\\Request))
#31 /home/berandah/subdomains/panel.berandahukum.com/vendor/laravel/framework/src/Illuminate/Foundation/Http/Middleware/TransformsRequest.php(21): Illuminate\\Pipeline\\Pipeline->Illuminate\\Pipeline\\{closure}(Object(Illuminate\\Http\\Request))
#32 /home/berandah/subdomains/panel.berandahukum.com/vendor/laravel/framework/src/Illuminate/Pipeline/Pipeline.php(167): Illuminate\\Foundation\\Http\\Middleware\\TransformsRequest->handle(Object(Illuminate\\Http\\Request), Object(Closure))
#33 /home/berandah/subdomains/panel.berandahukum.com/vendor/laravel/framework/src/Illuminate/Foundation/Http/Middleware/TransformsRequest.php(21): Illuminate\\Pipeline\\Pipeline->Illuminate\\Pipeline\\{closure}(Object(Illuminate\\Http\\Request))
#34 /home/berandah/subdomains/panel.berandahukum.com/vendor/laravel/framework/src/Illuminate/Pipeline/Pipeline.php(167): Illuminate\\Foundation\\Http\\Middleware\\TransformsRequest->handle(Object(Illuminate\\Http\\Request), Object(Closure))
#35 /home/berandah/subdomains/panel.berandahukum.com/vendor/laravel/framework/src/Illuminate/Foundation/Http/Middleware/ValidatePostSize.php(27): Illuminate\\Pipeline\\Pipeline->Illuminate\\Pipeline\\{closure}(Object(Illuminate\\Http\\Request))
#36 /home/berandah/subdomains/panel.berandahukum.com/vendor/laravel/framework/src/Illuminate/Pipeline/Pipeline.php(167): Illuminate\\Foundation\\Http\\Middleware\\ValidatePostSize->handle(Object(Illuminate\\Http\\Request), Object(Closure))
#37 /home/berandah/subdomains/panel.berandahukum.com/vendor/laravel/framework/src/Illuminate/Foundation/Http/Middleware/PreventRequestsDuringMaintenance.php(86): Illuminate\\Pipeline\\Pipeline->Illuminate\\Pipeline\\{closure}(Object(Illuminate\\Http\\Request))
#38 /home/berandah/subdomains/panel.berandahukum.com/vendor/laravel/framework/src/Illuminate/Pipeline/Pipeline.php(167): Illuminate\\Foundation\\Http\\Middleware\\PreventRequestsDuringMaintenance->handle(Object(Illuminate\\Http\\Request), Object(Closure))
#39 /home/berandah/subdomains/panel.berandahukum.com/vendor/fruitcake/laravel-cors/src/HandleCors.php(37): Illuminate\\Pipeline\\Pipeline->Illuminate\\Pipeline\\{closure}(Object(Illuminate\\Http\\Request))
#40 /home/berandah/subdomains/panel.berandahukum.com/vendor/laravel/framework/src/Illuminate/Pipeline/Pipeline.php(167): Fruitcake\\Cors\\HandleCors->handle(Object(Illuminate\\Http\\Request), Object(Closure))
#41 /home/berandah/subdomains/panel.berandahukum.com/vendor/fideloper/proxy/src/TrustProxies.php(57): Illuminate\\Pipeline\\Pipeline->Illuminate\\Pipeline\\{closure}(Object(Illuminate\\Http\\Request))
#42 /home/berandah/subdomains/panel.berandahukum.com/vendor/laravel/framework/src/Illuminate/Pipeline/Pipeline.php(167): Fideloper\\Proxy\\TrustProxies->handle(Object(Illuminate\\Http\\Request), Object(Closure))
#43 /home/berandah/subdomains/panel.berandahukum.com/vendor/laravel/framework/src/Illuminate/Pipeline/Pipeline.php(103): Illuminate\\Pipeline\\Pipeline->Illuminate\\Pipeline\\{closure}(Object(Illuminate\\Http\\Request))
#44 /home/berandah/subdomains/panel.berandahukum.com/vendor/laravel/framework/src/Illuminate/Foundation/Http/Kernel.php(141): Illuminate\\Pipeline\\Pipeline->then(Object(Closure))
#45 /home/berandah/subdomains/panel.berandahukum.com/vendor/laravel/framework/src/Illuminate/Foundation/Http/Kernel.php(110): Illuminate\\Foundation\\Http\\Kernel->sendRequestThroughRouter(Object(Illuminate\\Http\\Request))
#46 /home/berandah/subdomains/panel.berandahukum.com/public/index.php(52): Illuminate\\Foundation\\Http\\Kernel->handle(Object(Illuminate\\Http\\Request))
#47 {main}
"} 
[2026-08-27 15:02:14] local.ERROR: Trying to access array offset on value of type null {"userId":35,"exception":"[object] (ErrorException(code: 0): Trying to access array offset on value of type null at /home/berandah/subdomains/panel.berandahukum.com/app/Http/Controllers/PenjualanController.php:570)
[stacktrace]
#0 /home/berandah/subdomains/panel.berandahukum.com/app/Http/Controllers/PenjualanController.php(570): Illuminate\\Foundation\\Bootstrap\\HandleExceptions->handleError(8, 'Trying to acces...', '/home/berandah/...', 570, Array)
#1 /home/berandah/subdomains/panel.berandahukum.com/vendor/laravel/framework/src/Illuminate/Routing/Controller.php(54): App\\Http\\Controllers\\PenjualanController->download('1545')
#2 /home/berandah/subdomains/panel.berandahukum.com/vendor/laravel/framework/src/Illuminate/Routing/ControllerDispatcher.php(45): Illuminate\\Routing\\Controller->callAction('download', Array)
#3 /home/berandah/subdomains/panel.berandahukum.com/vendor/laravel/framework/src/Illuminate/Routing/Route.php(254): Illuminate\\Routing\\ControllerDispatcher->dispatch(Object(Illuminate\\Routing\\Route), Object(App\\Http\\Controllers\\PenjualanController), 'download')
#4 /home/berandah/subdomains/panel.berandahukum.com/vendor/laravel/framework/src/Illuminate/Routing/Route.php(197): Illuminate\\Routing\\Route->runController()
#5 /home/berandah/subdomains/panel.berandahukum.com/vendor/laravel/framework/src/Illuminate/Routing/Router.php(693): Illuminate\\Routing\\Route->run()
#6 /home/berandah/subdomains/panel.berandahukum.com/vendor/laravel/framework/src/Illuminate/Pipeline/Pipeline.php(128): Illuminate\\Routing\\Router->Illuminate\\Routing\\{closure}(Object(Illuminate\\Http\\Request))
#7 /home/berandah/subdomains/panel.berandahukum.com/app/Http/Middleware/CheckBlockedIp.php(22): Illuminate\\Pipeline\\Pipeline->Illuminate\\Pipeline\\{closure}(Object(Illuminate\\Http\\Request))
#8 /home/berandah/subdomains/panel.berandahukum.com/vendor/laravel/framework/src/Illuminate/Pipeline/Pipeline.php(167): App\\Http\\Middleware\\CheckBlockedIp->handle(Object(Illuminate\\Http\\Request), Object(Closure))
#9 /home/berandah/subdomains/panel.berandahukum.com/vendor/laravel/framework/src/Illuminate/Routing/Middleware/SubstituteBindings.php(50): Illuminate\\Pipeline\\Pipeline->Illuminate\\Pipeline\\{closure}(Object(Illuminate\\Http\\Request))
#10 /home/berandah/subdomains/panel.berandahukum.com/vendor/laravel/framework/src/Illuminate/Pipeline/Pipeline.php(167): Illuminate\\Routing\\Middleware\\SubstituteBindings->handle(Object(Illuminate\\Http\\Request), Object(Closure))
#11 /home/berandah/subdomains/panel.berandahukum.com/vendor/laravel/framework/src/Illuminate/Auth/Middleware/Authenticate.php(44): Illuminate\\Pipeline\\Pipeline->Illuminate\\Pipeline\\{closure}(Object(Illuminate\\Http\\Request))
#12 /home/berandah/subdomains/panel.berandahukum.com/vendor/laravel/framework/src/Illuminate/Pipeline/Pipeline.php(167): Illuminate\\Auth\\Middleware\\Authenticate->handle(Object(Illuminate\\Http\\Request), Object(Closure))
#13 /home/berandah/subdomains/panel.berandahukum.com/vendor/laravel/framework/src/Illuminate/Foundation/Http/Middleware/VerifyCsrfToken.php(78): Illuminate\\Pipeline\\Pipeline->Illuminate\\Pipeline\\{closure}(Object(Illuminate\\Http\\Request))
#14 /home/berandah/subdomains/panel.berandahukum.com/vendor/laravel/framework/src/Illuminate/Pipeline/Pipeline.php(167): Illuminate\\Foundation\\Http\\Middleware\\VerifyCsrfToken->handle(Object(Illuminate\\Http\\Request), Object(Closure))
#15 /home/berandah/subdomains/panel.berandahukum.com/vendor/laravel/framework/src/Illuminate/View/Middleware/ShareErrorsFromSession.php(49): Illuminate\\Pipeline\\Pipeline->Illuminate\\Pipeline\\{closure}(Object(Illuminate\\Http\\Request))
#16 /home/berandah/subdomains/panel.berandahukum.com/vendor/laravel/framework/src/Illuminate/Pipeline/Pipeline.php(167): Illuminate\\View\\Middleware\\ShareErrorsFromSession->handle(Object(Illuminate\\Http\\Request), Object(Closure))
#17 /home/berandah/subdomains/panel.berandahukum.com/vendor/laravel/framework/src/Illuminate/Session/Middleware/StartSession.php(121): Illuminate\\Pipeline\\Pipeline->Illuminate\\Pipeline\\{closure}(Object(Illuminate\\Http\\Request))
#18 /home/berandah/subdomains/panel.berandahukum.com/vendor/laravel/framework/src/Illuminate/Session/Middleware/StartSession.php(63): Illuminate\\Session\\Middleware\\StartSession->handleStatefulRequest(Object(Illuminate\\Http\\Request), Object(Illuminate\\Session\\Store), Object(Closure))
#19 /home/berandah/subdomains/panel.berandahukum.com/vendor/laravel/framework/src/Illuminate/Pipeline/Pipeline.php(167): Illuminate\\Session\\Middleware\\StartSession->handle(Object(Illuminate\\Http\\Request), Object(Closure))
#20 /home/berandah/subdomains/panel.berandahukum.com/vendor/laravel/framework/src/Illuminate/Cookie/Middleware/AddQueuedCookiesToResponse.php(37): Illuminate\\Pipeline\\Pipeline->Illuminate\\Pipeline\\{closure}(Object(Illuminate\\Http\\Request))
#21 /home/berandah/subdomains/panel.berandahukum.com/vendor/laravel/framework/src/Illuminate/Pipeline/Pipeline.php(167): Illuminate\\Cookie\\Middleware\\AddQueuedCookiesToResponse->handle(Object(Illuminate\\Http\\Request), Object(Closure))
#22 /home/berandah/subdomains/panel.berandahukum.com/vendor/laravel/framework/src/Illuminate/Cookie/Middleware/EncryptCookies.php(67): Illuminate\\Pipeline\\Pipeline->Illuminate\\Pipeline\\{closure}(Object(Illuminate\\Http\\Request))
#23 /home/berandah/subdomains/panel.berandahukum.com/vendor/laravel/framework/src/Illuminate/Pipeline/Pipeline.php(167): Illuminate\\Cookie\\Middleware\\EncryptCookies->handle(Object(Illuminate\\Http\\Request), Object(Closure))
#24 /home/berandah/subdomains/panel.berandahukum.com/vendor/laravel/framework/src/Illuminate/Pipeline/Pipeline.php(103): Illuminate\\Pipeline\\Pipeline->Illuminate\\Pipeline\\{closure}(Object(Illuminate\\Http\\Request))
#25 /home/berandah/subdomains/panel.berandahukum.com/vendor/laravel/framework/src/Illuminate/Routing/Router.php(695): Illuminate\\Pipeline\\Pipeline->then(Object(Closure))
#26 /home/berandah/subdomains/panel.berandahukum.com/vendor/laravel/framework/src/Illuminate/Routing/Router.php(670): Illuminate\\Routing\\Router->runRouteWithinStack(Object(Illuminate\\Routing\\Route), Object(Illuminate\\Http\\Request))
#27 /home/berandah/subdomains/panel.berandahukum.com/vendor/laravel/framework/src/Illuminate/Routing/Router.php(636): Illuminate\\Routing\\Router->runRoute(Object(Illuminate\\Http\\Request), Object(Illuminate\\Routing\\Route))
#28 /home/berandah/subdomains/panel.berandahukum.com/vendor/laravel/framework/src/Illuminate/Routing/Router.php(625): Illuminate\\Routing\\Router->dispatchToRoute(Object(Illuminate\\Http\\Request))
#29 /home/berandah/subdomains/panel.berandahukum.com/vendor/laravel/framework/src/Illuminate/Foundation/Http/Kernel.php(166): Illuminate\\Routing\\Router->dispatch(Object(Illuminate\\Http\\Request))
#30 /home/berandah/subdomains/panel.berandahukum.com/vendor/laravel/framework/src/Illuminate/Pipeline/Pipeline.php(128): Illuminate\\Foundation\\Http\\Kernel->Illuminate\\Foundation\\Http\\{closure}(Object(Illuminate\\Http\\Request))
#31 /home/berandah/subdomains/panel.berandahukum.com/vendor/laravel/framework/src/Illuminate/Foundation/Http/Middleware/TransformsRequest.php(21): Illuminate\\Pipeline\\Pipeline->Illuminate\\Pipeline\\{closure}(Object(Illuminate\\Http\\Request))
#32 /home/berandah/subdomains/panel.berandahukum.com/vendor/laravel/framework/src/Illuminate/Pipeline/Pipeline.php(167): Illuminate\\Foundation\\Http\\Middleware\\TransformsRequest->handle(Object(Illuminate\\Http\\Request), Object(Closure))
#33 /home/berandah/subdomains/panel.berandahukum.com/vendor/laravel/framework/src/Illuminate/Foundation/Http/Middleware/TransformsRequest.php(21): Illuminate\\Pipeline\\Pipeline->Illuminate\\Pipeline\\{closure}(Object(Illuminate\\Http\\Request))
#34 /home/berandah/subdomains/panel.berandahukum.com/vendor/laravel/framework/src/Illuminate/Pipeline/Pipeline.php(167): Illuminate\\Foundation\\Http\\Middleware\\TransformsRequest->handle(Object(Illuminate\\Http\\Request), Object(Closure))
#35 /home/berandah/subdomains/panel.berandahukum.com/vendor/laravel/framework/src/Illuminate/Foundation/Http/Middleware/ValidatePostSize.php(27): Illuminate\\Pipeline\\Pipeline->Illuminate\\Pipeline\\{closure}(Object(Illuminate\\Http\\Request))
#36 /home/berandah/subdomains/panel.berandahukum.com/vendor/laravel/framework/src/Illuminate/Pipeline/Pipeline.php(167): Illuminate\\Foundation\\Http\\Middleware\\ValidatePostSize->handle(Object(Illuminate\\Http\\Request), Object(Closure))
#37 /home/berandah/subdomains/panel.berandahukum.com/vendor/laravel/framework/src/Illuminate/Foundation/Http/Middleware/PreventRequestsDuringMaintenance.php(86): Illuminate\\Pipeline\\Pipeline->Illuminate\\Pipeline\\{closure}(Object(Illuminate\\Http\\Request))
#38 /home/berandah/subdomains/panel.berandahukum.com/vendor/laravel/framework/src/Illuminate/Pipeline/Pipeline.php(167): Illuminate\\Foundation\\Http\\Middleware\\PreventRequestsDuringMaintenance->handle(Object(Illuminate\\Http\\Request), Object(Closure))
#39 /home/berandah/subdomains/panel.berandahukum.com/vendor/fruitcake/laravel-cors/src/HandleCors.php(37): Illuminate\\Pipeline\\Pipeline->Illuminate\\Pipeline\\{closure}(Object(Illuminate\\Http\\Request))
#40 /home/berandah/subdomains/panel.berandahukum.com/vendor/laravel/framework/src/Illuminate/Pipeline/Pipeline.php(167): Fruitcake\\Cors\\HandleCors->handle(Object(Illuminate\\Http\\Request), Object(Closure))
#41 /home/berandah/subdomains/panel.berandahukum.com/vendor/fideloper/proxy/src/TrustProxies.php(57): Illuminate\\Pipeline\\Pipeline->Illuminate\\Pipeline\\{closure}(Object(Illuminate\\Http\\Request))
#42 /home/berandah/subdomains/panel.berandahukum.com/vendor/laravel/framework/src/Illuminate/Pipeline/Pipeline.php(167): Fideloper\\Proxy\\TrustProxies->handle(Object(Illuminate\\Http\\Request), Object(Closure))
#43 /home/berandah/subdomains/panel.berandahukum.com/vendor/laravel/framework/src/Illuminate/Pipeline/Pipeline.php(103): Illuminate\\Pipeline\\Pipeline->Illuminate\\Pipeline\\{closure}(Object(Illuminate\\Http\\Request))
#44 /home/berandah/subdomains/panel.berandahukum.com/vendor/laravel/framework/src/Illuminate/Foundation/Http/Kernel.php(141): Illuminate\\Pipeline\\Pipeline->then(Object(Closure))
#45 /home/berandah/subdomains/panel.berandahukum.com/vendor/laravel/framework/src/Illuminate/Foundation/Http/Kernel.php(110): Illuminate\\Foundation\\Http\\Kernel->sendRequestThroughRouter(Object(Illuminate\\Http\\Request))
#46 /home/berandah/subdomains/panel.berandahukum.com/public/index.php(52): Illuminate\\Foundation\\Http\\Kernel->handle(Object(Illuminate\\Http\\Request))
#47 {main}
"} 
[2026-08-27 15:13:57] local.ERROR: Trying to access array offset on value of type null {"userId":35,"exception":"[object] (ErrorException(code: 0): Trying to access array offset on value of type null at /home/berandah/subdomains/panel.berandahukum.com/app/Http/Controllers/PenjualanController.php:570)
[stacktrace]
#0 /home/berandah/subdomains/panel.berandahukum.com/app/Http/Controllers/PenjualanController.php(570): Illuminate\\Foundation\\Bootstrap\\HandleExceptions->handleError(8, 'Trying to acces...', '/home/berandah/...', 570, Array)
#1 /home/berandah/subdomains/panel.berandahukum.com/vendor/laravel/framework/src/Illuminate/Routing/Controller.php(54): App\\Http\\Controllers\\PenjualanController->download('1545')
#2 /home/berandah/subdomains/panel.berandahukum.com/vendor/laravel/framework/src/Illuminate/Routing/ControllerDispatcher.php(45): Illuminate\\Routing\\Controller->callAction('download', Array)
#3 /home/berandah/subdomains/panel.berandahukum.com/vendor/laravel/framework/src/Illuminate/Routing/Route.php(254): Illuminate\\Routing\\ControllerDispatcher->dispatch(Object(Illuminate\\Routing\\Route), Object(App\\Http\\Controllers\\PenjualanController), 'download')
#4 /home/berandah/subdomains/panel.berandahukum.com/vendor/laravel/framework/src/Illuminate/Routing/Route.php(197): Illuminate\\Routing\\Route->runController()
#5 /home/berandah/subdomains/panel.berandahukum.com/vendor/laravel/framework/src/Illuminate/Routing/Router.php(693): Illuminate\\Routing\\Route->run()
#6 /home/berandah/subdomains/panel.berandahukum.com/vendor/laravel/framework/src/Illuminate/Pipeline/Pipeline.php(128): Illuminate\\Routing\\Router->Illuminate\\Routing\\{closure}(Object(Illuminate\\Http\\Request))
#7 /home/berandah/subdomains/panel.berandahukum.com/app/Http/Middleware/CheckBlockedIp.php(22): Illuminate\\Pipeline\\Pipeline->Illuminate\\Pipeline\\{closure}(Object(Illuminate\\Http\\Request))
#8 /home/berandah/subdomains/panel.berandahukum.com/vendor/laravel/framework/src/Illuminate/Pipeline/Pipeline.php(167): App\\Http\\Middleware\\CheckBlockedIp->handle(Object(Illuminate\\Http\\Request), Object(Closure))
#9 /home/berandah/subdomains/panel.berandahukum.com/vendor/laravel/framework/src/Illuminate/Routing/Middleware/SubstituteBindings.php(50): Illuminate\\Pipeline\\Pipeline->Illuminate\\Pipeline\\{closure}(Object(Illuminate\\Http\\Request))
#10 /home/berandah/subdomains/panel.berandahukum.com/vendor/laravel/framework/src/Illuminate/Pipeline/Pipeline.php(167): Illuminate\\Routing\\Middleware\\SubstituteBindings->handle(Object(Illuminate\\Http\\Request), Object(Closure))
#11 /home/berandah/subdomains/panel.berandahukum.com/vendor/laravel/framework/src/Illuminate/Auth/Middleware/Authenticate.php(44): Illuminate\\Pipeline\\Pipeline->Illuminate\\Pipeline\\{closure}(Object(Illuminate\\Http\\Request))
#12 /home/berandah/subdomains/panel.berandahukum.com/vendor/laravel/framework/src/Illuminate/Pipeline/Pipeline.php(167): Illuminate\\Auth\\Middleware\\Authenticate->handle(Object(Illuminate\\Http\\Request), Object(Closure))
#13 /home/berandah/subdomains/panel.berandahukum.com/vendor/laravel/framework/src/Illuminate/Foundation/Http/Middleware/VerifyCsrfToken.php(78): Illuminate\\Pipeline\\Pipeline->Illuminate\\Pipeline\\{closure}(Object(Illuminate\\Http\\Request))
#14 /home/berandah/subdomains/panel.berandahukum.com/vendor/laravel/framework/src/Illuminate/Pipeline/Pipeline.php(167): Illuminate\\Foundation\\Http\\Middleware\\VerifyCsrfToken->handle(Object(Illuminate\\Http\\Request), Object(Closure))
#15 /home/berandah/subdomains/panel.berandahukum.com/vendor/laravel/framework/src/Illuminate/View/Middleware/ShareErrorsFromSession.php(49): Illuminate\\Pipeline\\Pipeline->Illuminate\\Pipeline\\{closure}(Object(Illuminate\\Http\\Request))
#16 /home/berandah/subdomains/panel.berandahukum.com/vendor/laravel/framework/src/Illuminate/Pipeline/Pipeline.php(167): Illuminate\\View\\Middleware\\ShareErrorsFromSession->handle(Object(Illuminate\\Http\\Request), Object(Closure))
#17 /home/berandah/subdomains/panel.berandahukum.com/vendor/laravel/framework/src/Illuminate/Session/Middleware/StartSession.php(121): Illuminate\\Pipeline\\Pipeline->Illuminate\\Pipeline\\{closure}(Object(Illuminate\\Http\\Request))
#18 /home/berandah/subdomains/panel.berandahukum.com/vendor/laravel/framework/src/Illuminate/Session/Middleware/StartSession.php(63): Illuminate\\Session\\Middleware\\StartSession->handleStatefulRequest(Object(Illuminate\\Http\\Request), Object(Illuminate\\Session\\Store), Object(Closure))
#19 /home/berandah/subdomains/panel.berandahukum.com/vendor/laravel/framework/src/Illuminate/Pipeline/Pipeline.php(167): Illuminate\\Session\\Middleware\\StartSession->handle(Object(Illuminate\\Http\\Request), Object(Closure))
#20 /home/berandah/subdomains/panel.berandahukum.com/vendor/laravel/framework/src/Illuminate/Cookie/Middleware/AddQueuedCookiesToResponse.php(37): Illuminate\\Pipeline\\Pipeline->Illuminate\\Pipeline\\{closure}(Object(Illuminate\\Http\\Request))
#21 /home/berandah/subdomains/panel.berandahukum.com/vendor/laravel/framework/src/Illuminate/Pipeline/Pipeline.php(167): Illuminate\\Cookie\\Middleware\\AddQueuedCookiesToResponse->handle(Object(Illuminate\\Http\\Request), Object(Closure))
#22 /home/berandah/subdomains/panel.berandahukum.com/vendor/laravel/framework/src/Illuminate/Cookie/Middleware/EncryptCookies.php(67): Illuminate\\Pipeline\\Pipeline->Illuminate\\Pipeline\\{closure}(Object(Illuminate\\Http\\Request))
#23 /home/berandah/subdomains/panel.berandahukum.com/vendor/laravel/framework/src/Illuminate/Pipeline/Pipeline.php(167): Illuminate\\Cookie\\Middleware\\EncryptCookies->handle(Object(Illuminate\\Http\\Request), Object(Closure))
#24 /home/berandah/subdomains/panel.berandahukum.com/vendor/laravel/framework/src/Illuminate/Pipeline/Pipeline.php(103): Illuminate\\Pipeline\\Pipeline->Illuminate\\Pipeline\\{closure}(Object(Illuminate\\Http\\Request))
#25 /home/berandah/subdomains/panel.berandahukum.com/vendor/laravel/framework/src/Illuminate/Routing/Router.php(695): Illuminate\\Pipeline\\Pipeline->then(Object(Closure))
#26 /home/berandah/subdomains/panel.berandahukum.com/vendor/laravel/framework/src/Illuminate/Routing/Router.php(670): Illuminate\\Routing\\Router->runRouteWithinStack(Object(Illuminate\\Routing\\Route), Object(Illuminate\\Http\\Request))
#27 /home/berandah/subdomains/panel.berandahukum.com/vendor/laravel/framework/src/Illuminate/Routing/Router.php(636): Illuminate\\Routing\\Router->runRoute(Object(Illuminate\\Http\\Request), Object(Illuminate\\Routing\\Route))
#28 /home/berandah/subdomains/panel.berandahukum.com/vendor/laravel/framework/src/Illuminate/Routing/Router.php(625): Illuminate\\Routing\\Router->dispatchToRoute(Object(Illuminate\\Http\\Request))
#29 /home/berandah/subdomains/panel.berandahukum.com/vendor/laravel/framework/src/Illuminate/Foundation/Http/Kernel.php(166): Illuminate\\Routing\\Router->dispatch(Object(Illuminate\\Http\\Request))
#30 /home/berandah/subdomains/panel.berandahukum.com/vendor/laravel/framework/src/Illuminate/Pipeline/Pipeline.php(128): Illuminate\\Foundation\\Http\\Kernel->Illuminate\\Foundation\\Http\\{closure}(Object(Illuminate\\Http\\Request))
#31 /home/berandah/subdomains/panel.berandahukum.com/vendor/laravel/framework/src/Illuminate/Foundation/Http/Middleware/TransformsRequest.php(21): Illuminate\\Pipeline\\Pipeline->Illuminate\\Pipeline\\{closure}(Object(Illuminate\\Http\\Request))
#32 /home/berandah/subdomains/panel.berandahukum.com/vendor/laravel/framework/src/Illuminate/Pipeline/Pipeline.php(167): Illuminate\\Foundation\\Http\\Middleware\\TransformsRequest->handle(Object(Illuminate\\Http\\Request), Object(Closure))
#33 /home/berandah/subdomains/panel.berandahukum.com/vendor/laravel/framework/src/Illuminate/Foundation/Http/Middleware/TransformsRequest.php(21): Illuminate\\Pipeline\\Pipeline->Illuminate\\Pipeline\\{closure}(Object(Illuminate\\Http\\Request))
#34 /home/berandah/subdomains/panel.berandahukum.com/vendor/laravel/framework/src/Illuminate/Pipeline/Pipeline.php(167): Illuminate\\Foundation\\Http\\Middleware\\TransformsRequest->handle(Object(Illuminate\\Http\\Request), Object(Closure))
#35 /home/berandah/subdomains/panel.berandahukum.com/vendor/laravel/framework/src/Illuminate/Foundation/Http/Middleware/ValidatePostSize.php(27): Illuminate\\Pipeline\\Pipeline->Illuminate\\Pipeline\\{closure}(Object(Illuminate\\Http\\Request))
#36 /home/berandah/subdomains/panel.berandahukum.com/vendor/laravel/framework/src/Illuminate/Pipeline/Pipeline.php(167): Illuminate\\Foundation\\Http\\Middleware\\ValidatePostSize->handle(Object(Illuminate\\Http\\Request), Object(Closure))
#37 /home/berandah/subdomains/panel.berandahukum.com/vendor/laravel/framework/src/Illuminate/Foundation/Http/Middleware/PreventRequestsDuringMaintenance.php(86): Illuminate\\Pipeline\\Pipeline->Illuminate\\Pipeline\\{closure}(Object(Illuminate\\Http\\Request))
#38 /home/berandah/subdomains/panel.berandahukum.com/vendor/laravel/framework/src/Illuminate/Pipeline/Pipeline.php(167): Illuminate\\Foundation\\Http\\Middleware\\PreventRequestsDuringMaintenance->handle(Object(Illuminate\\Http\\Request), Object(Closure))
#39 /home/berandah/subdomains/panel.berandahukum.com/vendor/fruitcake/laravel-cors/src/HandleCors.php(37): Illuminate\\Pipeline\\Pipeline->Illuminate\\Pipeline\\{closure}(Object(Illuminate\\Http\\Request))
#40 /home/berandah/subdomains/panel.berandahukum.com/vendor/laravel/framework/src/Illuminate/Pipeline/Pipeline.php(167): Fruitcake\\Cors\\HandleCors->handle(Object(Illuminate\\Http\\Request), Object(Closure))
#41 /home/berandah/subdomains/panel.berandahukum.com/vendor/fideloper/proxy/src/TrustProxies.php(57): Illuminate\\Pipeline\\Pipeline->Illuminate\\Pipeline\\{closure}(Object(Illuminate\\Http\\Request))
#42 /home/berandah/subdomains/panel.berandahukum.com/vendor/laravel/framework/src/Illuminate/Pipeline/Pipeline.php(167): Fideloper\\Proxy\\TrustProxies->handle(Object(Illuminate\\Http\\Request), Object(Closure))
#43 /home/berandah/subdomains/panel.berandahukum.com/vendor/laravel/framework/src/Illuminate/Pipeline/Pipeline.php(103): Illuminate\\Pipeline\\Pipeline->Illuminate\\Pipeline\\{closure}(Object(Illuminate\\Http\\Request))
#44 /home/berandah/subdomains/panel.berandahukum.com/vendor/laravel/framework/src/Illuminate/Foundation/Http/Kernel.php(141): Illuminate\\Pipeline\\Pipeline->then(Object(Closure))
#45 /home/berandah/subdomains/panel.berandahukum.com/vendor/laravel/framework/src/Illuminate/Foundation/Http/Kernel.php(110): Illuminate\\Foundation\\Http\\Kernel->sendRequestThroughRouter(Object(Illuminate\\Http\\Request))
#46 /home/berandah/subdomains/panel.berandahukum.com/public/index.php(52): Illuminate\\Foundation\\Http\\Kernel->handle(Object(Illuminate\\Http\\Request))
#47 {main}
"} 
[2026-08-27 15:33:46] local.ERROR: Trying to access array offset on value of type null {"userId":35,"exception":"[object] (ErrorException(code: 0): Trying to access array offset on value of type null at /home/berandah/subdomains/panel.berandahukum.com/app/Http/Controllers/PenjualanController.php:570)
[stacktrace]
#0 /home/berandah/subdomains/panel.berandahukum.com/app/Http/Controllers/PenjualanController.php(570): Illuminate\\Foundation\\Bootstrap\\HandleExceptions->handleError(8, 'Trying to acces...', '/home/berandah/...', 570, Array)
#1 /home/berandah/subdomains/panel.berandahukum.com/vendor/laravel/framework/src/Illuminate/Routing/Controller.php(54): App\\Http\\Controllers\\PenjualanController->download('1545')
#2 /home/berandah/subdomains/panel.berandahukum.com/vendor/laravel/framework/src/Illuminate/Routing/ControllerDispatcher.php(45): Illuminate\\Routing\\Controller->callAction('download', Array)
#3 /home/berandah/subdomains/panel.berandahukum.com/vendor/laravel/framework/src/Illuminate/Routing/Route.php(254): Illuminate\\Routing\\ControllerDispatcher->dispatch(Object(Illuminate\\Routing\\Route), Object(App\\Http\\Controllers\\PenjualanController), 'download')
#4 /home/berandah/subdomains/panel.berandahukum.com/vendor/laravel/framework/src/Illuminate/Routing/Route.php(197): Illuminate\\Routing\\Route->runController()
#5 /home/berandah/subdomains/panel.berandahukum.com/vendor/laravel/framework/src/Illuminate/Routing/Router.php(693): Illuminate\\Routing\\Route->run()
#6 /home/berandah/subdomains/panel.berandahukum.com/vendor/laravel/framework/src/Illuminate/Pipeline/Pipeline.php(128): Illuminate\\Routing\\Router->Illuminate\\Routing\\{closure}(Object(Illuminate\\Http\\Request))
#7 /home/berandah/subdomains/panel.berandahukum.com/app/Http/Middleware/CheckBlockedIp.php(22): Illuminate\\Pipeline\\Pipeline->Illuminate\\Pipeline\\{closure}(Object(Illuminate\\Http\\Request))
#8 /home/berandah/subdomains/panel.berandahukum.com/vendor/laravel/framework/src/Illuminate/Pipeline/Pipeline.php(167): App\\Http\\Middleware\\CheckBlockedIp->handle(Object(Illuminate\\Http\\Request), Object(Closure))
#9 /home/berandah/subdomains/panel.berandahukum.com/vendor/laravel/framework/src/Illuminate/Routing/Middleware/SubstituteBindings.php(50): Illuminate\\Pipeline\\Pipeline->Illuminate\\Pipeline\\{closure}(Object(Illuminate\\Http\\Request))
#10 /home/berandah/subdomains/panel.berandahukum.com/vendor/laravel/framework/src/Illuminate/Pipeline/Pipeline.php(167): Illuminate\\Routing\\Middleware\\SubstituteBindings->handle(Object(Illuminate\\Http\\Request), Object(Closure))
#11 /home/berandah/subdomains/panel.berandahukum.com/vendor/laravel/framework/src/Illuminate/Auth/Middleware/Authenticate.php(44): Illuminate\\Pipeline\\Pipeline->Illuminate\\Pipeline\\{closure}(Object(Illuminate\\Http\\Request))
#12 /home/berandah/subdomains/panel.berandahukum.com/vendor/laravel/framework/src/Illuminate/Pipeline/Pipeline.php(167): Illuminate\\Auth\\Middleware\\Authenticate->handle(Object(Illuminate\\Http\\Request), Object(Closure))
#13 /home/berandah/subdomains/panel.berandahukum.com/vendor/laravel/framework/src/Illuminate/Foundation/Http/Middleware/VerifyCsrfToken.php(78): Illuminate\\Pipeline\\Pipeline->Illuminate\\Pipeline\\{closure}(Object(Illuminate\\Http\\Request))
#14 /home/berandah/subdomains/panel.berandahukum.com/vendor/laravel/framework/src/Illuminate/Pipeline/Pipeline.php(167): Illuminate\\Foundation\\Http\\Middleware\\VerifyCsrfToken->handle(Object(Illuminate\\Http\\Request), Object(Closure))
#15 /home/berandah/subdomains/panel.berandahukum.com/vendor/laravel/framework/src/Illuminate/View/Middleware/ShareErrorsFromSession.php(49): Illuminate\\Pipeline\\Pipeline->Illuminate\\Pipeline\\{closure}(Object(Illuminate\\Http\\Request))
#16 /home/berandah/subdomains/panel.berandahukum.com/vendor/laravel/framework/src/Illuminate/Pipeline/Pipeline.php(167): Illuminate\\View\\Middleware\\ShareErrorsFromSession->handle(Object(Illuminate\\Http\\Request), Object(Closure))
#17 /home/berandah/subdomains/panel.berandahukum.com/vendor/laravel/framework/src/Illuminate/Session/Middleware/StartSession.php(121): Illuminate\\Pipeline\\Pipeline->Illuminate\\Pipeline\\{closure}(Object(Illuminate\\Http\\Request))
#18 /home/berandah/subdomains/panel.berandahukum.com/vendor/laravel/framework/src/Illuminate/Session/Middleware/StartSession.php(63): Illuminate\\Session\\Middleware\\StartSession->handleStatefulRequest(Object(Illuminate\\Http\\Request), Object(Illuminate\\Session\\Store), Object(Closure))
#19 /home/berandah/subdomains/panel.berandahukum.com/vendor/laravel/framework/src/Illuminate/Pipeline/Pipeline.php(167): Illuminate\\Session\\Middleware\\StartSession->handle(Object(Illuminate\\Http\\Request), Object(Closure))
#20 /home/berandah/subdomains/panel.berandahukum.com/vendor/laravel/framework/src/Illuminate/Cookie/Middleware/AddQueuedCookiesToResponse.php(37): Illuminate\\Pipeline\\Pipeline->Illuminate\\Pipeline\\{closure}(Object(Illuminate\\Http\\Request))
#21 /home/berandah/subdomains/panel.berandahukum.com/vendor/laravel/framework/src/Illuminate/Pipeline/Pipeline.php(167): Illuminate\\Cookie\\Middleware\\AddQueuedCookiesToResponse->handle(Object(Illuminate\\Http\\Request), Object(Closure))
#22 /home/berandah/subdomains/panel.berandahukum.com/vendor/laravel/framework/src/Illuminate/Cookie/Middleware/EncryptCookies.php(67): Illuminate\\Pipeline\\Pipeline->Illuminate\\Pipeline\\{closure}(Object(Illuminate\\Http\\Request))
#23 /home/berandah/subdomains/panel.berandahukum.com/vendor/laravel/framework/src/Illuminate/Pipeline/Pipeline.php(167): Illuminate\\Cookie\\Middleware\\EncryptCookies->handle(Object(Illuminate\\Http\\Request), Object(Closure))
#24 /home/berandah/subdomains/panel.berandahukum.com/vendor/laravel/framework/src/Illuminate/Pipeline/Pipeline.php(103): Illuminate\\Pipeline\\Pipeline->Illuminate\\Pipeline\\{closure}(Object(Illuminate\\Http\\Request))
#25 /home/berandah/subdomains/panel.berandahukum.com/vendor/laravel/framework/src/Illuminate/Routing/Router.php(695): Illuminate\\Pipeline\\Pipeline->then(Object(Closure))
#26 /home/berandah/subdomains/panel.berandahukum.com/vendor/laravel/framework/src/Illuminate/Routing/Router.php(670): Illuminate\\Routing\\Router->runRouteWithinStack(Object(Illuminate\\Routing\\Route), Object(Illuminate\\Http\\Request))
#27 /home/berandah/subdomains/panel.berandahukum.com/vendor/laravel/framework/src/Illuminate/Routing/Router.php(636): Illuminate\\Routing\\Router->runRoute(Object(Illuminate\\Http\\Request), Object(Illuminate\\Routing\\Route))
#28 /home/berandah/subdomains/panel.berandahukum.com/vendor/laravel/framework/src/Illuminate/Routing/Router.php(625): Illuminate\\Routing\\Router->dispatchToRoute(Object(Illuminate\\Http\\Request))
#29 /home/berandah/subdomains/panel.berandahukum.com/vendor/laravel/framework/src/Illuminate/Foundation/Http/Kernel.php(166): Illuminate\\Routing\\Router->dispatch(Object(Illuminate\\Http\\Request))
#30 /home/berandah/subdomains/panel.berandahukum.com/vendor/laravel/framework/src/Illuminate/Pipeline/Pipeline.php(128): Illuminate\\Foundation\\Http\\Kernel->Illuminate\\Foundation\\Http\\{closure}(Object(Illuminate\\Http\\Request))
#31 /home/berandah/subdomains/panel.berandahukum.com/vendor/laravel/framework/src/Illuminate/Foundation/Http/Middleware/TransformsRequest.php(21): Illuminate\\Pipeline\\Pipeline->Illuminate\\Pipeline\\{closure}(Object(Illuminate\\Http\\Request))
#32 /home/berandah/subdomains/panel.berandahukum.com/vendor/laravel/framework/src/Illuminate/Pipeline/Pipeline.php(167): Illuminate\\Foundation\\Http\\Middleware\\TransformsRequest->handle(Object(Illuminate\\Http\\Request), Object(Closure))
#33 /home/berandah/subdomains/panel.berandahukum.com/vendor/laravel/framework/src/Illuminate/Foundation/Http/Middleware/TransformsRequest.php(21): Illuminate\\Pipeline\\Pipeline->Illuminate\\Pipeline\\{closure}(Object(Illuminate\\Http\\Request))
#34 /home/berandah/subdomains/panel.berandahukum.com/vendor/laravel/framework/src/Illuminate/Pipeline/Pipeline.php(167): Illuminate\\Foundation\\Http\\Middleware\\TransformsRequest->handle(Object(Illuminate\\Http\\Request), Object(Closure))
#35 /home/berandah/subdomains/panel.berandahukum.com/vendor/laravel/framework/src/Illuminate/Foundation/Http/Middleware/ValidatePostSize.php(27): Illuminate\\Pipeline\\Pipeline->Illuminate\\Pipeline\\{closure}(Object(Illuminate\\Http\\Request))
#36 /home/berandah/subdomains/panel.berandahukum.com/vendor/laravel/framework/src/Illuminate/Pipeline/Pipeline.php(167): Illuminate\\Foundation\\Http\\Middleware\\ValidatePostSize->handle(Object(Illuminate\\Http\\Request), Object(Closure))
#37 /home/berandah/subdomains/panel.berandahukum.com/vendor/laravel/framework/src/Illuminate/Foundation/Http/Middleware/PreventRequestsDuringMaintenance.php(86): Illuminate\\Pipeline\\Pipeline->Illuminate\\Pipeline\\{closure}(Object(Illuminate\\Http\\Request))
#38 /home/berandah/subdomains/panel.berandahukum.com/vendor/laravel/framework/src/Illuminate/Pipeline/Pipeline.php(167): Illuminate\\Foundation\\Http\\Middleware\\PreventRequestsDuringMaintenance->handle(Object(Illuminate\\Http\\Request), Object(Closure))
#39 /home/berandah/subdomains/panel.berandahukum.com/vendor/fruitcake/laravel-cors/src/HandleCors.php(37): Illuminate\\Pipeline\\Pipeline->Illuminate\\Pipeline\\{closure}(Object(Illuminate\\Http\\Request))
#40 /home/berandah/subdomains/panel.berandahukum.com/vendor/laravel/framework/src/Illuminate/Pipeline/Pipeline.php(167): Fruitcake\\Cors\\HandleCors->handle(Object(Illuminate\\Http\\Request), Object(Closure))
#41 /home/berandah/subdomains/panel.berandahukum.com/vendor/fideloper/proxy/src/TrustProxies.php(57): Illuminate\\Pipeline\\Pipeline->Illuminate\\Pipeline\\{closure}(Object(Illuminate\\Http\\Request))
#42 /home/berandah/subdomains/panel.berandahukum.com/vendor/laravel/framework/src/Illuminate/Pipeline/Pipeline.php(167): Fideloper\\Proxy\\TrustProxies->handle(Object(Illuminate\\Http\\Request), Object(Closure))
#43 /home/berandah/subdomains/panel.berandahukum.com/vendor/laravel/framework/src/Illuminate/Pipeline/Pipeline.php(103): Illuminate\\Pipeline\\Pipeline->Illuminate\\Pipeline\\{closure}(Object(Illuminate\\Http\\Request))
#44 /home/berandah/subdomains/panel.berandahukum.com/vendor/laravel/framework/src/Illuminate/Foundation/Http/Kernel.php(141): Illuminate\\Pipeline\\Pipeline->then(Object(Closure))
#45 /home/berandah/subdomains/panel.berandahukum.com/vendor/laravel/framework/src/Illuminate/Foundation/Http/Kernel.php(110): Illuminate\\Foundation\\Http\\Kernel->sendRequestThroughRouter(Object(Illuminate\\Http\\Request))
#46 /home/berandah/subdomains/panel.berandahukum.com/public/index.php(52): Illuminate\\Foundation\\Http\\Kernel->handle(Object(Illuminate\\Http\\Request))
#47 {main}
"} 
[2026-08-28 09:05:13] local.ERROR: Trying to access array offset on value of type null {"userId":35,"exception":"[object] (ErrorException(code: 0): Trying to access array offset on value of type null at /home/berandah/subdomains/panel.berandahukum.com/app/Http/Controllers/PenjualanController.php:570)
[stacktrace]
#0 /home/berandah/subdomains/panel.berandahukum.com/app/Http/Controllers/PenjualanController.php(570): Illuminate\\Foundation\\Bootstrap\\HandleExceptions->handleError(8, 'Trying to acces...', '/home/berandah/...', 570, Array)
#1 /home/berandah/subdomains/panel.berandahukum.com/vendor/laravel/framework/src/Illuminate/Routing/Controller.php(54): App\\Http\\Controllers\\PenjualanController->download('1545')
#2 /home/berandah/subdomains/panel.berandahukum.com/vendor/laravel/framework/src/Illuminate/Routing/ControllerDispatcher.php(45): Illuminate\\Routing\\Controller->callAction('download', Array)
#3 /home/berandah/subdomains/panel.berandahukum.com/vendor/laravel/framework/src/Illuminate/Routing/Route.php(254): Illuminate\\Routing\\ControllerDispatcher->dispatch(Object(Illuminate\\Routing\\Route), Object(App\\Http\\Controllers\\PenjualanController), 'download')
#4 /home/berandah/subdomains/panel.berandahukum.com/vendor/laravel/framework/src/Illuminate/Routing/Route.php(197): Illuminate\\Routing\\Route->runController()
#5 /home/berandah/subdomains/panel.berandahukum.com/vendor/laravel/framework/src/Illuminate/Routing/Router.php(693): Illuminate\\Routing\\Route->run()
#6 /home/berandah/subdomains/panel.berandahukum.com/vendor/laravel/framework/src/Illuminate/Pipeline/Pipeline.php(128): Illuminate\\Routing\\Router->Illuminate\\Routing\\{closure}(Object(Illuminate\\Http\\Request))
#7 /home/berandah/subdomains/panel.berandahukum.com/app/Http/Middleware/CheckBlockedIp.php(22): Illuminate\\Pipeline\\Pipeline->Illuminate\\Pipeline\\{closure}(Object(Illuminate\\Http\\Request))
#8 /home/berandah/subdomains/panel.berandahukum.com/vendor/laravel/framework/src/Illuminate/Pipeline/Pipeline.php(167): App\\Http\\Middleware\\CheckBlockedIp->handle(Object(Illuminate\\Http\\Request), Object(Closure))
#9 /home/berandah/subdomains/panel.berandahukum.com/vendor/laravel/framework/src/Illuminate/Routing/Middleware/SubstituteBindings.php(50): Illuminate\\Pipeline\\Pipeline->Illuminate\\Pipeline\\{closure}(Object(Illuminate\\Http\\Request))
#10 /home/berandah/subdomains/panel.berandahukum.com/vendor/laravel/framework/src/Illuminate/Pipeline/Pipeline.php(167): Illuminate\\Routing\\Middleware\\SubstituteBindings->handle(Object(Illuminate\\Http\\Request), Object(Closure))
#11 /home/berandah/subdomains/panel.berandahukum.com/vendor/laravel/framework/src/Illuminate/Auth/Middleware/Authenticate.php(44): Illuminate\\Pipeline\\Pipeline->Illuminate\\Pipeline\\{closure}(Object(Illuminate\\Http\\Request))
#12 /home/berandah/subdomains/panel.berandahukum.com/vendor/laravel/framework/src/Illuminate/Pipeline/Pipeline.php(167): Illuminate\\Auth\\Middleware\\Authenticate->handle(Object(Illuminate\\Http\\Request), Object(Closure))
#13 /home/berandah/subdomains/panel.berandahukum.com/vendor/laravel/framework/src/Illuminate/Foundation/Http/Middleware/VerifyCsrfToken.php(78): Illuminate\\Pipeline\\Pipeline->Illuminate\\Pipeline\\{closure}(Object(Illuminate\\Http\\Request))
#14 /home/berandah/subdomains/panel.berandahukum.com/vendor/laravel/framework/src/Illuminate/Pipeline/Pipeline.php(167): Illuminate\\Foundation\\Http\\Middleware\\VerifyCsrfToken->handle(Object(Illuminate\\Http\\Request), Object(Closure))
#15 /home/berandah/subdomains/panel.berandahukum.com/vendor/laravel/framework/src/Illuminate/View/Middleware/ShareErrorsFromSession.php(49): Illuminate\\Pipeline\\Pipeline->Illuminate\\Pipeline\\{closure}(Object(Illuminate\\Http\\Request))
#16 /home/berandah/subdomains/panel.berandahukum.com/vendor/laravel/framework/src/Illuminate/Pipeline/Pipeline.php(167): Illuminate\\View\\Middleware\\ShareErrorsFromSession->handle(Object(Illuminate\\Http\\Request), Object(Closure))
#17 /home/berandah/subdomains/panel.berandahukum.com/vendor/laravel/framework/src/Illuminate/Session/Middleware/StartSession.php(121): Illuminate\\Pipeline\\Pipeline->Illuminate\\Pipeline\\{closure}(Object(Illuminate\\Http\\Request))
#18 /home/berandah/subdomains/panel.berandahukum.com/vendor/laravel/framework/src/Illuminate/Session/Middleware/StartSession.php(63): Illuminate\\Session\\Middleware\\StartSession->handleStatefulRequest(Object(Illuminate\\Http\\Request), Object(Illuminate\\Session\\Store), Object(Closure))
#19 /home/berandah/subdomains/panel.berandahukum.com/vendor/laravel/framework/src/Illuminate/Pipeline/Pipeline.php(167): Illuminate\\Session\\Middleware\\StartSession->handle(Object(Illuminate\\Http\\Request), Object(Closure))
#20 /home/berandah/subdomains/panel.berandahukum.com/vendor/laravel/framework/src/Illuminate/Cookie/Middleware/AddQueuedCookiesToResponse.php(37): Illuminate\\Pipeline\\Pipeline->Illuminate\\Pipeline\\{closure}(Object(Illuminate\\Http\\Request))
#21 /home/berandah/subdomains/panel.berandahukum.com/vendor/laravel/framework/src/Illuminate/Pipeline/Pipeline.php(167): Illuminate\\Cookie\\Middleware\\AddQueuedCookiesToResponse->handle(Object(Illuminate\\Http\\Request), Object(Closure))
#22 /home/berandah/subdomains/panel.berandahukum.com/vendor/laravel/framework/src/Illuminate/Cookie/Middleware/EncryptCookies.php(67): Illuminate\\Pipeline\\Pipeline->Illuminate\\Pipeline\\{closure}(Object(Illuminate\\Http\\Request))
#23 /home/berandah/subdomains/panel.berandahukum.com/vendor/laravel/framework/src/Illuminate/Pipeline/Pipeline.php(167): Illuminate\\Cookie\\Middleware\\EncryptCookies->handle(Object(Illuminate\\Http\\Request), Object(Closure))
#24 /home/berandah/subdomains/panel.berandahukum.com/vendor/laravel/framework/src/Illuminate/Pipeline/Pipeline.php(103): Illuminate\\Pipeline\\Pipeline->Illuminate\\Pipeline\\{closure}(Object(Illuminate\\Http\\Request))
#25 /home/berandah/subdomains/panel.berandahukum.com/vendor/laravel/framework/src/Illuminate/Routing/Router.php(695): Illuminate\\Pipeline\\Pipeline->then(Object(Closure))
#26 /home/berandah/subdomains/panel.berandahukum.com/vendor/laravel/framework/src/Illuminate/Routing/Router.php(670): Illuminate\\Routing\\Router->runRouteWithinStack(Object(Illuminate\\Routing\\Route), Object(Illuminate\\Http\\Request))
#27 /home/berandah/subdomains/panel.berandahukum.com/vendor/laravel/framework/src/Illuminate/Routing/Router.php(636): Illuminate\\Routing\\Router->runRoute(Object(Illuminate\\Http\\Request), Object(Illuminate\\Routing\\Route))
#28 /home/berandah/subdomains/panel.berandahukum.com/vendor/laravel/framework/src/Illuminate/Routing/Router.php(625): Illuminate\\Routing\\Router->dispatchToRoute(Object(Illuminate\\Http\\Request))
#29 /home/berandah/subdomains/panel.berandahukum.com/vendor/laravel/framework/src/Illuminate/Foundation/Http/Kernel.php(166): Illuminate\\Routing\\Router->dispatch(Object(Illuminate\\Http\\Request))
#30 /home/berandah/subdomains/panel.berandahukum.com/vendor/laravel/framework/src/Illuminate/Pipeline/Pipeline.php(128): Illuminate\\Foundation\\Http\\Kernel->Illuminate\\Foundation\\Http\\{closure}(Object(Illuminate\\Http\\Request))
#31 /home/berandah/subdomains/panel.berandahukum.com/vendor/laravel/framework/src/Illuminate/Foundation/Http/Middleware/TransformsRequest.php(21): Illuminate\\Pipeline\\Pipeline->Illuminate\\Pipeline\\{closure}(Object(Illuminate\\Http\\Request))
#32 /home/berandah/subdomains/panel.berandahukum.com/vendor/laravel/framework/src/Illuminate/Pipeline/Pipeline.php(167): Illuminate\\Foundation\\Http\\Middleware\\TransformsRequest->handle(Object(Illuminate\\Http\\Request), Object(Closure))
#33 /home/berandah/subdomains/panel.berandahukum.com/vendor/laravel/framework/src/Illuminate/Foundation/Http/Middleware/TransformsRequest.php(21): Illuminate\\Pipeline\\Pipeline->Illuminate\\Pipeline\\{closure}(Object(Illuminate\\Http\\Request))
#34 /home/berandah/subdomains/panel.berandahukum.com/vendor/laravel/framework/src/Illuminate/Pipeline/Pipeline.php(167): Illuminate\\Foundation\\Http\\Middleware\\TransformsRequest->handle(Object(Illuminate\\Http\\Request), Object(Closure))
#35 /home/berandah/subdomains/panel.berandahukum.com/vendor/laravel/framework/src/Illuminate/Foundation/Http/Middleware/ValidatePostSize.php(27): Illuminate\\Pipeline\\Pipeline->Illuminate\\Pipeline\\{closure}(Object(Illuminate\\Http\\Request))
#36 /home/berandah/subdomains/panel.berandahukum.com/vendor/laravel/framework/src/Illuminate/Pipeline/Pipeline.php(167): Illuminate\\Foundation\\Http\\Middleware\\ValidatePostSize->handle(Object(Illuminate\\Http\\Request), Object(Closure))
#37 /home/berandah/subdomains/panel.berandahukum.com/vendor/laravel/framework/src/Illuminate/Foundation/Http/Middleware/PreventRequestsDuringMaintenance.php(86): Illuminate\\Pipeline\\Pipeline->Illuminate\\Pipeline\\{closure}(Object(Illuminate\\Http\\Request))
#38 /home/berandah/subdomains/panel.berandahukum.com/vendor/laravel/framework/src/Illuminate/Pipeline/Pipeline.php(167): Illuminate\\Foundation\\Http\\Middleware\\PreventRequestsDuringMaintenance->handle(Object(Illuminate\\Http\\Request), Object(Closure))
#39 /home/berandah/subdomains/panel.berandahukum.com/vendor/fruitcake/laravel-cors/src/HandleCors.php(37): Illuminate\\Pipeline\\Pipeline->Illuminate\\Pipeline\\{closure}(Object(Illuminate\\Http\\Request))
#40 /home/berandah/subdomains/panel.berandahukum.com/vendor/laravel/framework/src/Illuminate/Pipeline/Pipeline.php(167): Fruitcake\\Cors\\HandleCors->handle(Object(Illuminate\\Http\\Request), Object(Closure))
#41 /home/berandah/subdomains/panel.berandahukum.com/vendor/fideloper/proxy/src/TrustProxies.php(57): Illuminate\\Pipeline\\Pipeline->Illuminate\\Pipeline\\{closure}(Object(Illuminate\\Http\\Request))
#42 /home/berandah/subdomains/panel.berandahukum.com/vendor/laravel/framework/src/Illuminate/Pipeline/Pipeline.php(167): Fideloper\\Proxy\\TrustProxies->handle(Object(Illuminate\\Http\\Request), Object(Closure))
#43 /home/berandah/subdomains/panel.berandahukum.com/vendor/laravel/framework/src/Illuminate/Pipeline/Pipeline.php(103): Illuminate\\Pipeline\\Pipeline->Illuminate\\Pipeline\\{closure}(Object(Illuminate\\Http\\Request))
#44 /home/berandah/subdomains/panel.berandahukum.com/vendor/laravel/framework/src/Illuminate/Foundation/Http/Kernel.php(141): Illuminate\\Pipeline\\Pipeline->then(Object(Closure))
#45 /home/berandah/subdomains/panel.berandahukum.com/vendor/laravel/framework/src/Illuminate/Foundation/Http/Kernel.php(110): Illuminate\\Foundation\\Http\\Kernel->sendRequestThroughRouter(Object(Illuminate\\Http\\Request))
#46 /home/berandah/subdomains/panel.berandahukum.com/public/index.php(52): Illuminate\\Foundation\\Http\\Kernel->handle(Object(Illuminate\\Http\\Request))
#47 {main}
"} 
[2026-09-01 16:31:40] local.ERROR: Trying to access array offset on value of type null {"userId":35,"exception":"[object] (ErrorException(code: 0): Trying to access array offset on value of type null at /home/berandah/subdomains/panel.berandahukum.com/app/Http/Controllers/PenjualanController.php:570)
[stacktrace]
#0 /home/berandah/subdomains/panel.berandahukum.com/app/Http/Controllers/PenjualanController.php(570): Illuminate\\Foundation\\Bootstrap\\HandleExceptions->handleError(8, 'Trying to acces...', '/home/berandah/...', 570, Array)
#1 /home/berandah/subdomains/panel.berandahukum.com/vendor/laravel/framework/src/Illuminate/Routing/Controller.php(54): App\\Http\\Controllers\\PenjualanController->download('1545')
#2 /home/berandah/subdomains/panel.berandahukum.com/vendor/laravel/framework/src/Illuminate/Routing/ControllerDispatcher.php(45): Illuminate\\Routing\\Controller->callAction('download', Array)
#3 /home/berandah/subdomains/panel.berandahukum.com/vendor/laravel/framework/src/Illuminate/Routing/Route.php(254): Illuminate\\Routing\\ControllerDispatcher->dispatch(Object(Illuminate\\Routing\\Route), Object(App\\Http\\Controllers\\PenjualanController), 'download')
#4 /home/berandah/subdomains/panel.berandahukum.com/vendor/laravel/framework/src/Illuminate/Routing/Route.php(197): Illuminate\\Routing\\Route->runController()
#5 /home/berandah/subdomains/panel.berandahukum.com/vendor/laravel/framework/src/Illuminate/Routing/Router.php(693): Illuminate\\Routing\\Route->run()
#6 /home/berandah/subdomains/panel.berandahukum.com/vendor/laravel/framework/src/Illuminate/Pipeline/Pipeline.php(128): Illuminate\\Routing\\Router->Illuminate\\Routing\\{closure}(Object(Illuminate\\Http\\Request))
#7 /home/berandah/subdomains/panel.berandahukum.com/app/Http/Middleware/CheckBlockedIp.php(22): Illuminate\\Pipeline\\Pipeline->Illuminate\\Pipeline\\{closure}(Object(Illuminate\\Http\\Request))
#8 /home/berandah/subdomains/panel.berandahukum.com/vendor/laravel/framework/src/Illuminate/Pipeline/Pipeline.php(167): App\\Http\\Middleware\\CheckBlockedIp->handle(Object(Illuminate\\Http\\Request), Object(Closure))
#9 /home/berandah/subdomains/panel.berandahukum.com/vendor/laravel/framework/src/Illuminate/Routing/Middleware/SubstituteBindings.php(50): Illuminate\\Pipeline\\Pipeline->Illuminate\\Pipeline\\{closure}(Object(Illuminate\\Http\\Request))
#10 /home/berandah/subdomains/panel.berandahukum.com/vendor/laravel/framework/src/Illuminate/Pipeline/Pipeline.php(167): Illuminate\\Routing\\Middleware\\SubstituteBindings->handle(Object(Illuminate\\Http\\Request), Object(Closure))
#11 /home/berandah/subdomains/panel.berandahukum.com/vendor/laravel/framework/src/Illuminate/Auth/Middleware/Authenticate.php(44): Illuminate\\Pipeline\\Pipeline->Illuminate\\Pipeline\\{closure}(Object(Illuminate\\Http\\Request))
#12 /home/berandah/subdomains/panel.berandahukum.com/vendor/laravel/framework/src/Illuminate/Pipeline/Pipeline.php(167): Illuminate\\Auth\\Middleware\\Authenticate->handle(Object(Illuminate\\Http\\Request), Object(Closure))
#13 /home/berandah/subdomains/panel.berandahukum.com/vendor/laravel/framework/src/Illuminate/Foundation/Http/Middleware/VerifyCsrfToken.php(78): Illuminate\\Pipeline\\Pipeline->Illuminate\\Pipeline\\{closure}(Object(Illuminate\\Http\\Request))
#14 /home/berandah/subdomains/panel.berandahukum.com/vendor/laravel/framework/src/Illuminate/Pipeline/Pipeline.php(167): Illuminate\\Foundation\\Http\\Middleware\\VerifyCsrfToken->handle(Object(Illuminate\\Http\\Request), Object(Closure))
#15 /home/berandah/subdomains/panel.berandahukum.com/vendor/laravel/framework/src/Illuminate/View/Middleware/ShareErrorsFromSession.php(49): Illuminate\\Pipeline\\Pipeline->Illuminate\\Pipeline\\{closure}(Object(Illuminate\\Http\\Request))
#16 /home/berandah/subdomains/panel.berandahukum.com/vendor/laravel/framework/src/Illuminate/Pipeline/Pipeline.php(167): Illuminate\\View\\Middleware\\ShareErrorsFromSession->handle(Object(Illuminate\\Http\\Request), Object(Closure))
#17 /home/berandah/subdomains/panel.berandahukum.com/vendor/laravel/framework/src/Illuminate/Session/Middleware/StartSession.php(121): Illuminate\\Pipeline\\Pipeline->Illuminate\\Pipeline\\{closure}(Object(Illuminate\\Http\\Request))
#18 /home/berandah/subdomains/panel.berandahukum.com/vendor/laravel/framework/src/Illuminate/Session/Middleware/StartSession.php(63): Illuminate\\Session\\Middleware\\StartSession->handleStatefulRequest(Object(Illuminate\\Http\\Request), Object(Illuminate\\Session\\Store), Object(Closure))
#19 /home/berandah/subdomains/panel.berandahukum.com/vendor/laravel/framework/src/Illuminate/Pipeline/Pipeline.php(167): Illuminate\\Session\\Middleware\\StartSession->handle(Object(Illuminate\\Http\\Request), Object(Closure))
#20 /home/berandah/subdomains/panel.berandahukum.com/vendor/laravel/framework/src/Illuminate/Cookie/Middleware/AddQueuedCookiesToResponse.php(37): Illuminate\\Pipeline\\Pipeline->Illuminate\\Pipeline\\{closure}(Object(Illuminate\\Http\\Request))
#21 /home/berandah/subdomains/panel.berandahukum.com/vendor/laravel/framework/src/Illuminate/Pipeline/Pipeline.php(167): Illuminate\\Cookie\\Middleware\\AddQueuedCookiesToResponse->handle(Object(Illuminate\\Http\\Request), Object(Closure))
#22 /home/berandah/subdomains/panel.berandahukum.com/vendor/laravel/framework/src/Illuminate/Cookie/Middleware/EncryptCookies.php(67): Illuminate\\Pipeline\\Pipeline->Illuminate\\Pipeline\\{closure}(Object(Illuminate\\Http\\Request))
#23 /home/berandah/subdomains/panel.berandahukum.com/vendor/laravel/framework/src/Illuminate/Pipeline/Pipeline.php(167): Illuminate\\Cookie\\Middleware\\EncryptCookies->handle(Object(Illuminate\\Http\\Request), Object(Closure))
#24 /home/berandah/subdomains/panel.berandahukum.com/vendor/laravel/framework/src/Illuminate/Pipeline/Pipeline.php(103): Illuminate\\Pipeline\\Pipeline->Illuminate\\Pipeline\\{closure}(Object(Illuminate\\Http\\Request))
#25 /home/berandah/subdomains/panel.berandahukum.com/vendor/laravel/framework/src/Illuminate/Routing/Router.php(695): Illuminate\\Pipeline\\Pipeline->then(Object(Closure))
#26 /home/berandah/subdomains/panel.berandahukum.com/vendor/laravel/framework/src/Illuminate/Routing/Router.php(670): Illuminate\\Routing\\Router->runRouteWithinStack(Object(Illuminate\\Routing\\Route), Object(Illuminate\\Http\\Request))
#27 /home/berandah/subdomains/panel.berandahukum.com/vendor/laravel/framework/src/Illuminate/Routing/Router.php(636): Illuminate\\Routing\\Router->runRoute(Object(Illuminate\\Http\\Request), Object(Illuminate\\Routing\\Route))
#28 /home/berandah/subdomains/panel.berandahukum.com/vendor/laravel/framework/src/Illuminate/Routing/Router.php(625): Illuminate\\Routing\\Router->dispatchToRoute(Object(Illuminate\\Http\\Request))
#29 /home/berandah/subdomains/panel.berandahukum.com/vendor/laravel/framework/src/Illuminate/Foundation/Http/Kernel.php(166): Illuminate\\Routing\\Router->dispatch(Object(Illuminate\\Http\\Request))
#30 /home/berandah/subdomains/panel.berandahukum.com/vendor/laravel/framework/src/Illuminate/Pipeline/Pipeline.php(128): Illuminate\\Foundation\\Http\\Kernel->Illuminate\\Foundation\\Http\\{closure}(Object(Illuminate\\Http\\Request))
#31 /home/berandah/subdomains/panel.berandahukum.com/vendor/laravel/framework/src/Illuminate/Foundation/Http/Middleware/TransformsRequest.php(21): Illuminate\\Pipeline\\Pipeline->Illuminate\\Pipeline\\{closure}(Object(Illuminate\\Http\\Request))
#32 /home/berandah/subdomains/panel.berandahukum.com/vendor/laravel/framework/src/Illuminate/Pipeline/Pipeline.php(167): Illuminate\\Foundation\\Http\\Middleware\\TransformsRequest->handle(Object(Illuminate\\Http\\Request), Object(Closure))
#33 /home/berandah/subdomains/panel.berandahukum.com/vendor/laravel/framework/src/Illuminate/Foundation/Http/Middleware/TransformsRequest.php(21): Illuminate\\Pipeline\\Pipeline->Illuminate\\Pipeline\\{closure}(Object(Illuminate\\Http\\Request))
#34 /home/berandah/subdomains/panel.berandahukum.com/vendor/laravel/framework/src/Illuminate/Pipeline/Pipeline.php(167): Illuminate\\Foundation\\Http\\Middleware\\TransformsRequest->handle(Object(Illuminate\\Http\\Request), Object(Closure))
#35 /home/berandah/subdomains/panel.berandahukum.com/vendor/laravel/framework/src/Illuminate/Foundation/Http/Middleware/ValidatePostSize.php(27): Illuminate\\Pipeline\\Pipeline->Illuminate\\Pipeline\\{closure}(Object(Illuminate\\Http\\Request))
#36 /home/berandah/subdomains/panel.berandahukum.com/vendor/laravel/framework/src/Illuminate/Pipeline/Pipeline.php(167): Illuminate\\Foundation\\Http\\Middleware\\ValidatePostSize->handle(Object(Illuminate\\Http\\Request), Object(Closure))
#37 /home/berandah/subdomains/panel.berandahukum.com/vendor/laravel/framework/src/Illuminate/Foundation/Http/Middleware/PreventRequestsDuringMaintenance.php(86): Illuminate\\Pipeline\\Pipeline->Illuminate\\Pipeline\\{closure}(Object(Illuminate\\Http\\Request))
#38 /home/berandah/subdomains/panel.berandahukum.com/vendor/laravel/framework/src/Illuminate/Pipeline/Pipeline.php(167): Illuminate\\Foundation\\Http\\Middleware\\PreventRequestsDuringMaintenance->handle(Object(Illuminate\\Http\\Request), Object(Closure))
#39 /home/berandah/subdomains/panel.berandahukum.com/vendor/fruitcake/laravel-cors/src/HandleCors.php(37): Illuminate\\Pipeline\\Pipeline->Illuminate\\Pipeline\\{closure}(Object(Illuminate\\Http\\Request))
#40 /home/berandah/subdomains/panel.berandahukum.com/vendor/laravel/framework/src/Illuminate/Pipeline/Pipeline.php(167): Fruitcake\\Cors\\HandleCors->handle(Object(Illuminate\\Http\\Request), Object(Closure))
#41 /home/berandah/subdomains/panel.berandahukum.com/vendor/fideloper/proxy/src/TrustProxies.php(57): Illuminate\\Pipeline\\Pipeline->Illuminate\\Pipeline\\{closure}(Object(Illuminate\\Http\\Request))
#42 /home/berandah/subdomains/panel.berandahukum.com/vendor/laravel/framework/src/Illuminate/Pipeline/Pipeline.php(167): Fideloper\\Proxy\\TrustProxies->handle(Object(Illuminate\\Http\\Request), Object(Closure))
#43 /home/berandah/subdomains/panel.berandahukum.com/vendor/laravel/framework/src/Illuminate/Pipeline/Pipeline.php(103): Illuminate\\Pipeline\\Pipeline->Illuminate\\Pipeline\\{closure}(Object(Illuminate\\Http\\Request))
#44 /home/berandah/subdomains/panel.berandahukum.com/vendor/laravel/framework/src/Illuminate/Foundation/Http/Kernel.php(141): Illuminate\\Pipeline\\Pipeline->then(Object(Closure))
#45 /home/berandah/subdomains/panel.berandahukum.com/vendor/laravel/framework/src/Illuminate/Foundation/Http/Kernel.php(110): Illuminate\\Foundation\\Http\\Kernel->sendRequestThroughRouter(Object(Illuminate\\Http\\Request))
#46 /home/berandah/subdomains/panel.berandahukum.com/public/index.php(52): Illuminate\\Foundation\\Http\\Kernel->handle(Object(Illuminate\\Http\\Request))
#47 {main}
"} 
[2026-09-24 16:00:53] testing.ERROR: SQLSTATE[HY000]: General error: 1 no such table: blocked_ips (SQL: select exists(select * from "blocked_ips" where "ip_address" = 127.0.0.1) as "exists") {"exception":"[object] (Illuminate\\Database\\QueryException(code: HY000): SQLSTATE[HY000]: General error: 1 no such table: blocked_ips (SQL: select exists(select * from \"blocked_ips\" where \"ip_address\" = 127.0.0.1) as \"exists\") at /home/padikering/Documents/KERJA/penel-berandahukum/vendor/laravel/framework/src/Illuminate/Database/Connection.php:712)
[stacktrace]
#0 /home/padikering/Documents/KERJA/penel-berandahukum/vendor/laravel/framework/src/Illuminate/Database/Connection.php(672): Illuminate\\Database\\Connection->runQueryCallback()
#1 /home/padikering/Documents/KERJA/penel-berandahukum/vendor/laravel/framework/src/Illuminate/Database/Connection.php(359): Illuminate\\Database\\Connection->run()
#2 /home/padikering/Documents/KERJA/penel-berandahukum/vendor/laravel/framework/src/Illuminate/Database/Query/Builder.php(2735): Illuminate\\Database\\Connection->select()
#3 /home/padikering/Documents/KERJA/penel-berandahukum/vendor/laravel/framework/src/Illuminate/Database/Eloquent/Builder.php(1657): Illuminate\\Database\\Query\\Builder->exists()
#4 /home/padikering/Documents/KERJA/penel-berandahukum/app/Http/Middleware/CheckBlockedIp.php(19): Illuminate\\Database\\Eloquent\\Builder->__call()
#5 /home/padikering/Documents/KERJA/penel-berandahukum/vendor/laravel/framework/src/Illuminate/Pipeline/Pipeline.php(167): App\\Http\\Middleware\\CheckBlockedIp->handle()
#6 /home/padikering/Documents/KERJA/penel-berandahukum/vendor/laravel/framework/src/Illuminate/Routing/Middleware/SubstituteBindings.php(50): Illuminate\\Pipeline\\Pipeline->{closure:{closure:Illuminate\\Pipeline\\Pipeline::carry():142}:143}()
#7 /home/padikering/Documents/KERJA/penel-berandahukum/vendor/laravel/framework/src/Illuminate/Pipeline/Pipeline.php(167): Illuminate\\Routing\\Middleware\\SubstituteBindings->handle()
#8 /home/padikering/Documents/KERJA/penel-berandahukum/vendor/laravel/framework/src/Illuminate/Foundation/Http/Middleware/VerifyCsrfToken.php(78): Illuminate\\Pipeline\\Pipeline->{closure:{closure:Illuminate\\Pipeline\\Pipeline::carry():142}:143}()
#9 /home/padikering/Documents/KERJA/penel-berandahukum/vendor/laravel/framework/src/Illuminate/Pipeline/Pipeline.php(167): Illuminate\\Foundation\\Http\\Middleware\\VerifyCsrfToken->handle()
#10 /home/padikering/Documents/KERJA/penel-berandahukum/vendor/laravel/framework/src/Illuminate/View/Middleware/ShareErrorsFromSession.php(49): Illuminate\\Pipeline\\Pipeline->{closure:{closure:Illuminate\\Pipeline\\Pipeline::carry():142}:143}()
#11 /home/padikering/Documents/KERJA/penel-berandahukum/vendor/laravel/framework/src/Illuminate/Pipeline/Pipeline.php(167): Illuminate\\View\\Middleware\\ShareErrorsFromSession->handle()
#12 /home/padikering/Documents/KERJA/penel-berandahukum/vendor/laravel/framework/src/Illuminate/Session/Middleware/StartSession.php(121): Illuminate\\Pipeline\\Pipeline->{closure:{closure:Illuminate\\Pipeline\\Pipeline::carry():142}:143}()
#13 /home/padikering/Documents/KERJA/penel-berandahukum/vendor/laravel/framework/src/Illuminate/Session/Middleware/StartSession.php(64): Illuminate\\Session\\Middleware\\StartSession->handleStatefulRequest()
#14 /home/padikering/Documents/KERJA/penel-berandahukum/vendor/laravel/framework/src/Illuminate/Pipeline/Pipeline.php(167): Illuminate\\Session\\Middleware\\StartSession->handle()
#15 /home/padikering/Documents/KERJA/penel-berandahukum/vendor/laravel/framework/src/Illuminate/Cookie/Middleware/AddQueuedCookiesToResponse.php(37): Illuminate\\Pipeline\\Pipeline->{closure:{closure:Illuminate\\Pipeline\\Pipeline::carry():142}:143}()
#16 /home/padikering/Documents/KERJA/penel-berandahukum/vendor/laravel/framework/src/Illuminate/Pipeline/Pipeline.php(167): Illuminate\\Cookie\\Middleware\\AddQueuedCookiesToResponse->handle()
#17 /home/padikering/Documents/KERJA/penel-berandahukum/vendor/laravel/framework/src/Illuminate/Cookie/Middleware/EncryptCookies.php(67): Illuminate\\Pipeline\\Pipeline->{closure:{closure:Illuminate\\Pipeline\\Pipeline::carry():142}:143}()
#18 /home/padikering/Documents/KERJA/penel-berandahukum/vendor/laravel/framework/src/Illuminate/Pipeline/Pipeline.php(167): Illuminate\\Cookie\\Middleware\\EncryptCookies->handle()
#19 /home/padikering/Documents/KERJA/penel-berandahukum/vendor/laravel/framework/src/Illuminate/Pipeline/Pipeline.php(103): Illuminate\\Pipeline\\Pipeline->{closure:{closure:Illuminate\\Pipeline\\Pipeline::carry():142}:143}()
#20 /home/padikering/Documents/KERJA/penel-berandahukum/vendor/laravel/framework/src/Illuminate/Routing/Router.php(719): Illuminate\\Pipeline\\Pipeline->then()
#21 /home/padikering/Documents/KERJA/penel-berandahukum/vendor/laravel/framework/src/Illuminate/Routing/Router.php(698): Illuminate\\Routing\\Router->runRouteWithinStack()
#22 /home/padikering/Documents/KERJA/penel-berandahukum/vendor/laravel/framework/src/Illuminate/Routing/Router.php(662): Illuminate\\Routing\\Router->runRoute()
#23 /home/padikering/Documents/KERJA/penel-berandahukum/vendor/laravel/framework/src/Illuminate/Routing/Router.php(651): Illuminate\\Routing\\Router->dispatchToRoute()
#24 /home/padikering/Documents/KERJA/penel-berandahukum/vendor/laravel/framework/src/Illuminate/Foundation/Http/Kernel.php(167): Illuminate\\Routing\\Router->dispatch()
#25 /home/padikering/Documents/KERJA/penel-berandahukum/vendor/laravel/framework/src/Illuminate/Pipeline/Pipeline.php(128): Illuminate\\Foundation\\Http\\Kernel->{closure:Illuminate\\Foundation\\Http\\Kernel::dispatchToRouter():164}()
#26 /home/padikering/Documents/KERJA/penel-berandahukum/vendor/laravel/framework/src/Illuminate/Foundation/Http/Middleware/TransformsRequest.php(21): Illuminate\\Pipeline\\Pipeline->{closure:Illuminate\\Pipeline\\Pipeline::prepareDestination():126}()
#27 /home/padikering/Documents/KERJA/penel-berandahukum/vendor/laravel/framework/src/Illuminate/Foundation/Http/Middleware/ConvertEmptyStringsToNull.php(31): Illuminate\\Foundation\\Http\\Middleware\\TransformsRequest->handle()
#28 /home/padikering/Documents/KERJA/penel-berandahukum/vendor/laravel/framework/src/Illuminate/Pipeline/Pipeline.php(167): Illuminate\\Foundation\\Http\\Middleware\\ConvertEmptyStringsToNull->handle()
#29 /home/padikering/Documents/KERJA/penel-berandahukum/vendor/laravel/framework/src/Illuminate/Foundation/Http/Middleware/TransformsRequest.php(21): Illuminate\\Pipeline\\Pipeline->{closure:{closure:Illuminate\\Pipeline\\Pipeline::carry():142}:143}()
#30 /home/padikering/Documents/KERJA/penel-berandahukum/vendor/laravel/framework/src/Illuminate/Foundation/Http/Middleware/TrimStrings.php(40): Illuminate\\Foundation\\Http\\Middleware\\TransformsRequest->handle()
#31 /home/padikering/Documents/KERJA/penel-berandahukum/vendor/laravel/framework/src/Illuminate/Pipeline/Pipeline.php(167): Illuminate\\Foundation\\Http\\Middleware\\TrimStrings->handle()
#32 /home/padikering/Documents/KERJA/penel-berandahukum/vendor/laravel/framework/src/Illuminate/Foundation/Http/Middleware/ValidatePostSize.php(27): Illuminate\\Pipeline\\Pipeline->{closure:{closure:Illuminate\\Pipeline\\Pipeline::carry():142}:143}()
#33 /home/padikering/Documents/KERJA/penel-berandahukum/vendor/laravel/framework/src/Illuminate/Pipeline/Pipeline.php(167): Illuminate\\Foundation\\Http\\Middleware\\ValidatePostSize->handle()
#34 /home/padikering/Documents/KERJA/penel-berandahukum/vendor/laravel/framework/src/Illuminate/Foundation/Http/Middleware/PreventRequestsDuringMaintenance.php(86): Illuminate\\Pipeline\\Pipeline->{closure:{closure:Illuminate\\Pipeline\\Pipeline::carry():142}:143}()
#35 /home/padikering/Documents/KERJA/penel-berandahukum/vendor/laravel/framework/src/Illuminate/Pipeline/Pipeline.php(167): Illuminate\\Foundation\\Http\\Middleware\\PreventRequestsDuringMaintenance->handle()
#36 /home/padikering/Documents/KERJA/penel-berandahukum/vendor/fruitcake/laravel-cors/src/HandleCors.php(38): Illuminate\\Pipeline\\Pipeline->{closure:{closure:Illuminate\\Pipeline\\Pipeline::carry():142}:143}()
#37 /home/padikering/Documents/KERJA/penel-berandahukum/vendor/laravel/framework/src/Illuminate/Pipeline/Pipeline.php(167): Fruitcake\\Cors\\HandleCors->handle()
#38 /home/padikering/Documents/KERJA/penel-berandahukum/vendor/fideloper/proxy/src/TrustProxies.php(57): Illuminate\\Pipeline\\Pipeline->{closure:{closure:Illuminate\\Pipeline\\Pipeline::carry():142}:143}()
#39 /home/padikering/Documents/KERJA/penel-berandahukum/vendor/laravel/framework/src/Illuminate/Pipeline/Pipeline.php(167): Fideloper\\Proxy\\TrustProxies->handle()
#40 /home/padikering/Documents/KERJA/penel-berandahukum/vendor/laravel/framework/src/Illuminate/Pipeline/Pipeline.php(103): Illuminate\\Pipeline\\Pipeline->{closure:{closure:Illuminate\\Pipeline\\Pipeline::carry():142}:143}()
#41 /home/padikering/Documents/KERJA/penel-berandahukum/vendor/laravel/framework/src/Illuminate/Foundation/Http/Kernel.php(142): Illuminate\\Pipeline\\Pipeline->then()
#42 /home/padikering/Documents/KERJA/penel-berandahukum/vendor/laravel/framework/src/Illuminate/Foundation/Http/Kernel.php(111): Illuminate\\Foundation\\Http\\Kernel->sendRequestThroughRouter()
#43 /home/padikering/Documents/KERJA/penel-berandahukum/vendor/laravel/framework/src/Illuminate/Foundation/Testing/Concerns/MakesHttpRequests.php(509): Illuminate\\Foundation\\Http\\Kernel->handle()
#44 /home/padikering/Documents/KERJA/penel-berandahukum/vendor/laravel/framework/src/Illuminate/Foundation/Testing/Concerns/MakesHttpRequests.php(294): Illuminate\\Foundation\\Testing\\TestCase->call()
#45 /home/padikering/Documents/KERJA/penel-berandahukum/tests/Feature/ExampleTest.php(17): Illuminate\\Foundation\\Testing\\TestCase->get()
#46 /home/padikering/Documents/KERJA/penel-berandahukum/vendor/phpunit/phpunit/src/Framework/TestCase.php(1617): Tests\\Feature\\ExampleTest->testBasicTest()
#47 /home/padikering/Documents/KERJA/penel-berandahukum/vendor/phpunit/phpunit/src/Framework/TestCase.php(1223): PHPUnit\\Framework\\TestCase->runTest()
#48 /home/padikering/Documents/KERJA/penel-berandahukum/vendor/phpunit/phpunit/src/Framework/TestResult.php(729): PHPUnit\\Framework\\TestCase->runBare()
#49 /home/padikering/Documents/KERJA/penel-berandahukum/vendor/phpunit/phpunit/src/Framework/TestCase.php(973): PHPUnit\\Framework\\TestResult->run()
#50 /home/padikering/Documents/KERJA/penel-berandahukum/vendor/phpunit/phpunit/src/Framework/TestSuite.php(685): PHPUnit\\Framework\\TestCase->run()
#51 /home/padikering/Documents/KERJA/penel-berandahukum/vendor/phpunit/phpunit/src/Framework/TestSuite.php(685): PHPUnit\\Framework\\TestSuite->run()
#52 /home/padikering/Documents/KERJA/penel-berandahukum/vendor/phpunit/phpunit/src/Framework/TestSuite.php(685): PHPUnit\\Framework\\TestSuite->run()
#53 /home/padikering/Documents/KERJA/penel-berandahukum/vendor/phpunit/phpunit/src/TextUI/TestRunner.php(651): PHPUnit\\Framework\\TestSuite->run()
#54 /home/padikering/Documents/KERJA/penel-berandahukum/vendor/phpunit/phpunit/src/TextUI/Command.php(146): PHPUnit\\TextUI\\TestRunner->run()
#55 /home/padikering/Documents/KERJA/penel-berandahukum/vendor/phpunit/phpunit/src/TextUI/Command.php(99): PHPUnit\\TextUI\\Command->run()
#56 /home/padikering/Documents/KERJA/penel-berandahukum/vendor/phpunit/phpunit/phpunit(107): PHPUnit\\TextUI\\Command::main()
#57 /home/padikering/Documents/KERJA/penel-berandahukum/vendor/bin/phpunit(122): include('...')
#58 {main}

[previous exception] [object] (PDOException(code: HY000): SQLSTATE[HY000]: General error: 1 no such table: blocked_ips at /home/padikering/Documents/KERJA/penel-berandahukum/vendor/laravel/framework/src/Illuminate/Database/Connection.php:368)
[stacktrace]
#0 /home/padikering/Documents/KERJA/penel-berandahukum/vendor/laravel/framework/src/Illuminate/Database/Connection.php(368): PDO->prepare()
#1 /home/padikering/Documents/KERJA/penel-berandahukum/vendor/laravel/framework/src/Illuminate/Database/Connection.php(705): Illuminate\\Database\\Connection->{closure:Illuminate\\Database\\Connection::select():359}()
#2 /home/padikering/Documents/KERJA/penel-berandahukum/vendor/laravel/framework/src/Illuminate/Database/Connection.php(672): Illuminate\\Database\\Connection->runQueryCallback()
#3 /home/padikering/Documents/KERJA/penel-berandahukum/vendor/laravel/framework/src/Illuminate/Database/Connection.php(359): Illuminate\\Database\\Connection->run()
#4 /home/padikering/Documents/KERJA/penel-berandahukum/vendor/laravel/framework/src/Illuminate/Database/Query/Builder.php(2735): Illuminate\\Database\\Connection->select()
#5 /home/padikering/Documents/KERJA/penel-berandahukum/vendor/laravel/framework/src/Illuminate/Database/Eloquent/Builder.php(1657): Illuminate\\Database\\Query\\Builder->exists()
#6 /home/padikering/Documents/KERJA/penel-berandahukum/app/Http/Middleware/CheckBlockedIp.php(19): Illuminate\\Database\\Eloquent\\Builder->__call()
#7 /home/padikering/Documents/KERJA/penel-berandahukum/vendor/laravel/framework/src/Illuminate/Pipeline/Pipeline.php(167): App\\Http\\Middleware\\CheckBlockedIp->handle()
#8 /home/padikering/Documents/KERJA/penel-berandahukum/vendor/laravel/framework/src/Illuminate/Routing/Middleware/SubstituteBindings.php(50): Illuminate\\Pipeline\\Pipeline->{closure:{closure:Illuminate\\Pipeline\\Pipeline::carry():142}:143}()
#9 /home/padikering/Documents/KERJA/penel-berandahukum/vendor/laravel/framework/src/Illuminate/Pipeline/Pipeline.php(167): Illuminate\\Routing\\Middleware\\SubstituteBindings->handle()
#10 /home/padikering/Documents/KERJA/penel-berandahukum/vendor/laravel/framework/src/Illuminate/Foundation/Http/Middleware/VerifyCsrfToken.php(78): Illuminate\\Pipeline\\Pipeline->{closure:{closure:Illuminate\\Pipeline\\Pipeline::carry():142}:143}()
#11 /home/padikering/Documents/KERJA/penel-berandahukum/vendor/laravel/framework/src/Illuminate/Pipeline/Pipeline.php(167): Illuminate\\Foundation\\Http\\Middleware\\VerifyCsrfToken->handle()
#12 /home/padikering/Documents/KERJA/penel-berandahukum/vendor/laravel/framework/src/Illuminate/View/Middleware/ShareErrorsFromSession.php(49): Illuminate\\Pipeline\\Pipeline->{closure:{closure:Illuminate\\Pipeline\\Pipeline::carry():142}:143}()
#13 /home/padikering/Documents/KERJA/penel-berandahukum/vendor/laravel/framework/src/Illuminate/Pipeline/Pipeline.php(167): Illuminate\\View\\Middleware\\ShareErrorsFromSession->handle()
#14 /home/padikering/Documents/KERJA/penel-berandahukum/vendor/laravel/framework/src/Illuminate/Session/Middleware/StartSession.php(121): Illuminate\\Pipeline\\Pipeline->{closure:{closure:Illuminate\\Pipeline\\Pipeline::carry():142}:143}()
#15 /home/padikering/Documents/KERJA/penel-berandahukum/vendor/laravel/framework/src/Illuminate/Session/Middleware/StartSession.php(64): Illuminate\\Session\\Middleware\\StartSession->handleStatefulRequest()
#16 /home/padikering/Documents/KERJA/penel-berandahukum/vendor/laravel/framework/src/Illuminate/Pipeline/Pipeline.php(167): Illuminate\\Session\\Middleware\\StartSession->handle()
#17 /home/padikering/Documents/KERJA/penel-berandahukum/vendor/laravel/framework/src/Illuminate/Cookie/Middleware/AddQueuedCookiesToResponse.php(37): Illuminate\\Pipeline\\Pipeline->{closure:{closure:Illuminate\\Pipeline\\Pipeline::carry():142}:143}()
#18 /home/padikering/Documents/KERJA/penel-berandahukum/vendor/laravel/framework/src/Illuminate/Pipeline/Pipeline.php(167): Illuminate\\Cookie\\Middleware\\AddQueuedCookiesToResponse->handle()
#19 /home/padikering/Documents/KERJA/penel-berandahukum/vendor/laravel/framework/src/Illuminate/Cookie/Middleware/EncryptCookies.php(67): Illuminate\\Pipeline\\Pipeline->{closure:{closure:Illuminate\\Pipeline\\Pipeline::carry():142}:143}()
#20 /home/padikering/Documents/KERJA/penel-berandahukum/vendor/laravel/framework/src/Illuminate/Pipeline/Pipeline.php(167): Illuminate\\Cookie\\Middleware\\EncryptCookies->handle()
#21 /home/padikering/Documents/KERJA/penel-berandahukum/vendor/laravel/framework/src/Illuminate/Pipeline/Pipeline.php(103): Illuminate\\Pipeline\\Pipeline->{closure:{closure:Illuminate\\Pipeline\\Pipeline::carry():142}:143}()
#22 /home/padikering/Documents/KERJA/penel-berandahukum/vendor/laravel/framework/src/Illuminate/Routing/Router.php(719): Illuminate\\Pipeline\\Pipeline->then()
#23 /home/padikering/Documents/KERJA/penel-berandahukum/vendor/laravel/framework/src/Illuminate/Routing/Router.php(698): Illuminate\\Routing\\Router->runRouteWithinStack()
#24 /home/padikering/Documents/KERJA/penel-berandahukum/vendor/laravel/framework/src/Illuminate/Routing/Router.php(662): Illuminate\\Routing\\Router->runRoute()
#25 /home/padikering/Documents/KERJA/penel-berandahukum/vendor/laravel/framework/src/Illuminate/Routing/Router.php(651): Illuminate\\Routing\\Router->dispatchToRoute()
#26 /home/padikering/Documents/KERJA/penel-berandahukum/vendor/laravel/framework/src/Illuminate/Foundation/Http/Kernel.php(167): Illuminate\\Routing\\Router->dispatch()
#27 /home/padikering/Documents/KERJA/penel-berandahukum/vendor/laravel/framework/src/Illuminate/Pipeline/Pipeline.php(128): Illuminate\\Foundation\\Http\\Kernel->{closure:Illuminate\\Foundation\\Http\\Kernel::dispatchToRouter():164}()
#28 /home/padikering/Documents/KERJA/penel-berandahukum/vendor/laravel/framework/src/Illuminate/Foundation/Http/Middleware/TransformsRequest.php(21): Illuminate\\Pipeline\\Pipeline->{closure:Illuminate\\Pipeline\\Pipeline::prepareDestination():126}()
#29 /home/padikering/Documents/KERJA/penel-berandahukum/vendor/laravel/framework/src/Illuminate/Foundation/Http/Middleware/ConvertEmptyStringsToNull.php(31): Illuminate\\Foundation\\Http\\Middleware\\TransformsRequest->handle()
#30 /home/padikering/Documents/KERJA/penel-berandahukum/vendor/laravel/framework/src/Illuminate/Pipeline/Pipeline.php(167): Illuminate\\Foundation\\Http\\Middleware\\ConvertEmptyStringsToNull->handle()
#31 /home/padikering/Documents/KERJA/penel-berandahukum/vendor/laravel/framework/src/Illuminate/Foundation/Http/Middleware/TransformsRequest.php(21): Illuminate\\Pipeline\\Pipeline->{closure:{closure:Illuminate\\Pipeline\\Pipeline::carry():142}:143}()
#32 /home/padikering/Documents/KERJA/penel-berandahukum/vendor/laravel/framework/src/Illuminate/Foundation/Http/Middleware/TrimStrings.php(40): Illuminate\\Foundation\\Http\\Middleware\\TransformsRequest->handle()
#33 /home/padikering/Documents/KERJA/penel-berandahukum/vendor/laravel/framework/src/Illuminate/Pipeline/Pipeline.php(167): Illuminate\\Foundation\\Http\\Middleware\\TrimStrings->handle()
#34 /home/padikering/Documents/KERJA/penel-berandahukum/vendor/laravel/framework/src/Illuminate/Foundation/Http/Middleware/ValidatePostSize.php(27): Illuminate\\Pipeline\\Pipeline->{closure:{closure:Illuminate\\Pipeline\\Pipeline::carry():142}:143}()
#35 /home/padikering/Documents/KERJA/penel-berandahukum/vendor/laravel/framework/src/Illuminate/Pipeline/Pipeline.php(167): Illuminate\\Foundation\\Http\\Middleware\\ValidatePostSize->handle()
#36 /home/padikering/Documents/KERJA/penel-berandahukum/vendor/laravel/framework/src/Illuminate/Foundation/Http/Middleware/PreventRequestsDuringMaintenance.php(86): Illuminate\\Pipeline\\Pipeline->{closure:{closure:Illuminate\\Pipeline\\Pipeline::carry():142}:143}()
#37 /home/padikering/Documents/KERJA/penel-berandahukum/vendor/laravel/framework/src/Illuminate/Pipeline/Pipeline.php(167): Illuminate\\Foundation\\Http\\Middleware\\PreventRequestsDuringMaintenance->handle()
#38 /home/padikering/Documents/KERJA/penel-berandahukum/vendor/fruitcake/laravel-cors/src/HandleCors.php(38): Illuminate\\Pipeline\\Pipeline->{closure:{closure:Illuminate\\Pipeline\\Pipeline::carry():142}:143}()
#39 /home/padikering/Documents/KERJA/penel-berandahukum/vendor/laravel/framework/src/Illuminate/Pipeline/Pipeline.php(167): Fruitcake\\Cors\\HandleCors->handle()
#40 /home/padikering/Documents/KERJA/penel-berandahukum/vendor/fideloper/proxy/src/TrustProxies.php(57): Illuminate\\Pipeline\\Pipeline->{closure:{closure:Illuminate\\Pipeline\\Pipeline::carry():142}:143}()
#41 /home/padikering/Documents/KERJA/penel-berandahukum/vendor/laravel/framework/src/Illuminate/Pipeline/Pipeline.php(167): Fideloper\\Proxy\\TrustProxies->handle()
#42 /home/padikering/Documents/KERJA/penel-berandahukum/vendor/laravel/framework/src/Illuminate/Pipeline/Pipeline.php(103): Illuminate\\Pipeline\\Pipeline->{closure:{closure:Illuminate\\Pipeline\\Pipeline::carry():142}:143}()
#43 /home/padikering/Documents/KERJA/penel-berandahukum/vendor/laravel/framework/src/Illuminate/Foundation/Http/Kernel.php(142): Illuminate\\Pipeline\\Pipeline->then()
#44 /home/padikering/Documents/KERJA/penel-berandahukum/vendor/laravel/framework/src/Illuminate/Foundation/Http/Kernel.php(111): Illuminate\\Foundation\\Http\\Kernel->sendRequestThroughRouter()
#45 /home/padikering/Documents/KERJA/penel-berandahukum/vendor/laravel/framework/src/Illuminate/Foundation/Testing/Concerns/MakesHttpRequests.php(509): Illuminate\\Foundation\\Http\\Kernel->handle()
#46 /home/padikering/Documents/KERJA/penel-berandahukum/vendor/laravel/framework/src/Illuminate/Foundation/Testing/Concerns/MakesHttpRequests.php(294): Illuminate\\Foundation\\Testing\\TestCase->call()
#47 /home/padikering/Documents/KERJA/penel-berandahukum/tests/Feature/ExampleTest.php(17): Illuminate\\Foundation\\Testing\\TestCase->get()
#48 /home/padikering/Documents/KERJA/penel-berandahukum/vendor/phpunit/phpunit/src/Framework/TestCase.php(1617): Tests\\Feature\\ExampleTest->testBasicTest()
#49 /home/padikering/Documents/KERJA/penel-berandahukum/vendor/phpunit/phpunit/src/Framework/TestCase.php(1223): PHPUnit\\Framework\\TestCase->runTest()
#50 /home/padikering/Documents/KERJA/penel-berandahukum/vendor/phpunit/phpunit/src/Framework/TestResult.php(729): PHPUnit\\Framework\\TestCase->runBare()
#51 /home/padikering/Documents/KERJA/penel-berandahukum/vendor/phpunit/phpunit/src/Framework/TestCase.php(973): PHPUnit\\Framework\\TestResult->run()
#52 /home/padikering/Documents/KERJA/penel-berandahukum/vendor/phpunit/phpunit/src/Framework/TestSuite.php(685): PHPUnit\\Framework\\TestCase->run()
#53 /home/padikering/Documents/KERJA/penel-berandahukum/vendor/phpunit/phpunit/src/Framework/TestSuite.php(685): PHPUnit\\Framework\\TestSuite->run()
#54 /home/padikering/Documents/KERJA/penel-berandahukum/vendor/phpunit/phpunit/src/Framework/TestSuite.php(685): PHPUnit\\Framework\\TestSuite->run()
#55 /home/padikering/Documents/KERJA/penel-berandahukum/vendor/phpunit/phpunit/src/TextUI/TestRunner.php(651): PHPUnit\\Framework\\TestSuite->run()
#56 /home/padikering/Documents/KERJA/penel-berandahukum/vendor/phpunit/phpunit/src/TextUI/Command.php(146): PHPUnit\\TextUI\\TestRunner->run()
#57 /home/padikering/Documents/KERJA/penel-berandahukum/vendor/phpunit/phpunit/src/TextUI/Command.php(99): PHPUnit\\TextUI\\Command->run()
#58 /home/padikering/Documents/KERJA/penel-berandahukum/vendor/phpunit/phpunit/phpunit(107): PHPUnit\\TextUI\\Command::main()
#59 /home/padikering/Documents/KERJA/penel-berandahukum/vendor/bin/phpunit(122): include('...')
#60 {main}
"} 
[2026-09-24 16:30:14] local.ERROR: SQLSTATE[HY000]: General error: 1 no such table: detail_barang_masuks (SQL: select * from "detail_barang_masuks" where ("stock_in_id" = 1 and "gudang_barang_id" = 1) and "detail_barang_masuks"."deleted_at" is null limit 1) {"exception":"[object] (Illuminate\\Database\\QueryException(code: HY000): SQLSTATE[HY000]: General error: 1 no such table: detail_barang_masuks (SQL: select * from \"detail_barang_masuks\" where (\"stock_in_id\" = 1 and \"gudang_barang_id\" = 1) and \"detail_barang_masuks\".\"deleted_at\" is null limit 1) at /home/padikering/Documents/KERJA/penel-berandahukum/vendor/laravel/framework/src/Illuminate/Database/Connection.php:712)
[stacktrace]
#0 /home/padikering/Documents/KERJA/penel-berandahukum/vendor/laravel/framework/src/Illuminate/Database/Connection.php(672): Illuminate\\Database\\Connection->runQueryCallback()
#1 /home/padikering/Documents/KERJA/penel-berandahukum/vendor/laravel/framework/src/Illuminate/Database/Connection.php(359): Illuminate\\Database\\Connection->run()
#2 /home/padikering/Documents/KERJA/penel-berandahukum/vendor/laravel/framework/src/Illuminate/Database/Query/Builder.php(2413): Illuminate\\Database\\Connection->select()
#3 /home/padikering/Documents/KERJA/penel-berandahukum/vendor/laravel/framework/src/Illuminate/Database/Query/Builder.php(2402): Illuminate\\Database\\Query\\Builder->runSelect()
#4 /home/padikering/Documents/KERJA/penel-berandahukum/vendor/laravel/framework/src/Illuminate/Database/Query/Builder.php(2936): Illuminate\\Database\\Query\\Builder->{closure:Illuminate\\Database\\Query\\Builder::get():2401}()
#5 /home/padikering/Documents/KERJA/penel-berandahukum/vendor/laravel/framework/src/Illuminate/Database/Query/Builder.php(2401): Illuminate\\Database\\Query\\Builder->onceWithColumns()
#6 /home/padikering/Documents/KERJA/penel-berandahukum/vendor/laravel/framework/src/Illuminate/Database/Eloquent/Builder.php(625): Illuminate\\Database\\Query\\Builder->get()
#7 /home/padikering/Documents/KERJA/penel-berandahukum/vendor/laravel/framework/src/Illuminate/Database/Eloquent/Builder.php(609): Illuminate\\Database\\Eloquent\\Builder->getModels()
#8 /home/padikering/Documents/KERJA/penel-berandahukum/vendor/laravel/framework/src/Illuminate/Database/Concerns/BuildsQueries.php(294): Illuminate\\Database\\Eloquent\\Builder->get()
#9 /home/padikering/Documents/KERJA/penel-berandahukum/vendor/laravel/framework/src/Illuminate/Database/Eloquent/Builder.php(474): Illuminate\\Database\\Eloquent\\Builder->first()
#10 /home/padikering/Documents/KERJA/penel-berandahukum/vendor/laravel/framework/src/Illuminate/Database/Eloquent/Builder.php(508): Illuminate\\Database\\Eloquent\\Builder->firstOrNew()
#11 /home/padikering/Documents/KERJA/penel-berandahukum/vendor/laravel/framework/src/Illuminate/Support/Traits/ForwardsCalls.php(23): Illuminate\\Database\\Eloquent\\Builder->updateOrCreate()
#12 /home/padikering/Documents/KERJA/penel-berandahukum/vendor/laravel/framework/src/Illuminate/Database/Eloquent/Model.php(2132): Illuminate\\Database\\Eloquent\\Model->forwardCallTo()
#13 /home/padikering/Documents/KERJA/penel-berandahukum/vendor/laravel/framework/src/Illuminate/Database/Eloquent/Model.php(2144): Illuminate\\Database\\Eloquent\\Model->__call()
#14 /home/padikering/Documents/KERJA/penel-berandahukum/database/seeders/ComprehensiveDatabaseSeeder.php(327): Illuminate\\Database\\Eloquent\\Model::__callStatic()
#15 /home/padikering/Documents/KERJA/penel-berandahukum/vendor/laravel/framework/src/Illuminate/Container/BoundMethod.php(36): Database\\Seeders\\ComprehensiveDatabaseSeeder->run()
#16 /home/padikering/Documents/KERJA/penel-berandahukum/vendor/laravel/framework/src/Illuminate/Container/Util.php(40): Illuminate\\Container\\BoundMethod::{closure:Illuminate\\Container\\BoundMethod::call():35}()
#17 /home/padikering/Documents/KERJA/penel-berandahukum/vendor/laravel/framework/src/Illuminate/Container/BoundMethod.php(93): Illuminate\\Container\\Util::unwrapIfClosure()
#18 /home/padikering/Documents/KERJA/penel-berandahukum/vendor/laravel/framework/src/Illuminate/Container/BoundMethod.php(35): Illuminate\\Container\\BoundMethod::callBoundMethod()
#19 /home/padikering/Documents/KERJA/penel-berandahukum/vendor/laravel/framework/src/Illuminate/Container/Container.php(653): Illuminate\\Container\\BoundMethod::call()
#20 /home/padikering/Documents/KERJA/penel-berandahukum/vendor/laravel/framework/src/Illuminate/Database/Seeder.php(149): Illuminate\\Container\\Container->call()
#21 /home/padikering/Documents/KERJA/penel-berandahukum/vendor/laravel/framework/src/Illuminate/Database/Console/Seeds/SeedCommand.php(66): Illuminate\\Database\\Seeder->__invoke()
#22 /home/padikering/Documents/KERJA/penel-berandahukum/vendor/laravel/framework/src/Illuminate/Database/Eloquent/Concerns/GuardsAttributes.php(157): Illuminate\\Database\\Console\\Seeds\\SeedCommand->{closure:Illuminate\\Database\\Console\\Seeds\\SeedCommand::handle():65}()
#23 /home/padikering/Documents/KERJA/penel-berandahukum/vendor/laravel/framework/src/Illuminate/Database/Console/Seeds/SeedCommand.php(65): Illuminate\\Database\\Eloquent\\Model::unguarded()
#24 /home/padikering/Documents/KERJA/penel-berandahukum/vendor/laravel/framework/src/Illuminate/Container/BoundMethod.php(36): Illuminate\\Database\\Console\\Seeds\\SeedCommand->handle()
#25 /home/padikering/Documents/KERJA/penel-berandahukum/vendor/laravel/framework/src/Illuminate/Container/Util.php(40): Illuminate\\Container\\BoundMethod::{closure:Illuminate\\Container\\BoundMethod::call():35}()
#26 /home/padikering/Documents/KERJA/penel-berandahukum/vendor/laravel/framework/src/Illuminate/Container/BoundMethod.php(93): Illuminate\\Container\\Util::unwrapIfClosure()
#27 /home/padikering/Documents/KERJA/penel-berandahukum/vendor/laravel/framework/src/Illuminate/Container/BoundMethod.php(35): Illuminate\\Container\\BoundMethod::callBoundMethod()
#28 /home/padikering/Documents/KERJA/penel-berandahukum/vendor/laravel/framework/src/Illuminate/Container/Container.php(653): Illuminate\\Container\\BoundMethod::call()
#29 /home/padikering/Documents/KERJA/penel-berandahukum/vendor/laravel/framework/src/Illuminate/Console/Command.php(136): Illuminate\\Container\\Container->call()
#30 /home/padikering/Documents/KERJA/penel-berandahukum/vendor/symfony/console/Command/Command.php(298): Illuminate\\Console\\Command->execute()
#31 /home/padikering/Documents/KERJA/penel-berandahukum/vendor/laravel/framework/src/Illuminate/Console/Command.php(120): Symfony\\Component\\Console\\Command\\Command->run()
#32 /home/padikering/Documents/KERJA/penel-berandahukum/vendor/symfony/console/Application.php(1040): Illuminate\\Console\\Command->run()
#33 /home/padikering/Documents/KERJA/penel-berandahukum/vendor/symfony/console/Application.php(301): Symfony\\Component\\Console\\Application->doRunCommand()
#34 /home/padikering/Documents/KERJA/penel-berandahukum/vendor/symfony/console/Application.php(171): Symfony\\Component\\Console\\Application->doRun()
#35 /home/padikering/Documents/KERJA/penel-berandahukum/vendor/laravel/framework/src/Illuminate/Console/Application.php(94): Symfony\\Component\\Console\\Application->run()
#36 /home/padikering/Documents/KERJA/penel-berandahukum/vendor/laravel/framework/src/Illuminate/Foundation/Console/Kernel.php(129): Illuminate\\Console\\Application->run()
#37 /home/padikering/Documents/KERJA/penel-berandahukum/artisan(35): Illuminate\\Foundation\\Console\\Kernel->handle()
#38 {main}

[previous exception] [object] (PDOException(code: HY000): SQLSTATE[HY000]: General error: 1 no such table: detail_barang_masuks at /home/padikering/Documents/KERJA/penel-berandahukum/vendor/laravel/framework/src/Illuminate/Database/Connection.php:368)
[stacktrace]
#0 /home/padikering/Documents/KERJA/penel-berandahukum/vendor/laravel/framework/src/Illuminate/Database/Connection.php(368): PDO->prepare()
#1 /home/padikering/Documents/KERJA/penel-berandahukum/vendor/laravel/framework/src/Illuminate/Database/Connection.php(705): Illuminate\\Database\\Connection->{closure:Illuminate\\Database\\Connection::select():359}()
#2 /home/padikering/Documents/KERJA/penel-berandahukum/vendor/laravel/framework/src/Illuminate/Database/Connection.php(672): Illuminate\\Database\\Connection->runQueryCallback()
#3 /home/padikering/Documents/KERJA/penel-berandahukum/vendor/laravel/framework/src/Illuminate/Database/Connection.php(359): Illuminate\\Database\\Connection->run()
#4 /home/padikering/Documents/KERJA/penel-berandahukum/vendor/laravel/framework/src/Illuminate/Database/Query/Builder.php(2413): Illuminate\\Database\\Connection->select()
#5 /home/padikering/Documents/KERJA/penel-berandahukum/vendor/laravel/framework/src/Illuminate/Database/Query/Builder.php(2402): Illuminate\\Database\\Query\\Builder->runSelect()
#6 /home/padikering/Documents/KERJA/penel-berandahukum/vendor/laravel/framework/src/Illuminate/Database/Query/Builder.php(2936): Illuminate\\Database\\Query\\Builder->{closure:Illuminate\\Database\\Query\\Builder::get():2401}()
#7 /home/padikering/Documents/KERJA/penel-berandahukum/vendor/laravel/framework/src/Illuminate/Database/Query/Builder.php(2401): Illuminate\\Database\\Query\\Builder->onceWithColumns()
#8 /home/padikering/Documents/KERJA/penel-berandahukum/vendor/laravel/framework/src/Illuminate/Database/Eloquent/Builder.php(625): Illuminate\\Database\\Query\\Builder->get()
#9 /home/padikering/Documents/KERJA/penel-berandahukum/vendor/laravel/framework/src/Illuminate/Database/Eloquent/Builder.php(609): Illuminate\\Database\\Eloquent\\Builder->getModels()
#10 /home/padikering/Documents/KERJA/penel-berandahukum/vendor/laravel/framework/src/Illuminate/Database/Concerns/BuildsQueries.php(294): Illuminate\\Database\\Eloquent\\Builder->get()
#11 /home/padikering/Documents/KERJA/penel-berandahukum/vendor/laravel/framework/src/Illuminate/Database/Eloquent/Builder.php(474): Illuminate\\Database\\Eloquent\\Builder->first()
#12 /home/padikering/Documents/KERJA/penel-berandahukum/vendor/laravel/framework/src/Illuminate/Database/Eloquent/Builder.php(508): Illuminate\\Database\\Eloquent\\Builder->firstOrNew()
#13 /home/padikering/Documents/KERJA/penel-berandahukum/vendor/laravel/framework/src/Illuminate/Support/Traits/ForwardsCalls.php(23): Illuminate\\Database\\Eloquent\\Builder->updateOrCreate()
#14 /home/padikering/Documents/KERJA/penel-berandahukum/vendor/laravel/framework/src/Illuminate/Database/Eloquent/Model.php(2132): Illuminate\\Database\\Eloquent\\Model->forwardCallTo()
#15 /home/padikering/Documents/KERJA/penel-berandahukum/vendor/laravel/framework/src/Illuminate/Database/Eloquent/Model.php(2144): Illuminate\\Database\\Eloquent\\Model->__call()
#16 /home/padikering/Documents/KERJA/penel-berandahukum/database/seeders/ComprehensiveDatabaseSeeder.php(327): Illuminate\\Database\\Eloquent\\Model::__callStatic()
#17 /home/padikering/Documents/KERJA/penel-berandahukum/vendor/laravel/framework/src/Illuminate/Container/BoundMethod.php(36): Database\\Seeders\\ComprehensiveDatabaseSeeder->run()
#18 /home/padikering/Documents/KERJA/penel-berandahukum/vendor/laravel/framework/src/Illuminate/Container/Util.php(40): Illuminate\\Container\\BoundMethod::{closure:Illuminate\\Container\\BoundMethod::call():35}()
#19 /home/padikering/Documents/KERJA/penel-berandahukum/vendor/laravel/framework/src/Illuminate/Container/BoundMethod.php(93): Illuminate\\Container\\Util::unwrapIfClosure()
#20 /home/padikering/Documents/KERJA/penel-berandahukum/vendor/laravel/framework/src/Illuminate/Container/BoundMethod.php(35): Illuminate\\Container\\BoundMethod::callBoundMethod()
#21 /home/padikering/Documents/KERJA/penel-berandahukum/vendor/laravel/framework/src/Illuminate/Container/Container.php(653): Illuminate\\Container\\BoundMethod::call()
#22 /home/padikering/Documents/KERJA/penel-berandahukum/vendor/laravel/framework/src/Illuminate/Database/Seeder.php(149): Illuminate\\Container\\Container->call()
#23 /home/padikering/Documents/KERJA/penel-berandahukum/vendor/laravel/framework/src/Illuminate/Database/Console/Seeds/SeedCommand.php(66): Illuminate\\Database\\Seeder->__invoke()
#24 /home/padikering/Documents/KERJA/penel-berandahukum/vendor/laravel/framework/src/Illuminate/Database/Eloquent/Concerns/GuardsAttributes.php(157): Illuminate\\Database\\Console\\Seeds\\SeedCommand->{closure:Illuminate\\Database\\Console\\Seeds\\SeedCommand::handle():65}()
#25 /home/padikering/Documents/KERJA/penel-berandahukum/vendor/laravel/framework/src/Illuminate/Database/Console/Seeds/SeedCommand.php(65): Illuminate\\Database\\Eloquent\\Model::unguarded()
#26 /home/padikering/Documents/KERJA/penel-berandahukum/vendor/laravel/framework/src/Illuminate/Container/BoundMethod.php(36): Illuminate\\Database\\Console\\Seeds\\SeedCommand->handle()
#27 /home/padikering/Documents/KERJA/penel-berandahukum/vendor/laravel/framework/src/Illuminate/Container/Util.php(40): Illuminate\\Container\\BoundMethod::{closure:Illuminate\\Container\\BoundMethod::call():35}()
#28 /home/padikering/Documents/KERJA/penel-berandahukum/vendor/laravel/framework/src/Illuminate/Container/BoundMethod.php(93): Illuminate\\Container\\Util::unwrapIfClosure()
#29 /home/padikering/Documents/KERJA/penel-berandahukum/vendor/laravel/framework/src/Illuminate/Container/BoundMethod.php(35): Illuminate\\Container\\BoundMethod::callBoundMethod()
#30 /home/padikering/Documents/KERJA/penel-berandahukum/vendor/laravel/framework/src/Illuminate/Container/Container.php(653): Illuminate\\Container\\BoundMethod::call()
#31 /home/padikering/Documents/KERJA/penel-berandahukum/vendor/laravel/framework/src/Illuminate/Console/Command.php(136): Illuminate\\Container\\Container->call()
#32 /home/padikering/Documents/KERJA/penel-berandahukum/vendor/symfony/console/Command/Command.php(298): Illuminate\\Console\\Command->execute()
#33 /home/padikering/Documents/KERJA/penel-berandahukum/vendor/laravel/framework/src/Illuminate/Console/Command.php(120): Symfony\\Component\\Console\\Command\\Command->run()
#34 /home/padikering/Documents/KERJA/penel-berandahukum/vendor/symfony/console/Application.php(1040): Illuminate\\Console\\Command->run()
#35 /home/padikering/Documents/KERJA/penel-berandahukum/vendor/symfony/console/Application.php(301): Symfony\\Component\\Console\\Application->doRunCommand()
#36 /home/padikering/Documents/KERJA/penel-berandahukum/vendor/symfony/console/Application.php(171): Symfony\\Component\\Console\\Application->doRun()
#37 /home/padikering/Documents/KERJA/penel-berandahukum/vendor/laravel/framework/src/Illuminate/Console/Application.php(94): Symfony\\Component\\Console\\Application->run()
#38 /home/padikering/Documents/KERJA/penel-berandahukum/vendor/laravel/framework/src/Illuminate/Foundation/Console/Kernel.php(129): Illuminate\\Console\\Application->run()
#39 /home/padikering/Documents/KERJA/penel-berandahukum/artisan(35): Illuminate\\Foundation\\Console\\Kernel->handle()
#40 {main}
"} 
[2026-09-24 16:31:39] local.ERROR: SQLSTATE[23000]: Integrity constraint violation: 19 NOT NULL constraint failed: detail_barang_keluars.serial_number_id (SQL: insert into "detail_barang_keluars" ("pindah_gudang_id", "barang_id", "serial_number_id", "status", "keterangan", "updated_at", "created_at") values (1, 6, ?, 2, Transfer 2 unit Mouse ke Cabang Selatan (Selesai), 2026-09-24 16:31:39, 2026-09-24 16:31:39)) {"exception":"[object] (Illuminate\\Database\\QueryException(code: 23000): SQLSTATE[23000]: Integrity constraint violation: 19 NOT NULL constraint failed: detail_barang_keluars.serial_number_id (SQL: insert into \"detail_barang_keluars\" (\"pindah_gudang_id\", \"barang_id\", \"serial_number_id\", \"status\", \"keterangan\", \"updated_at\", \"created_at\") values (1, 6, ?, 2, Transfer 2 unit Mouse ke Cabang Selatan (Selesai), 2026-09-24 16:31:39, 2026-09-24 16:31:39)) at /home/padikering/Documents/KERJA/penel-berandahukum/vendor/laravel/framework/src/Illuminate/Database/Connection.php:712)
[stacktrace]
#0 /home/padikering/Documents/KERJA/penel-berandahukum/vendor/laravel/framework/src/Illuminate/Database/Connection.php(672): Illuminate\\Database\\Connection->runQueryCallback()
#1 /home/padikering/Documents/KERJA/penel-berandahukum/vendor/laravel/framework/src/Illuminate/Database/Connection.php(490): Illuminate\\Database\\Connection->run()
#2 /home/padikering/Documents/KERJA/penel-berandahukum/vendor/laravel/framework/src/Illuminate/Database/Connection.php(454): Illuminate\\Database\\Connection->statement()
#3 /home/padikering/Documents/KERJA/penel-berandahukum/vendor/laravel/framework/src/Illuminate/Database/Query/Processors/Processor.php(32): Illuminate\\Database\\Connection->insert()
#4 /home/padikering/Documents/KERJA/penel-berandahukum/vendor/laravel/framework/src/Illuminate/Database/Query/Builder.php(3028): Illuminate\\Database\\Query\\Processors\\Processor->processInsertGetId()
#5 /home/padikering/Documents/KERJA/penel-berandahukum/vendor/laravel/framework/src/Illuminate/Database/Eloquent/Builder.php(1657): Illuminate\\Database\\Query\\Builder->insertGetId()
#6 /home/padikering/Documents/KERJA/penel-berandahukum/vendor/laravel/framework/src/Illuminate/Database/Eloquent/Model.php(1188): Illuminate\\Database\\Eloquent\\Builder->__call()
#7 /home/padikering/Documents/KERJA/penel-berandahukum/vendor/laravel/framework/src/Illuminate/Database/Eloquent/Model.php(1153): Illuminate\\Database\\Eloquent\\Model->insertAndSetId()
#8 /home/padikering/Documents/KERJA/penel-berandahukum/vendor/laravel/framework/src/Illuminate/Database/Eloquent/Model.php(994): Illuminate\\Database\\Eloquent\\Model->performInsert()
#9 /home/padikering/Documents/KERJA/penel-berandahukum/vendor/laravel/framework/src/Illuminate/Database/Eloquent/Builder.php(509): Illuminate\\Database\\Eloquent\\Model->save()
#10 /home/padikering/Documents/KERJA/penel-berandahukum/vendor/laravel/framework/src/Illuminate/Support/helpers.php(263): Illuminate\\Database\\Eloquent\\Builder->{closure:Illuminate\\Database\\Eloquent\\Builder::updateOrCreate():508}()
#11 /home/padikering/Documents/KERJA/penel-berandahukum/vendor/laravel/framework/src/Illuminate/Database/Eloquent/Builder.php(508): tap()
#12 /home/padikering/Documents/KERJA/penel-berandahukum/vendor/laravel/framework/src/Illuminate/Support/Traits/ForwardsCalls.php(23): Illuminate\\Database\\Eloquent\\Builder->updateOrCreate()
#13 /home/padikering/Documents/KERJA/penel-berandahukum/vendor/laravel/framework/src/Illuminate/Database/Eloquent/Model.php(2132): Illuminate\\Database\\Eloquent\\Model->forwardCallTo()
#14 /home/padikering/Documents/KERJA/penel-berandahukum/vendor/laravel/framework/src/Illuminate/Database/Eloquent/Model.php(2144): Illuminate\\Database\\Eloquent\\Model->__call()
#15 /home/padikering/Documents/KERJA/penel-berandahukum/database/seeders/ComprehensiveDatabaseSeeder.php(463): Illuminate\\Database\\Eloquent\\Model::__callStatic()
#16 /home/padikering/Documents/KERJA/penel-berandahukum/vendor/laravel/framework/src/Illuminate/Container/BoundMethod.php(36): Database\\Seeders\\ComprehensiveDatabaseSeeder->run()
#17 /home/padikering/Documents/KERJA/penel-berandahukum/vendor/laravel/framework/src/Illuminate/Container/Util.php(40): Illuminate\\Container\\BoundMethod::{closure:Illuminate\\Container\\BoundMethod::call():35}()
#18 /home/padikering/Documents/KERJA/penel-berandahukum/vendor/laravel/framework/src/Illuminate/Container/BoundMethod.php(93): Illuminate\\Container\\Util::unwrapIfClosure()
#19 /home/padikering/Documents/KERJA/penel-berandahukum/vendor/laravel/framework/src/Illuminate/Container/BoundMethod.php(35): Illuminate\\Container\\BoundMethod::callBoundMethod()
#20 /home/padikering/Documents/KERJA/penel-berandahukum/vendor/laravel/framework/src/Illuminate/Container/Container.php(653): Illuminate\\Container\\BoundMethod::call()
#21 /home/padikering/Documents/KERJA/penel-berandahukum/vendor/laravel/framework/src/Illuminate/Database/Seeder.php(149): Illuminate\\Container\\Container->call()
#22 /home/padikering/Documents/KERJA/penel-berandahukum/vendor/laravel/framework/src/Illuminate/Database/Console/Seeds/SeedCommand.php(66): Illuminate\\Database\\Seeder->__invoke()
#23 /home/padikering/Documents/KERJA/penel-berandahukum/vendor/laravel/framework/src/Illuminate/Database/Eloquent/Concerns/GuardsAttributes.php(157): Illuminate\\Database\\Console\\Seeds\\SeedCommand->{closure:Illuminate\\Database\\Console\\Seeds\\SeedCommand::handle():65}()
#24 /home/padikering/Documents/KERJA/penel-berandahukum/vendor/laravel/framework/src/Illuminate/Database/Console/Seeds/SeedCommand.php(65): Illuminate\\Database\\Eloquent\\Model::unguarded()
#25 /home/padikering/Documents/KERJA/penel-berandahukum/vendor/laravel/framework/src/Illuminate/Container/BoundMethod.php(36): Illuminate\\Database\\Console\\Seeds\\SeedCommand->handle()
#26 /home/padikering/Documents/KERJA/penel-berandahukum/vendor/laravel/framework/src/Illuminate/Container/Util.php(40): Illuminate\\Container\\BoundMethod::{closure:Illuminate\\Container\\BoundMethod::call():35}()
#27 /home/padikering/Documents/KERJA/penel-berandahukum/vendor/laravel/framework/src/Illuminate/Container/BoundMethod.php(93): Illuminate\\Container\\Util::unwrapIfClosure()
#28 /home/padikering/Documents/KERJA/penel-berandahukum/vendor/laravel/framework/src/Illuminate/Container/BoundMethod.php(35): Illuminate\\Container\\BoundMethod::callBoundMethod()
#29 /home/padikering/Documents/KERJA/penel-berandahukum/vendor/laravel/framework/src/Illuminate/Container/Container.php(653): Illuminate\\Container\\BoundMethod::call()
#30 /home/padikering/Documents/KERJA/penel-berandahukum/vendor/laravel/framework/src/Illuminate/Console/Command.php(136): Illuminate\\Container\\Container->call()
#31 /home/padikering/Documents/KERJA/penel-berandahukum/vendor/symfony/console/Command/Command.php(298): Illuminate\\Console\\Command->execute()
#32 /home/padikering/Documents/KERJA/penel-berandahukum/vendor/laravel/framework/src/Illuminate/Console/Command.php(120): Symfony\\Component\\Console\\Command\\Command->run()
#33 /home/padikering/Documents/KERJA/penel-berandahukum/vendor/symfony/console/Application.php(1040): Illuminate\\Console\\Command->run()
#34 /home/padikering/Documents/KERJA/penel-berandahukum/vendor/symfony/console/Application.php(301): Symfony\\Component\\Console\\Application->doRunCommand()
#35 /home/padikering/Documents/KERJA/penel-berandahukum/vendor/symfony/console/Application.php(171): Symfony\\Component\\Console\\Application->doRun()
#36 /home/padikering/Documents/KERJA/penel-berandahukum/vendor/laravel/framework/src/Illuminate/Console/Application.php(94): Symfony\\Component\\Console\\Application->run()
#37 /home/padikering/Documents/KERJA/penel-berandahukum/vendor/laravel/framework/src/Illuminate/Foundation/Console/Kernel.php(129): Illuminate\\Console\\Application->run()
#38 /home/padikering/Documents/KERJA/penel-berandahukum/artisan(35): Illuminate\\Foundation\\Console\\Kernel->handle()
#39 {main}

[previous exception] [object] (PDOException(code: 23000): SQLSTATE[23000]: Integrity constraint violation: 19 NOT NULL constraint failed: detail_barang_keluars.serial_number_id at /home/padikering/Documents/KERJA/penel-berandahukum/vendor/laravel/framework/src/Illuminate/Database/Connection.php:501)
[stacktrace]
#0 /home/padikering/Documents/KERJA/penel-berandahukum/vendor/laravel/framework/src/Illuminate/Database/Connection.php(501): PDOStatement->execute()
#1 /home/padikering/Documents/KERJA/penel-berandahukum/vendor/laravel/framework/src/Illuminate/Database/Connection.php(705): Illuminate\\Database\\Connection->{closure:Illuminate\\Database\\Connection::statement():490}()
#2 /home/padikering/Documents/KERJA/penel-berandahukum/vendor/laravel/framework/src/Illuminate/Database/Connection.php(672): Illuminate\\Database\\Connection->runQueryCallback()
#3 /home/padikering/Documents/KERJA/penel-berandahukum/vendor/laravel/framework/src/Illuminate/Database/Connection.php(490): Illuminate\\Database\\Connection->run()
#4 /home/padikering/Documents/KERJA/penel-berandahukum/vendor/laravel/framework/src/Illuminate/Database/Connection.php(454): Illuminate\\Database\\Connection->statement()
#5 /home/padikering/Documents/KERJA/penel-berandahukum/vendor/laravel/framework/src/Illuminate/Database/Query/Processors/Processor.php(32): Illuminate\\Database\\Connection->insert()
#6 /home/padikering/Documents/KERJA/penel-berandahukum/vendor/laravel/framework/src/Illuminate/Database/Query/Builder.php(3028): Illuminate\\Database\\Query\\Processors\\Processor->processInsertGetId()
#7 /home/padikering/Documents/KERJA/penel-berandahukum/vendor/laravel/framework/src/Illuminate/Database/Eloquent/Builder.php(1657): Illuminate\\Database\\Query\\Builder->insertGetId()
#8 /home/padikering/Documents/KERJA/penel-berandahukum/vendor/laravel/framework/src/Illuminate/Database/Eloquent/Model.php(1188): Illuminate\\Database\\Eloquent\\Builder->__call()
#9 /home/padikering/Documents/KERJA/penel-berandahukum/vendor/laravel/framework/src/Illuminate/Database/Eloquent/Model.php(1153): Illuminate\\Database\\Eloquent\\Model->insertAndSetId()
#10 /home/padikering/Documents/KERJA/penel-berandahukum/vendor/laravel/framework/src/Illuminate/Database/Eloquent/Model.php(994): Illuminate\\Database\\Eloquent\\Model->performInsert()
#11 /home/padikering/Documents/KERJA/penel-berandahukum/vendor/laravel/framework/src/Illuminate/Database/Eloquent/Builder.php(509): Illuminate\\Database\\Eloquent\\Model->save()
#12 /home/padikering/Documents/KERJA/penel-berandahukum/vendor/laravel/framework/src/Illuminate/Support/helpers.php(263): Illuminate\\Database\\Eloquent\\Builder->{closure:Illuminate\\Database\\Eloquent\\Builder::updateOrCreate():508}()
#13 /home/padikering/Documents/KERJA/penel-berandahukum/vendor/laravel/framework/src/Illuminate/Database/Eloquent/Builder.php(508): tap()
#14 /home/padikering/Documents/KERJA/penel-berandahukum/vendor/laravel/framework/src/Illuminate/Support/Traits/ForwardsCalls.php(23): Illuminate\\Database\\Eloquent\\Builder->updateOrCreate()
#15 /home/padikering/Documents/KERJA/penel-berandahukum/vendor/laravel/framework/src/Illuminate/Database/Eloquent/Model.php(2132): Illuminate\\Database\\Eloquent\\Model->forwardCallTo()
#16 /home/padikering/Documents/KERJA/penel-berandahukum/vendor/laravel/framework/src/Illuminate/Database/Eloquent/Model.php(2144): Illuminate\\Database\\Eloquent\\Model->__call()
#17 /home/padikering/Documents/KERJA/penel-berandahukum/database/seeders/ComprehensiveDatabaseSeeder.php(463): Illuminate\\Database\\Eloquent\\Model::__callStatic()
#18 /home/padikering/Documents/KERJA/penel-berandahukum/vendor/laravel/framework/src/Illuminate/Container/BoundMethod.php(36): Database\\Seeders\\ComprehensiveDatabaseSeeder->run()
#19 /home/padikering/Documents/KERJA/penel-berandahukum/vendor/laravel/framework/src/Illuminate/Container/Util.php(40): Illuminate\\Container\\BoundMethod::{closure:Illuminate\\Container\\BoundMethod::call():35}()
#20 /home/padikering/Documents/KERJA/penel-berandahukum/vendor/laravel/framework/src/Illuminate/Container/BoundMethod.php(93): Illuminate\\Container\\Util::unwrapIfClosure()
#21 /home/padikering/Documents/KERJA/penel-berandahukum/vendor/laravel/framework/src/Illuminate/Container/BoundMethod.php(35): Illuminate\\Container\\BoundMethod::callBoundMethod()
#22 /home/padikering/Documents/KERJA/penel-berandahukum/vendor/laravel/framework/src/Illuminate/Container/Container.php(653): Illuminate\\Container\\BoundMethod::call()
#23 /home/padikering/Documents/KERJA/penel-berandahukum/vendor/laravel/framework/src/Illuminate/Database/Seeder.php(149): Illuminate\\Container\\Container->call()
#24 /home/padikering/Documents/KERJA/penel-berandahukum/vendor/laravel/framework/src/Illuminate/Database/Console/Seeds/SeedCommand.php(66): Illuminate\\Database\\Seeder->__invoke()
#25 /home/padikering/Documents/KERJA/penel-berandahukum/vendor/laravel/framework/src/Illuminate/Database/Eloquent/Concerns/GuardsAttributes.php(157): Illuminate\\Database\\Console\\Seeds\\SeedCommand->{closure:Illuminate\\Database\\Console\\Seeds\\SeedCommand::handle():65}()
#26 /home/padikering/Documents/KERJA/penel-berandahukum/vendor/laravel/framework/src/Illuminate/Database/Console/Seeds/SeedCommand.php(65): Illuminate\\Database\\Eloquent\\Model::unguarded()
#27 /home/padikering/Documents/KERJA/penel-berandahukum/vendor/laravel/framework/src/Illuminate/Container/BoundMethod.php(36): Illuminate\\Database\\Console\\Seeds\\SeedCommand->handle()
#28 /home/padikering/Documents/KERJA/penel-berandahukum/vendor/laravel/framework/src/Illuminate/Container/Util.php(40): Illuminate\\Container\\BoundMethod::{closure:Illuminate\\Container\\BoundMethod::call():35}()
#29 /home/padikering/Documents/KERJA/penel-berandahukum/vendor/laravel/framework/src/Illuminate/Container/BoundMethod.php(93): Illuminate\\Container\\Util::unwrapIfClosure()
#30 /home/padikering/Documents/KERJA/penel-berandahukum/vendor/laravel/framework/src/Illuminate/Container/BoundMethod.php(35): Illuminate\\Container\\BoundMethod::callBoundMethod()
#31 /home/padikering/Documents/KERJA/penel-berandahukum/vendor/laravel/framework/src/Illuminate/Container/Container.php(653): Illuminate\\Container\\BoundMethod::call()
#32 /home/padikering/Documents/KERJA/penel-berandahukum/vendor/laravel/framework/src/Illuminate/Console/Command.php(136): Illuminate\\Container\\Container->call()
#33 /home/padikering/Documents/KERJA/penel-berandahukum/vendor/symfony/console/Command/Command.php(298): Illuminate\\Console\\Command->execute()
#34 /home/padikering/Documents/KERJA/penel-berandahukum/vendor/laravel/framework/src/Illuminate/Console/Command.php(120): Symfony\\Component\\Console\\Command\\Command->run()
#35 /home/padikering/Documents/KERJA/penel-berandahukum/vendor/symfony/console/Application.php(1040): Illuminate\\Console\\Command->run()
#36 /home/padikering/Documents/KERJA/penel-berandahukum/vendor/symfony/console/Application.php(301): Symfony\\Component\\Console\\Application->doRunCommand()
#37 /home/padikering/Documents/KERJA/penel-berandahukum/vendor/symfony/console/Application.php(171): Symfony\\Component\\Console\\Application->doRun()
#38 /home/padikering/Documents/KERJA/penel-berandahukum/vendor/laravel/framework/src/Illuminate/Console/Application.php(94): Symfony\\Component\\Console\\Application->run()
#39 /home/padikering/Documents/KERJA/penel-berandahukum/vendor/laravel/framework/src/Illuminate/Foundation/Console/Kernel.php(129): Illuminate\\Console\\Application->run()
#40 /home/padikering/Documents/KERJA/penel-berandahukum/artisan(35): Illuminate\\Foundation\\Console\\Kernel->handle()
#41 {main}
"} 
[2026-09-24 16:35:51] local.ERROR: SQLSTATE[HY000]: General error: 1 table quotations has no column named nama_sales (SQL: insert into "quotations" ("kode_quotation", "date", "nama_pembeli", "alamat_pembeli", "telepon", "toko_id", "nama_sales", "subtotal", "ppn", "status", "keterangan", "show_infopembayaran", "show_option", "option_text", "show_project", "nama_project", "updated_at", "created_at") values (QUO-2026-001, 2026-09-18, PT Sumber Cahaya Makmur, Gedung Menara Astra Lt. 12, Jakarta, 021-5551234, 1, Agus (Sales), 52500000, 5775000, 1, Penawaran paket pengadaan IT kantor cabang, 1, 0, ?, 1, Modernization Workspace 2026, 2026-09-24 16:35:51, 2026-09-24 16:35:51)) {"exception":"[object] (Illuminate\\Database\\QueryException(code: HY000): SQLSTATE[HY000]: General error: 1 table quotations has no column named nama_sales (SQL: insert into \"quotations\" (\"kode_quotation\", \"date\", \"nama_pembeli\", \"alamat_pembeli\", \"telepon\", \"toko_id\", \"nama_sales\", \"subtotal\", \"ppn\", \"status\", \"keterangan\", \"show_infopembayaran\", \"show_option\", \"option_text\", \"show_project\", \"nama_project\", \"updated_at\", \"created_at\") values (QUO-2026-001, 2026-09-18, PT Sumber Cahaya Makmur, Gedung Menara Astra Lt. 12, Jakarta, 021-5551234, 1, Agus (Sales), 52500000, 5775000, 1, Penawaran paket pengadaan IT kantor cabang, 1, 0, ?, 1, Modernization Workspace 2026, 2026-09-24 16:35:51, 2026-09-24 16:35:51)) at /home/padikering/Documents/KERJA/penel-berandahukum/vendor/laravel/framework/src/Illuminate/Database/Connection.php:712)
[stacktrace]
#0 /home/padikering/Documents/KERJA/penel-berandahukum/vendor/laravel/framework/src/Illuminate/Database/Connection.php(672): Illuminate\\Database\\Connection->runQueryCallback()
#1 /home/padikering/Documents/KERJA/penel-berandahukum/vendor/laravel/framework/src/Illuminate/Database/Connection.php(490): Illuminate\\Database\\Connection->run()
#2 /home/padikering/Documents/KERJA/penel-berandahukum/vendor/laravel/framework/src/Illuminate/Database/Connection.php(454): Illuminate\\Database\\Connection->statement()
#3 /home/padikering/Documents/KERJA/penel-berandahukum/vendor/laravel/framework/src/Illuminate/Database/Query/Processors/Processor.php(32): Illuminate\\Database\\Connection->insert()
#4 /home/padikering/Documents/KERJA/penel-berandahukum/vendor/laravel/framework/src/Illuminate/Database/Query/Builder.php(3028): Illuminate\\Database\\Query\\Processors\\Processor->processInsertGetId()
#5 /home/padikering/Documents/KERJA/penel-berandahukum/vendor/laravel/framework/src/Illuminate/Database/Eloquent/Builder.php(1657): Illuminate\\Database\\Query\\Builder->insertGetId()
#6 /home/padikering/Documents/KERJA/penel-berandahukum/vendor/laravel/framework/src/Illuminate/Database/Eloquent/Model.php(1188): Illuminate\\Database\\Eloquent\\Builder->__call()
#7 /home/padikering/Documents/KERJA/penel-berandahukum/vendor/laravel/framework/src/Illuminate/Database/Eloquent/Model.php(1153): Illuminate\\Database\\Eloquent\\Model->insertAndSetId()
#8 /home/padikering/Documents/KERJA/penel-berandahukum/vendor/laravel/framework/src/Illuminate/Database/Eloquent/Model.php(994): Illuminate\\Database\\Eloquent\\Model->performInsert()
#9 /home/padikering/Documents/KERJA/penel-berandahukum/vendor/laravel/framework/src/Illuminate/Database/Eloquent/Builder.php(509): Illuminate\\Database\\Eloquent\\Model->save()
#10 /home/padikering/Documents/KERJA/penel-berandahukum/vendor/laravel/framework/src/Illuminate/Support/helpers.php(263): Illuminate\\Database\\Eloquent\\Builder->{closure:Illuminate\\Database\\Eloquent\\Builder::updateOrCreate():508}()
#11 /home/padikering/Documents/KERJA/penel-berandahukum/vendor/laravel/framework/src/Illuminate/Database/Eloquent/Builder.php(508): tap()
#12 /home/padikering/Documents/KERJA/penel-berandahukum/vendor/laravel/framework/src/Illuminate/Support/Traits/ForwardsCalls.php(23): Illuminate\\Database\\Eloquent\\Builder->updateOrCreate()
#13 /home/padikering/Documents/KERJA/penel-berandahukum/vendor/laravel/framework/src/Illuminate/Database/Eloquent/Model.php(2132): Illuminate\\Database\\Eloquent\\Model->forwardCallTo()
#14 /home/padikering/Documents/KERJA/penel-berandahukum/vendor/laravel/framework/src/Illuminate/Database/Eloquent/Model.php(2144): Illuminate\\Database\\Eloquent\\Model->__call()
#15 /home/padikering/Documents/KERJA/penel-berandahukum/database/seeders/ComprehensiveDatabaseSeeder.php(576): Illuminate\\Database\\Eloquent\\Model::__callStatic()
#16 /home/padikering/Documents/KERJA/penel-berandahukum/vendor/laravel/framework/src/Illuminate/Container/BoundMethod.php(36): Database\\Seeders\\ComprehensiveDatabaseSeeder->run()
#17 /home/padikering/Documents/KERJA/penel-berandahukum/vendor/laravel/framework/src/Illuminate/Container/Util.php(40): Illuminate\\Container\\BoundMethod::{closure:Illuminate\\Container\\BoundMethod::call():35}()
#18 /home/padikering/Documents/KERJA/penel-berandahukum/vendor/laravel/framework/src/Illuminate/Container/BoundMethod.php(93): Illuminate\\Container\\Util::unwrapIfClosure()
#19 /home/padikering/Documents/KERJA/penel-berandahukum/vendor/laravel/framework/src/Illuminate/Container/BoundMethod.php(35): Illuminate\\Container\\BoundMethod::callBoundMethod()
#20 /home/padikering/Documents/KERJA/penel-berandahukum/vendor/laravel/framework/src/Illuminate/Container/Container.php(653): Illuminate\\Container\\BoundMethod::call()
#21 /home/padikering/Documents/KERJA/penel-berandahukum/vendor/laravel/framework/src/Illuminate/Database/Seeder.php(149): Illuminate\\Container\\Container->call()
#22 /home/padikering/Documents/KERJA/penel-berandahukum/vendor/laravel/framework/src/Illuminate/Database/Console/Seeds/SeedCommand.php(66): Illuminate\\Database\\Seeder->__invoke()
#23 /home/padikering/Documents/KERJA/penel-berandahukum/vendor/laravel/framework/src/Illuminate/Database/Eloquent/Concerns/GuardsAttributes.php(157): Illuminate\\Database\\Console\\Seeds\\SeedCommand->{closure:Illuminate\\Database\\Console\\Seeds\\SeedCommand::handle():65}()
#24 /home/padikering/Documents/KERJA/penel-berandahukum/vendor/laravel/framework/src/Illuminate/Database/Console/Seeds/SeedCommand.php(65): Illuminate\\Database\\Eloquent\\Model::unguarded()
#25 /home/padikering/Documents/KERJA/penel-berandahukum/vendor/laravel/framework/src/Illuminate/Container/BoundMethod.php(36): Illuminate\\Database\\Console\\Seeds\\SeedCommand->handle()
#26 /home/padikering/Documents/KERJA/penel-berandahukum/vendor/laravel/framework/src/Illuminate/Container/Util.php(40): Illuminate\\Container\\BoundMethod::{closure:Illuminate\\Container\\BoundMethod::call():35}()
#27 /home/padikering/Documents/KERJA/penel-berandahukum/vendor/laravel/framework/src/Illuminate/Container/BoundMethod.php(93): Illuminate\\Container\\Util::unwrapIfClosure()
#28 /home/padikering/Documents/KERJA/penel-berandahukum/vendor/laravel/framework/src/Illuminate/Container/BoundMethod.php(35): Illuminate\\Container\\BoundMethod::callBoundMethod()
#29 /home/padikering/Documents/KERJA/penel-berandahukum/vendor/laravel/framework/src/Illuminate/Container/Container.php(653): Illuminate\\Container\\BoundMethod::call()
#30 /home/padikering/Documents/KERJA/penel-berandahukum/vendor/laravel/framework/src/Illuminate/Console/Command.php(136): Illuminate\\Container\\Container->call()
#31 /home/padikering/Documents/KERJA/penel-berandahukum/vendor/symfony/console/Command/Command.php(298): Illuminate\\Console\\Command->execute()
#32 /home/padikering/Documents/KERJA/penel-berandahukum/vendor/laravel/framework/src/Illuminate/Console/Command.php(120): Symfony\\Component\\Console\\Command\\Command->run()
#33 /home/padikering/Documents/KERJA/penel-berandahukum/vendor/symfony/console/Application.php(1040): Illuminate\\Console\\Command->run()
#34 /home/padikering/Documents/KERJA/penel-berandahukum/vendor/symfony/console/Application.php(301): Symfony\\Component\\Console\\Application->doRunCommand()
#35 /home/padikering/Documents/KERJA/penel-berandahukum/vendor/symfony/console/Application.php(171): Symfony\\Component\\Console\\Application->doRun()
#36 /home/padikering/Documents/KERJA/penel-berandahukum/vendor/laravel/framework/src/Illuminate/Console/Application.php(94): Symfony\\Component\\Console\\Application->run()
#37 /home/padikering/Documents/KERJA/penel-berandahukum/vendor/laravel/framework/src/Illuminate/Foundation/Console/Kernel.php(129): Illuminate\\Console\\Application->run()
#38 /home/padikering/Documents/KERJA/penel-berandahukum/artisan(35): Illuminate\\Foundation\\Console\\Kernel->handle()
#39 {main}

[previous exception] [object] (PDOException(code: HY000): SQLSTATE[HY000]: General error: 1 table quotations has no column named nama_sales at /home/padikering/Documents/KERJA/penel-berandahukum/vendor/laravel/framework/src/Illuminate/Database/Connection.php:495)
[stacktrace]
#0 /home/padikering/Documents/KERJA/penel-berandahukum/vendor/laravel/framework/src/Illuminate/Database/Connection.php(495): PDO->prepare()
#1 /home/padikering/Documents/KERJA/penel-berandahukum/vendor/laravel/framework/src/Illuminate/Database/Connection.php(705): Illuminate\\Database\\Connection->{closure:Illuminate\\Database\\Connection::statement():490}()
#2 /home/padikering/Documents/KERJA/penel-berandahukum/vendor/laravel/framework/src/Illuminate/Database/Connection.php(672): Illuminate\\Database\\Connection->runQueryCallback()
#3 /home/padikering/Documents/KERJA/penel-berandahukum/vendor/laravel/framework/src/Illuminate/Database/Connection.php(490): Illuminate\\Database\\Connection->run()
#4 /home/padikering/Documents/KERJA/penel-berandahukum/vendor/laravel/framework/src/Illuminate/Database/Connection.php(454): Illuminate\\Database\\Connection->statement()
#5 /home/padikering/Documents/KERJA/penel-berandahukum/vendor/laravel/framework/src/Illuminate/Database/Query/Processors/Processor.php(32): Illuminate\\Database\\Connection->insert()
#6 /home/padikering/Documents/KERJA/penel-berandahukum/vendor/laravel/framework/src/Illuminate/Database/Query/Builder.php(3028): Illuminate\\Database\\Query\\Processors\\Processor->processInsertGetId()
#7 /home/padikering/Documents/KERJA/penel-berandahukum/vendor/laravel/framework/src/Illuminate/Database/Eloquent/Builder.php(1657): Illuminate\\Database\\Query\\Builder->insertGetId()
#8 /home/padikering/Documents/KERJA/penel-berandahukum/vendor/laravel/framework/src/Illuminate/Database/Eloquent/Model.php(1188): Illuminate\\Database\\Eloquent\\Builder->__call()
#9 /home/padikering/Documents/KERJA/penel-berandahukum/vendor/laravel/framework/src/Illuminate/Database/Eloquent/Model.php(1153): Illuminate\\Database\\Eloquent\\Model->insertAndSetId()
#10 /home/padikering/Documents/KERJA/penel-berandahukum/vendor/laravel/framework/src/Illuminate/Database/Eloquent/Model.php(994): Illuminate\\Database\\Eloquent\\Model->performInsert()
#11 /home/padikering/Documents/KERJA/penel-berandahukum/vendor/laravel/framework/src/Illuminate/Database/Eloquent/Builder.php(509): Illuminate\\Database\\Eloquent\\Model->save()
#12 /home/padikering/Documents/KERJA/penel-berandahukum/vendor/laravel/framework/src/Illuminate/Support/helpers.php(263): Illuminate\\Database\\Eloquent\\Builder->{closure:Illuminate\\Database\\Eloquent\\Builder::updateOrCreate():508}()
#13 /home/padikering/Documents/KERJA/penel-berandahukum/vendor/laravel/framework/src/Illuminate/Database/Eloquent/Builder.php(508): tap()
#14 /home/padikering/Documents/KERJA/penel-berandahukum/vendor/laravel/framework/src/Illuminate/Support/Traits/ForwardsCalls.php(23): Illuminate\\Database\\Eloquent\\Builder->updateOrCreate()
#15 /home/padikering/Documents/KERJA/penel-berandahukum/vendor/laravel/framework/src/Illuminate/Database/Eloquent/Model.php(2132): Illuminate\\Database\\Eloquent\\Model->forwardCallTo()
#16 /home/padikering/Documents/KERJA/penel-berandahukum/vendor/laravel/framework/src/Illuminate/Database/Eloquent/Model.php(2144): Illuminate\\Database\\Eloquent\\Model->__call()
#17 /home/padikering/Documents/KERJA/penel-berandahukum/database/seeders/ComprehensiveDatabaseSeeder.php(576): Illuminate\\Database\\Eloquent\\Model::__callStatic()
#18 /home/padikering/Documents/KERJA/penel-berandahukum/vendor/laravel/framework/src/Illuminate/Container/BoundMethod.php(36): Database\\Seeders\\ComprehensiveDatabaseSeeder->run()
#19 /home/padikering/Documents/KERJA/penel-berandahukum/vendor/laravel/framework/src/Illuminate/Container/Util.php(40): Illuminate\\Container\\BoundMethod::{closure:Illuminate\\Container\\BoundMethod::call():35}()
#20 /home/padikering/Documents/KERJA/penel-berandahukum/vendor/laravel/framework/src/Illuminate/Container/BoundMethod.php(93): Illuminate\\Container\\Util::unwrapIfClosure()
#21 /home/padikering/Documents/KERJA/penel-berandahukum/vendor/laravel/framework/src/Illuminate/Container/BoundMethod.php(35): Illuminate\\Container\\BoundMethod::callBoundMethod()
#22 /home/padikering/Documents/KERJA/penel-berandahukum/vendor/laravel/framework/src/Illuminate/Container/Container.php(653): Illuminate\\Container\\BoundMethod::call()
#23 /home/padikering/Documents/KERJA/penel-berandahukum/vendor/laravel/framework/src/Illuminate/Database/Seeder.php(149): Illuminate\\Container\\Container->call()
#24 /home/padikering/Documents/KERJA/penel-berandahukum/vendor/laravel/framework/src/Illuminate/Database/Console/Seeds/SeedCommand.php(66): Illuminate\\Database\\Seeder->__invoke()
#25 /home/padikering/Documents/KERJA/penel-berandahukum/vendor/laravel/framework/src/Illuminate/Database/Eloquent/Concerns/GuardsAttributes.php(157): Illuminate\\Database\\Console\\Seeds\\SeedCommand->{closure:Illuminate\\Database\\Console\\Seeds\\SeedCommand::handle():65}()
#26 /home/padikering/Documents/KERJA/penel-berandahukum/vendor/laravel/framework/src/Illuminate/Database/Console/Seeds/SeedCommand.php(65): Illuminate\\Database\\Eloquent\\Model::unguarded()
#27 /home/padikering/Documents/KERJA/penel-berandahukum/vendor/laravel/framework/src/Illuminate/Container/BoundMethod.php(36): Illuminate\\Database\\Console\\Seeds\\SeedCommand->handle()
#28 /home/padikering/Documents/KERJA/penel-berandahukum/vendor/laravel/framework/src/Illuminate/Container/Util.php(40): Illuminate\\Container\\BoundMethod::{closure:Illuminate\\Container\\BoundMethod::call():35}()
#29 /home/padikering/Documents/KERJA/penel-berandahukum/vendor/laravel/framework/src/Illuminate/Container/BoundMethod.php(93): Illuminate\\Container\\Util::unwrapIfClosure()
#30 /home/padikering/Documents/KERJA/penel-berandahukum/vendor/laravel/framework/src/Illuminate/Container/BoundMethod.php(35): Illuminate\\Container\\BoundMethod::callBoundMethod()
#31 /home/padikering/Documents/KERJA/penel-berandahukum/vendor/laravel/framework/src/Illuminate/Container/Container.php(653): Illuminate\\Container\\BoundMethod::call()
#32 /home/padikering/Documents/KERJA/penel-berandahukum/vendor/laravel/framework/src/Illuminate/Console/Command.php(136): Illuminate\\Container\\Container->call()
#33 /home/padikering/Documents/KERJA/penel-berandahukum/vendor/symfony/console/Command/Command.php(298): Illuminate\\Console\\Command->execute()
#34 /home/padikering/Documents/KERJA/penel-berandahukum/vendor/laravel/framework/src/Illuminate/Console/Command.php(120): Symfony\\Component\\Console\\Command\\Command->run()
#35 /home/padikering/Documents/KERJA/penel-berandahukum/vendor/symfony/console/Application.php(1040): Illuminate\\Console\\Command->run()
#36 /home/padikering/Documents/KERJA/penel-berandahukum/vendor/symfony/console/Application.php(301): Symfony\\Component\\Console\\Application->doRunCommand()
#37 /home/padikering/Documents/KERJA/penel-berandahukum/vendor/symfony/console/Application.php(171): Symfony\\Component\\Console\\Application->doRun()
#38 /home/padikering/Documents/KERJA/penel-berandahukum/vendor/laravel/framework/src/Illuminate/Console/Application.php(94): Symfony\\Component\\Console\\Application->run()
#39 /home/padikering/Documents/KERJA/penel-berandahukum/vendor/laravel/framework/src/Illuminate/Foundation/Console/Kernel.php(129): Illuminate\\Console\\Application->run()
#40 /home/padikering/Documents/KERJA/penel-berandahukum/artisan(35): Illuminate\\Foundation\\Console\\Kernel->handle()
#41 {main}
"} 
[2026-09-24 16:36:36] local.ERROR: SQLSTATE[HY000]: General error: 1 table penjualans has no column named tlp_pembeli (SQL: insert into "penjualans" ("kode_penjualan", "date", "nama_pembeli", "alamat_pembeli", "tlp_pembeli", "metode_pembayaran", "toko_id", "payment_status", "discount_type", "discount_value", "waktu", "subtotal", "total_pembayaran", "dp_payment", "nama_sales", "ppn", "sisa", "status", "keterangan", "show_infopembayaran", "show_option", "option_text", "show_project", "nama_project", "updated_at", "created_at") values (SO-2026-001, 2026-09-20, PT Maju Bersama Digital, Rukan Grand Galaxy Blok A No. 10, Bekasi, 081399887766, Transfer Bank, 1, Lunas, Nominal, 500000, 0, 30050000, 29550000, 0, Agus (Sales), 0, 0, 1, Penjualan 1 unit ROG dan 1 unit Mouse Logitech, 1, 0, ?, 0, ?, 2026-09-24 16:36:36, 2026-09-24 16:36:36)) {"exception":"[object] (Illuminate\\Database\\QueryException(code: HY000): SQLSTATE[HY000]: General error: 1 table penjualans has no column named tlp_pembeli (SQL: insert into \"penjualans\" (\"kode_penjualan\", \"date\", \"nama_pembeli\", \"alamat_pembeli\", \"tlp_pembeli\", \"metode_pembayaran\", \"toko_id\", \"payment_status\", \"discount_type\", \"discount_value\", \"waktu\", \"subtotal\", \"total_pembayaran\", \"dp_payment\", \"nama_sales\", \"ppn\", \"sisa\", \"status\", \"keterangan\", \"show_infopembayaran\", \"show_option\", \"option_text\", \"show_project\", \"nama_project\", \"updated_at\", \"created_at\") values (SO-2026-001, 2026-09-20, PT Maju Bersama Digital, Rukan Grand Galaxy Blok A No. 10, Bekasi, 081399887766, Transfer Bank, 1, Lunas, Nominal, 500000, 0, 30050000, 29550000, 0, Agus (Sales), 0, 0, 1, Penjualan 1 unit ROG dan 1 unit Mouse Logitech, 1, 0, ?, 0, ?, 2026-09-24 16:36:36, 2026-09-24 16:36:36)) at /home/padikering/Documents/KERJA/penel-berandahukum/vendor/laravel/framework/src/Illuminate/Database/Connection.php:712)
[stacktrace]
#0 /home/padikering/Documents/KERJA/penel-berandahukum/vendor/laravel/framework/src/Illuminate/Database/Connection.php(672): Illuminate\\Database\\Connection->runQueryCallback()
#1 /home/padikering/Documents/KERJA/penel-berandahukum/vendor/laravel/framework/src/Illuminate/Database/Connection.php(490): Illuminate\\Database\\Connection->run()
#2 /home/padikering/Documents/KERJA/penel-berandahukum/vendor/laravel/framework/src/Illuminate/Database/Connection.php(454): Illuminate\\Database\\Connection->statement()
#3 /home/padikering/Documents/KERJA/penel-berandahukum/vendor/laravel/framework/src/Illuminate/Database/Query/Processors/Processor.php(32): Illuminate\\Database\\Connection->insert()
#4 /home/padikering/Documents/KERJA/penel-berandahukum/vendor/laravel/framework/src/Illuminate/Database/Query/Builder.php(3028): Illuminate\\Database\\Query\\Processors\\Processor->processInsertGetId()
#5 /home/padikering/Documents/KERJA/penel-berandahukum/vendor/laravel/framework/src/Illuminate/Database/Eloquent/Builder.php(1657): Illuminate\\Database\\Query\\Builder->insertGetId()
#6 /home/padikering/Documents/KERJA/penel-berandahukum/vendor/laravel/framework/src/Illuminate/Database/Eloquent/Model.php(1188): Illuminate\\Database\\Eloquent\\Builder->__call()
#7 /home/padikering/Documents/KERJA/penel-berandahukum/vendor/laravel/framework/src/Illuminate/Database/Eloquent/Model.php(1153): Illuminate\\Database\\Eloquent\\Model->insertAndSetId()
#8 /home/padikering/Documents/KERJA/penel-berandahukum/vendor/laravel/framework/src/Illuminate/Database/Eloquent/Model.php(994): Illuminate\\Database\\Eloquent\\Model->performInsert()
#9 /home/padikering/Documents/KERJA/penel-berandahukum/vendor/laravel/framework/src/Illuminate/Database/Eloquent/Builder.php(509): Illuminate\\Database\\Eloquent\\Model->save()
#10 /home/padikering/Documents/KERJA/penel-berandahukum/vendor/laravel/framework/src/Illuminate/Support/helpers.php(263): Illuminate\\Database\\Eloquent\\Builder->{closure:Illuminate\\Database\\Eloquent\\Builder::updateOrCreate():508}()
#11 /home/padikering/Documents/KERJA/penel-berandahukum/vendor/laravel/framework/src/Illuminate/Database/Eloquent/Builder.php(508): tap()
#12 /home/padikering/Documents/KERJA/penel-berandahukum/vendor/laravel/framework/src/Illuminate/Support/Traits/ForwardsCalls.php(23): Illuminate\\Database\\Eloquent\\Builder->updateOrCreate()
#13 /home/padikering/Documents/KERJA/penel-berandahukum/vendor/laravel/framework/src/Illuminate/Database/Eloquent/Model.php(2132): Illuminate\\Database\\Eloquent\\Model->forwardCallTo()
#14 /home/padikering/Documents/KERJA/penel-berandahukum/vendor/laravel/framework/src/Illuminate/Database/Eloquent/Model.php(2144): Illuminate\\Database\\Eloquent\\Model->__call()
#15 /home/padikering/Documents/KERJA/penel-berandahukum/database/seeders/ComprehensiveDatabaseSeeder.php(622): Illuminate\\Database\\Eloquent\\Model::__callStatic()
#16 /home/padikering/Documents/KERJA/penel-berandahukum/vendor/laravel/framework/src/Illuminate/Container/BoundMethod.php(36): Database\\Seeders\\ComprehensiveDatabaseSeeder->run()
#17 /home/padikering/Documents/KERJA/penel-berandahukum/vendor/laravel/framework/src/Illuminate/Container/Util.php(40): Illuminate\\Container\\BoundMethod::{closure:Illuminate\\Container\\BoundMethod::call():35}()
#18 /home/padikering/Documents/KERJA/penel-berandahukum/vendor/laravel/framework/src/Illuminate/Container/BoundMethod.php(93): Illuminate\\Container\\Util::unwrapIfClosure()
#19 /home/padikering/Documents/KERJA/penel-berandahukum/vendor/laravel/framework/src/Illuminate/Container/BoundMethod.php(35): Illuminate\\Container\\BoundMethod::callBoundMethod()
#20 /home/padikering/Documents/KERJA/penel-berandahukum/vendor/laravel/framework/src/Illuminate/Container/Container.php(653): Illuminate\\Container\\BoundMethod::call()
#21 /home/padikering/Documents/KERJA/penel-berandahukum/vendor/laravel/framework/src/Illuminate/Database/Seeder.php(149): Illuminate\\Container\\Container->call()
#22 /home/padikering/Documents/KERJA/penel-berandahukum/vendor/laravel/framework/src/Illuminate/Database/Console/Seeds/SeedCommand.php(66): Illuminate\\Database\\Seeder->__invoke()
#23 /home/padikering/Documents/KERJA/penel-berandahukum/vendor/laravel/framework/src/Illuminate/Database/Eloquent/Concerns/GuardsAttributes.php(157): Illuminate\\Database\\Console\\Seeds\\SeedCommand->{closure:Illuminate\\Database\\Console\\Seeds\\SeedCommand::handle():65}()
#24 /home/padikering/Documents/KERJA/penel-berandahukum/vendor/laravel/framework/src/Illuminate/Database/Console/Seeds/SeedCommand.php(65): Illuminate\\Database\\Eloquent\\Model::unguarded()
#25 /home/padikering/Documents/KERJA/penel-berandahukum/vendor/laravel/framework/src/Illuminate/Container/BoundMethod.php(36): Illuminate\\Database\\Console\\Seeds\\SeedCommand->handle()
#26 /home/padikering/Documents/KERJA/penel-berandahukum/vendor/laravel/framework/src/Illuminate/Container/Util.php(40): Illuminate\\Container\\BoundMethod::{closure:Illuminate\\Container\\BoundMethod::call():35}()
#27 /home/padikering/Documents/KERJA/penel-berandahukum/vendor/laravel/framework/src/Illuminate/Container/BoundMethod.php(93): Illuminate\\Container\\Util::unwrapIfClosure()
#28 /home/padikering/Documents/KERJA/penel-berandahukum/vendor/laravel/framework/src/Illuminate/Container/BoundMethod.php(35): Illuminate\\Container\\BoundMethod::callBoundMethod()
#29 /home/padikering/Documents/KERJA/penel-berandahukum/vendor/laravel/framework/src/Illuminate/Container/Container.php(653): Illuminate\\Container\\BoundMethod::call()
#30 /home/padikering/Documents/KERJA/penel-berandahukum/vendor/laravel/framework/src/Illuminate/Console/Command.php(136): Illuminate\\Container\\Container->call()
#31 /home/padikering/Documents/KERJA/penel-berandahukum/vendor/symfony/console/Command/Command.php(298): Illuminate\\Console\\Command->execute()
#32 /home/padikering/Documents/KERJA/penel-berandahukum/vendor/laravel/framework/src/Illuminate/Console/Command.php(120): Symfony\\Component\\Console\\Command\\Command->run()
#33 /home/padikering/Documents/KERJA/penel-berandahukum/vendor/symfony/console/Application.php(1040): Illuminate\\Console\\Command->run()
#34 /home/padikering/Documents/KERJA/penel-berandahukum/vendor/symfony/console/Application.php(301): Symfony\\Component\\Console\\Application->doRunCommand()
#35 /home/padikering/Documents/KERJA/penel-berandahukum/vendor/symfony/console/Application.php(171): Symfony\\Component\\Console\\Application->doRun()
#36 /home/padikering/Documents/KERJA/penel-berandahukum/vendor/laravel/framework/src/Illuminate/Console/Application.php(94): Symfony\\Component\\Console\\Application->run()
#37 /home/padikering/Documents/KERJA/penel-berandahukum/vendor/laravel/framework/src/Illuminate/Foundation/Console/Kernel.php(129): Illuminate\\Console\\Application->run()
#38 /home/padikering/Documents/KERJA/penel-berandahukum/artisan(35): Illuminate\\Foundation\\Console\\Kernel->handle()
#39 {main}

[previous exception] [object] (PDOException(code: HY000): SQLSTATE[HY000]: General error: 1 table penjualans has no column named tlp_pembeli at /home/padikering/Documents/KERJA/penel-berandahukum/vendor/laravel/framework/src/Illuminate/Database/Connection.php:495)
[stacktrace]
#0 /home/padikering/Documents/KERJA/penel-berandahukum/vendor/laravel/framework/src/Illuminate/Database/Connection.php(495): PDO->prepare()
#1 /home/padikering/Documents/KERJA/penel-berandahukum/vendor/laravel/framework/src/Illuminate/Database/Connection.php(705): Illuminate\\Database\\Connection->{closure:Illuminate\\Database\\Connection::statement():490}()
#2 /home/padikering/Documents/KERJA/penel-berandahukum/vendor/laravel/framework/src/Illuminate/Database/Connection.php(672): Illuminate\\Database\\Connection->runQueryCallback()
#3 /home/padikering/Documents/KERJA/penel-berandahukum/vendor/laravel/framework/src/Illuminate/Database/Connection.php(490): Illuminate\\Database\\Connection->run()
#4 /home/padikering/Documents/KERJA/penel-berandahukum/vendor/laravel/framework/src/Illuminate/Database/Connection.php(454): Illuminate\\Database\\Connection->statement()
#5 /home/padikering/Documents/KERJA/penel-berandahukum/vendor/laravel/framework/src/Illuminate/Database/Query/Processors/Processor.php(32): Illuminate\\Database\\Connection->insert()
#6 /home/padikering/Documents/KERJA/penel-berandahukum/vendor/laravel/framework/src/Illuminate/Database/Query/Builder.php(3028): Illuminate\\Database\\Query\\Processors\\Processor->processInsertGetId()
#7 /home/padikering/Documents/KERJA/penel-berandahukum/vendor/laravel/framework/src/Illuminate/Database/Eloquent/Builder.php(1657): Illuminate\\Database\\Query\\Builder->insertGetId()
#8 /home/padikering/Documents/KERJA/penel-berandahukum/vendor/laravel/framework/src/Illuminate/Database/Eloquent/Model.php(1188): Illuminate\\Database\\Eloquent\\Builder->__call()
#9 /home/padikering/Documents/KERJA/penel-berandahukum/vendor/laravel/framework/src/Illuminate/Database/Eloquent/Model.php(1153): Illuminate\\Database\\Eloquent\\Model->insertAndSetId()
#10 /home/padikering/Documents/KERJA/penel-berandahukum/vendor/laravel/framework/src/Illuminate/Database/Eloquent/Model.php(994): Illuminate\\Database\\Eloquent\\Model->performInsert()
#11 /home/padikering/Documents/KERJA/penel-berandahukum/vendor/laravel/framework/src/Illuminate/Database/Eloquent/Builder.php(509): Illuminate\\Database\\Eloquent\\Model->save()
#12 /home/padikering/Documents/KERJA/penel-berandahukum/vendor/laravel/framework/src/Illuminate/Support/helpers.php(263): Illuminate\\Database\\Eloquent\\Builder->{closure:Illuminate\\Database\\Eloquent\\Builder::updateOrCreate():508}()
#13 /home/padikering/Documents/KERJA/penel-berandahukum/vendor/laravel/framework/src/Illuminate/Database/Eloquent/Builder.php(508): tap()
#14 /home/padikering/Documents/KERJA/penel-berandahukum/vendor/laravel/framework/src/Illuminate/Support/Traits/ForwardsCalls.php(23): Illuminate\\Database\\Eloquent\\Builder->updateOrCreate()
#15 /home/padikering/Documents/KERJA/penel-berandahukum/vendor/laravel/framework/src/Illuminate/Database/Eloquent/Model.php(2132): Illuminate\\Database\\Eloquent\\Model->forwardCallTo()
#16 /home/padikering/Documents/KERJA/penel-berandahukum/vendor/laravel/framework/src/Illuminate/Database/Eloquent/Model.php(2144): Illuminate\\Database\\Eloquent\\Model->__call()
#17 /home/padikering/Documents/KERJA/penel-berandahukum/database/seeders/ComprehensiveDatabaseSeeder.php(622): Illuminate\\Database\\Eloquent\\Model::__callStatic()
#18 /home/padikering/Documents/KERJA/penel-berandahukum/vendor/laravel/framework/src/Illuminate/Container/BoundMethod.php(36): Database\\Seeders\\ComprehensiveDatabaseSeeder->run()
#19 /home/padikering/Documents/KERJA/penel-berandahukum/vendor/laravel/framework/src/Illuminate/Container/Util.php(40): Illuminate\\Container\\BoundMethod::{closure:Illuminate\\Container\\BoundMethod::call():35}()
#20 /home/padikering/Documents/KERJA/penel-berandahukum/vendor/laravel/framework/src/Illuminate/Container/BoundMethod.php(93): Illuminate\\Container\\Util::unwrapIfClosure()
#21 /home/padikering/Documents/KERJA/penel-berandahukum/vendor/laravel/framework/src/Illuminate/Container/BoundMethod.php(35): Illuminate\\Container\\BoundMethod::callBoundMethod()
#22 /home/padikering/Documents/KERJA/penel-berandahukum/vendor/laravel/framework/src/Illuminate/Container/Container.php(653): Illuminate\\Container\\BoundMethod::call()
#23 /home/padikering/Documents/KERJA/penel-berandahukum/vendor/laravel/framework/src/Illuminate/Database/Seeder.php(149): Illuminate\\Container\\Container->call()
#24 /home/padikering/Documents/KERJA/penel-berandahukum/vendor/laravel/framework/src/Illuminate/Database/Console/Seeds/SeedCommand.php(66): Illuminate\\Database\\Seeder->__invoke()
#25 /home/padikering/Documents/KERJA/penel-berandahukum/vendor/laravel/framework/src/Illuminate/Database/Eloquent/Concerns/GuardsAttributes.php(157): Illuminate\\Database\\Console\\Seeds\\SeedCommand->{closure:Illuminate\\Database\\Console\\Seeds\\SeedCommand::handle():65}()
#26 /home/padikering/Documents/KERJA/penel-berandahukum/vendor/laravel/framework/src/Illuminate/Database/Console/Seeds/SeedCommand.php(65): Illuminate\\Database\\Eloquent\\Model::unguarded()
#27 /home/padikering/Documents/KERJA/penel-berandahukum/vendor/laravel/framework/src/Illuminate/Container/BoundMethod.php(36): Illuminate\\Database\\Console\\Seeds\\SeedCommand->handle()
#28 /home/padikering/Documents/KERJA/penel-berandahukum/vendor/laravel/framework/src/Illuminate/Container/Util.php(40): Illuminate\\Container\\BoundMethod::{closure:Illuminate\\Container\\BoundMethod::call():35}()
#29 /home/padikering/Documents/KERJA/penel-berandahukum/vendor/laravel/framework/src/Illuminate/Container/BoundMethod.php(93): Illuminate\\Container\\Util::unwrapIfClosure()
#30 /home/padikering/Documents/KERJA/penel-berandahukum/vendor/laravel/framework/src/Illuminate/Container/BoundMethod.php(35): Illuminate\\Container\\BoundMethod::callBoundMethod()
#31 /home/padikering/Documents/KERJA/penel-berandahukum/vendor/laravel/framework/src/Illuminate/Container/Container.php(653): Illuminate\\Container\\BoundMethod::call()
#32 /home/padikering/Documents/KERJA/penel-berandahukum/vendor/laravel/framework/src/Illuminate/Console/Command.php(136): Illuminate\\Container\\Container->call()
#33 /home/padikering/Documents/KERJA/penel-berandahukum/vendor/symfony/console/Command/Command.php(298): Illuminate\\Console\\Command->execute()
#34 /home/padikering/Documents/KERJA/penel-berandahukum/vendor/laravel/framework/src/Illuminate/Console/Command.php(120): Symfony\\Component\\Console\\Command\\Command->run()
#35 /home/padikering/Documents/KERJA/penel-berandahukum/vendor/symfony/console/Application.php(1040): Illuminate\\Console\\Command->run()
#36 /home/padikering/Documents/KERJA/penel-berandahukum/vendor/symfony/console/Application.php(301): Symfony\\Component\\Console\\Application->doRunCommand()
#37 /home/padikering/Documents/KERJA/penel-berandahukum/vendor/symfony/console/Application.php(171): Symfony\\Component\\Console\\Application->doRun()
#38 /home/padikering/Documents/KERJA/penel-berandahukum/vendor/laravel/framework/src/Illuminate/Console/Application.php(94): Symfony\\Component\\Console\\Application->run()
#39 /home/padikering/Documents/KERJA/penel-berandahukum/vendor/laravel/framework/src/Illuminate/Foundation/Console/Kernel.php(129): Illuminate\\Console\\Application->run()
#40 /home/padikering/Documents/KERJA/penel-berandahukum/artisan(35): Illuminate\\Foundation\\Console\\Kernel->handle()
#41 {main}
"} 
[2026-09-24 16:37:27] local.ERROR: Undefined variable $adminUser {"exception":"[object] (ErrorException(code: 0): Undefined variable $adminUser at /home/padikering/Documents/KERJA/penel-berandahukum/database/seeders/ComprehensiveDatabaseSeeder.php:584)
[stacktrace]
#0 /home/padikering/Documents/KERJA/penel-berandahukum/database/seeders/ComprehensiveDatabaseSeeder.php(584): Illuminate\\Foundation\\Bootstrap\\HandleExceptions->handleError()
#1 /home/padikering/Documents/KERJA/penel-berandahukum/vendor/laravel/framework/src/Illuminate/Container/BoundMethod.php(36): Database\\Seeders\\ComprehensiveDatabaseSeeder->run()
#2 /home/padikering/Documents/KERJA/penel-berandahukum/vendor/laravel/framework/src/Illuminate/Container/Util.php(40): Illuminate\\Container\\BoundMethod::{closure:Illuminate\\Container\\BoundMethod::call():35}()
#3 /home/padikering/Documents/KERJA/penel-berandahukum/vendor/laravel/framework/src/Illuminate/Container/BoundMethod.php(93): Illuminate\\Container\\Util::unwrapIfClosure()
#4 /home/padikering/Documents/KERJA/penel-berandahukum/vendor/laravel/framework/src/Illuminate/Container/BoundMethod.php(35): Illuminate\\Container\\BoundMethod::callBoundMethod()
#5 /home/padikering/Documents/KERJA/penel-berandahukum/vendor/laravel/framework/src/Illuminate/Container/Container.php(653): Illuminate\\Container\\BoundMethod::call()
#6 /home/padikering/Documents/KERJA/penel-berandahukum/vendor/laravel/framework/src/Illuminate/Database/Seeder.php(149): Illuminate\\Container\\Container->call()
#7 /home/padikering/Documents/KERJA/penel-berandahukum/vendor/laravel/framework/src/Illuminate/Database/Console/Seeds/SeedCommand.php(66): Illuminate\\Database\\Seeder->__invoke()
#8 /home/padikering/Documents/KERJA/penel-berandahukum/vendor/laravel/framework/src/Illuminate/Database/Eloquent/Concerns/GuardsAttributes.php(157): Illuminate\\Database\\Console\\Seeds\\SeedCommand->{closure:Illuminate\\Database\\Console\\Seeds\\SeedCommand::handle():65}()
#9 /home/padikering/Documents/KERJA/penel-berandahukum/vendor/laravel/framework/src/Illuminate/Database/Console/Seeds/SeedCommand.php(65): Illuminate\\Database\\Eloquent\\Model::unguarded()
#10 /home/padikering/Documents/KERJA/penel-berandahukum/vendor/laravel/framework/src/Illuminate/Container/BoundMethod.php(36): Illuminate\\Database\\Console\\Seeds\\SeedCommand->handle()
#11 /home/padikering/Documents/KERJA/penel-berandahukum/vendor/laravel/framework/src/Illuminate/Container/Util.php(40): Illuminate\\Container\\BoundMethod::{closure:Illuminate\\Container\\BoundMethod::call():35}()
#12 /home/padikering/Documents/KERJA/penel-berandahukum/vendor/laravel/framework/src/Illuminate/Container/BoundMethod.php(93): Illuminate\\Container\\Util::unwrapIfClosure()
#13 /home/padikering/Documents/KERJA/penel-berandahukum/vendor/laravel/framework/src/Illuminate/Container/BoundMethod.php(35): Illuminate\\Container\\BoundMethod::callBoundMethod()
#14 /home/padikering/Documents/KERJA/penel-berandahukum/vendor/laravel/framework/src/Illuminate/Container/Container.php(653): Illuminate\\Container\\BoundMethod::call()
#15 /home/padikering/Documents/KERJA/penel-berandahukum/vendor/laravel/framework/src/Illuminate/Console/Command.php(136): Illuminate\\Container\\Container->call()
#16 /home/padikering/Documents/KERJA/penel-berandahukum/vendor/symfony/console/Command/Command.php(298): Illuminate\\Console\\Command->execute()
#17 /home/padikering/Documents/KERJA/penel-berandahukum/vendor/laravel/framework/src/Illuminate/Console/Command.php(120): Symfony\\Component\\Console\\Command\\Command->run()
#18 /home/padikering/Documents/KERJA/penel-berandahukum/vendor/symfony/console/Application.php(1040): Illuminate\\Console\\Command->run()
#19 /home/padikering/Documents/KERJA/penel-berandahukum/vendor/symfony/console/Application.php(301): Symfony\\Component\\Console\\Application->doRunCommand()
#20 /home/padikering/Documents/KERJA/penel-berandahukum/vendor/symfony/console/Application.php(171): Symfony\\Component\\Console\\Application->doRun()
#21 /home/padikering/Documents/KERJA/penel-berandahukum/vendor/laravel/framework/src/Illuminate/Console/Application.php(94): Symfony\\Component\\Console\\Application->run()
#22 /home/padikering/Documents/KERJA/penel-berandahukum/vendor/laravel/framework/src/Illuminate/Foundation/Console/Kernel.php(129): Illuminate\\Console\\Application->run()
#23 /home/padikering/Documents/KERJA/penel-berandahukum/artisan(35): Illuminate\\Foundation\\Console\\Kernel->handle()
#24 {main}
"} 
